"Date","Time","Line","tsNs","id","ability","detected_level","event_type","filename","job","module","nist_control","service_name","status"
2026-09-23T14:04:10.659Z,1790172250659,"{""timestamp"": ""2026-09-23T14:04:10.279671Z"", ""module"": ""Search Soul"", ""nist_function"": ""IDENTIFY"", ""event_type"": ""target_lock_acquired"", ""target_ip"": ""192.168.1.157"", ""status"": ""UP"", ""scanner_host"": ""kali""}",1790172250659921282,1790172250659921282_3e2cbe9c,scope_gun,unknown,target_lock_acquired,/var/log/search_soul_recon.log,search_man,Search Soul,identify,search_man,UP
2026-09-23T14:04:10.659Z,1790172250659,"{""timestamp"": ""2026-09-23T14:04:10.279282Z"", ""module"": ""Search Soul"", ""nist_function"": ""IDENTIFY"", ""event_type"": ""target_lock_acquired"", ""target_ip"": ""192.168.1.103"", ""status"": ""UP"", ""scanner_host"": ""kali""}",1790172250659907059,1790172250659907059_32761ce3,scope_gun,unknown,target_lock_acquired,/var/log/search_soul_recon.log,search_man,Search Soul,identify,search_man,UP
2026-09-23T14:04:10.405Z,1790172250405,"{""timestamp"": ""2026-09-23T14:04:10.278825Z"", ""module"": ""Search Soul"", ""nist_function"": ""IDENTIFY"", ""event_type"": ""target_lock_acquired"", ""target_ip"": ""192.168.1.21"", ""status"": ""UP"", ""scanner_host"": ""kali""}",1790172250405302132,1790172250405302132_bda34dac,scope_gun,unknown,target_lock_acquired,/var/log/search_soul_recon.log,search_man,Search Soul,identify,search_man,UP
2026-09-23T14:04:10.405Z,1790172250405,"{""timestamp"": ""2026-09-23T14:04:10.277955Z"", ""module"": ""Search Soul"", ""nist_function"": ""IDENTIFY"", ""event_type"": ""target_lock_acquired"", ""target_ip"": ""192.168.1.16"", ""status"": ""UP"", ""scanner_host"": ""kali""}",1790172250405279459,1790172250405279459_fb4d3739,scope_gun,unknown,target_lock_acquired,/var/log/search_soul_recon.log,search_man,Search Soul,identify,search_man,UP
2026-09-23T14:04:10.405Z,1790172250405,"{""timestamp"": ""2026-09-23T14:04:10.221513Z"", ""module"": ""Search Soul"", ""nist_function"": ""IDENTIFY"", ""event_type"": ""target_lock_acquired"", ""target_ip"": ""192.168.1.1"", ""status"": ""UP"", ""scanner_host"": ""kali""}",1790172250405230428,1790172250405230428_9f4787ae,scope_gun,unknown,target_lock_acquired,/var/log/search_soul_recon.log,search_man,Search Soul,identify,search_man,UP
2026-09-23T13:59:34.557Z,1790171974557,"{""ts"":1790085036.199737,""peer"":""zeek"",""metric_type"":""gauge"",""name"":""zeek_active_sessions"",""labels"":[""protocol""],""label_values"":[""tcp""],""value"":8.0}",1790171974557058177,1790171974557058177_339deebc,target_acquisition,unknown,,/opt/zeek/logs/current/telemetry.log,search_man,,detect,search_man,
2026-09-23T13:59:34.557Z,1790171974557,"{""ts"":1790085036.199737,""peer"":""zeek"",""metric_type"":""gauge"",""name"":""zeek_active_sessions"",""labels"":[""protocol""],""label_values"":[""udp""],""value"":11.0}",1790171974557023269,1790171974557023269_64b08fe,target_acquisition,unknown,,/opt/zeek/logs/current/telemetry.log,search_man,,detect,search_man,
2026-09-23T13:59:34.556Z,1790171974556,"{""ts"":1790085036.199737,""peer"":""zeek"",""metric_type"":""gauge"",""name"":""zeek_active_sessions"",""labels"":[""protocol""],""label_values"":[""icmp""],""value"":7.0}",1790171974556932982,1790171974556932982_774ca147,target_acquisition,unknown,,/opt/zeek/logs/current/telemetry.log,search_man,,detect,search_man,
2026-09-23T13:59:34.556Z,1790171974556,"{""ts"":1790085036.199737,""peer"":""zeek"",""metric_type"":""gauge"",""name"":""zeek_pending_triggers"",""labels"":[],""label_values"":[],""value"":0.0}",1790171974556916449,1790171974556916449_d4f94720,target_acquisition,unknown,,/opt/zeek/logs/current/telemetry.log,search_man,,detect,search_man,
2026-09-23T13:59:34.556Z,1790171974556,"{""ts"":1790085036.199737,""peer"":""zeek"",""metric_type"":""gauge"",""name"":""zeek_dnsmgr_cache_entries"",""labels"":[""type""],""label_values"":[""host""],""value"":0.0}",1790171974556911375,1790171974556911375_98c2a412,target_acquisition,unknown,,/opt/zeek/logs/current/telemetry.log,search_man,,detect,search_man,
2026-09-23T13:59:34.556Z,1790171974556,"{""ts"":1790085036.199737,""peer"":""zeek"",""metric_type"":""gauge"",""name"":""zeek_dnsmgr_cache_entries"",""labels"":[""type""],""label_values"":[""address""],""value"":0.0}",1790171974556841966,1790171974556841966_c286515c,target_acquisition,unknown,,/opt/zeek/logs/current/telemetry.log,search_man,,detect,search_man,
2026-09-23T13:59:34.556Z,1790171974556,"{""ts"":1790085036.199737,""peer"":""zeek"",""metric_type"":""gauge"",""name"":""zeek_dnsmgr_cache_entries"",""labels"":[""type""],""label_values"":[""text""],""value"":0.0}",1790171974556827252,1790171974556827252_8a6390f9,target_acquisition,unknown,,/opt/zeek/logs/current/telemetry.log,search_man,,detect,search_man,
2026-09-23T13:59:34.556Z,1790171974556,"{""ts"":1790085036.199737,""peer"":""zeek"",""metric_type"":""gauge"",""name"":""zeek_dnsmgr_pending_asyncs_requests"",""labels"":[],""label_values"":[],""value"":0.0}",1790171974556815065,1790171974556815065_1683bcd5,target_acquisition,unknown,,/opt/zeek/logs/current/telemetry.log,search_man,,detect,search_man,
2026-09-23T13:59:34.556Z,1790171974556,"{""ts"":1790085036.199737,""peer"":""zeek"",""metric_type"":""gauge"",""name"":""zeek_timers_pending"",""labels"":[""type""],""label_values"":[""TCPConnectionPartialClose""],""value"":0.0}",1790171974556805695,1790171974556805695_f1e58ffd,target_acquisition,unknown,,/opt/zeek/logs/current/telemetry.log,search_man,,detect,search_man,
2026-09-23T13:59:34.556Z,1790171974556,"{""ts"":1790085036.199737,""peer"":""zeek"",""metric_type"":""gauge"",""name"":""zeek_timers_pending"",""labels"":[""type""],""label_values"":[""TCPConnectionAttemptTimer""],""value"":1.0}",1790171974556801069,1790171974556801069_f04a29ef,target_acquisition,unknown,,/opt/zeek/logs/current/telemetry.log,search_man,,detect,search_man,
2026-09-23T13:59:34.556Z,1790171974556,"{""ts"":1790085036.199737,""peer"":""zeek"",""metric_type"":""gauge"",""name"":""zeek_timers_pending"",""labels"":[""type""],""label_values"":[""TableValTimer""],""value"":36.0}",1790171974556731489,1790171974556731489_3278c36c,target_acquisition,unknown,,/opt/zeek/logs/current/telemetry.log,search_man,,detect,search_man,
2026-09-23T13:59:34.556Z,1790171974556,"{""ts"":1790085036.199737,""peer"":""zeek"",""metric_type"":""gauge"",""name"":""zeek_timers_pending"",""labels"":[""type""],""label_values"":[""TriggerTimer""],""value"":0.0}",1790171974556715787,1790171974556715787_3f6d9378,target_acquisition,unknown,,/opt/zeek/logs/current/telemetry.log,search_man,,detect,search_man,
2026-09-23T13:59:34.556Z,1790171974556,"{""ts"":1790085036.199737,""peer"":""zeek"",""metric_type"":""gauge"",""name"":""zeek_timers_pending"",""labels"":[""type""],""label_values"":[""ConnectionDeleteTimer""],""value"":0.0}",1790171974556704010,1790171974556704010_6c33552d,target_acquisition,unknown,,/opt/zeek/logs/current/telemetry.log,search_man,,detect,search_man,
2026-09-23T13:59:34.556Z,1790171974556,"{""ts"":1790085036.199737,""peer"":""zeek"",""metric_type"":""gauge"",""name"":""zeek_timers_pending"",""labels"":[""type""],""label_values"":[""RPCExpireTimer""],""value"":0.0}",1790171974556694390,1790171974556694390_2da0b6cc,target_acquisition,unknown,,/opt/zeek/logs/current/telemetry.log,search_man,,detect,search_man,
2026-09-23T13:59:34.556Z,1790171974556,"{""ts"":1790085036.199737,""peer"":""zeek"",""metric_type"":""gauge"",""name"":""zeek_timers_pending"",""labels"":[""type""],""label_values"":[""NTPExpireTimer""],""value"":0.0}",1790171974556689210,1790171974556689210_7eb928d1,target_acquisition,unknown,,/opt/zeek/logs/current/telemetry.log,search_man,,detect,search_man,
2026-09-23T13:59:34.556Z,1790171974556,"{""ts"":1790085036.199737,""peer"":""zeek"",""metric_type"":""gauge"",""name"":""zeek_timers_pending"",""labels"":[""type""],""label_values"":[""ScheduleTimer""],""value"":6.0}",1790171974556587372,1790171974556587372_bf524acd,target_acquisition,unknown,,/opt/zeek/logs/current/telemetry.log,search_man,,detect,search_man,
2026-09-23T13:59:34.556Z,1790171974556,"{""ts"":1790085036.199737,""peer"":""zeek"",""metric_type"":""gauge"",""name"":""zeek_timers_pending"",""labels"":[""type""],""label_values"":[""TCPConnectionDeleteTimer""],""value"":0.0}",1790171974556525772,1790171974556525772_746192e8,target_acquisition,unknown,,/opt/zeek/logs/current/telemetry.log,search_man,,detect,search_man,
2026-09-23T13:59:34.556Z,1790171974556,"{""ts"":1790085036.199737,""peer"":""zeek"",""metric_type"":""gauge"",""name"":""zeek_timers_pending"",""labels"":[""type""],""label_values"":[""ConnTupleWeirdTimer""],""value"":0.0}",1790171974556508650,1790171974556508650_ca3ed223,target_acquisition,unknown,,/opt/zeek/logs/current/telemetry.log,search_man,,detect,search_man,
2026-09-23T13:59:34.556Z,1790171974556,"{""ts"":1790085036.199737,""peer"":""zeek"",""metric_type"":""gauge"",""name"":""zeek_timers_pending"",""labels"":[""type""],""label_values"":[""TCPConnectionResetTimer""],""value"":0.0}",1790171974556490484,1790171974556490484_80e218f0,target_acquisition,unknown,,/opt/zeek/logs/current/telemetry.log,search_man,,detect,search_man,
2026-09-23T13:59:34.556Z,1790171974556,"{""ts"":1790085036.199737,""peer"":""zeek"",""metric_type"":""gauge"",""name"":""zeek_timers_pending"",""labels"":[""type""],""label_values"":[""RemoveConnection""],""value"":0.0}",1790171974556477646,1790171974556477646_2817357,target_acquisition,unknown,,/opt/zeek/logs/current/telemetry.log,search_man,,detect,search_man,
2026-09-23T13:59:34.556Z,1790171974556,"{""ts"":1790085036.199737,""peer"":""zeek"",""metric_type"":""gauge"",""name"":""zeek_timers_pending"",""labels"":[""type""],""label_values"":[""NetworkTimer""],""value"":0.0}",1790171974556471179,1790171974556471179_8088f31a,target_acquisition,unknown,,/opt/zeek/logs/current/telemetry.log,search_man,,detect,search_man,
2026-09-23T13:59:34.556Z,1790171974556,"{""ts"":1790085036.199737,""peer"":""zeek"",""metric_type"":""gauge"",""name"":""zeek_timers_pending"",""labels"":[""type""],""label_values"":[""NetbiosExpireTimer""],""value"":0.0}",1790171974556371969,1790171974556371969_6194d41f,target_acquisition,unknown,,/opt/zeek/logs/current/telemetry.log,search_man,,detect,search_man,
2026-09-23T13:59:34.556Z,1790171974556,"{""ts"":1790085036.199737,""peer"":""zeek"",""metric_type"":""gauge"",""name"":""zeek_timers_pending"",""labels"":[""type""],""label_values"":[""BackdoorTimer""],""value"":0.0}",1790171974556346272,1790171974556346272_59704d41,target_acquisition,unknown,,/opt/zeek/logs/current/telemetry.log,search_man,,detect,search_man,
2026-09-23T13:59:34.556Z,1790171974556,"{""ts"":1790085036.199737,""peer"":""zeek"",""metric_type"":""gauge"",""name"":""zeek_timers_pending"",""labels"":[""type""],""label_values"":[""BreakpointTimer""],""value"":0.0}",1790171974556333700,1790171974556333700_5a75d74d,target_acquisition,unknown,,/opt/zeek/logs/current/telemetry.log,search_man,,detect,search_man,
2026-09-23T13:59:34.556Z,1790171974556,"{""ts"":1790085036.199737,""peer"":""zeek"",""metric_type"":""gauge"",""name"":""zeek_timers_pending"",""labels"":[""type""],""label_values"":[""ConnectionExpireTimer""],""value"":0.0}",1790171974556322683,1790171974556322683_3be91629,target_acquisition,unknown,,/opt/zeek/logs/current/telemetry.log,search_man,,detect,search_man,
2026-09-23T13:59:34.556Z,1790171974556,"{""ts"":1790085036.199737,""peer"":""zeek"",""metric_type"":""gauge"",""name"":""zeek_timers_pending"",""labels"":[""type""],""label_values"":[""ProfileTimer""],""value"":0.0}",1790171974556310410,1790171974556310410_f11a28e9,target_acquisition,unknown,,/opt/zeek/logs/current/telemetry.log,search_man,,detect,search_man,
2026-09-23T13:59:34.556Z,1790171974556,"{""ts"":1790085036.199737,""peer"":""zeek"",""metric_type"":""gauge"",""name"":""zeek_timers_pending"",""labels"":[""type""],""label_values"":[""UnknownProtocolExpire""],""value"":0.0}",1790171974556238975,1790171974556238975_9aa5789a,target_acquisition,unknown,,/opt/zeek/logs/current/telemetry.log,search_man,,detect,search_man,
2026-09-23T13:59:34.556Z,1790171974556,"{""ts"":1790085036.199737,""peer"":""zeek"",""metric_type"":""gauge"",""name"":""zeek_timers_pending"",""labels"":[""type""],""label_values"":[""DNSExpireTimer""],""value"":2.0}",1790171974556219189,1790171974556219189_752e293e,target_acquisition,unknown,,/opt/zeek/logs/current/telemetry.log,search_man,,detect,search_man,
2026-09-23T13:59:34.556Z,1790171974556,"{""ts"":1790085036.199737,""peer"":""zeek"",""metric_type"":""gauge"",""name"":""zeek_timers_pending"",""labels"":[""type""],""label_values"":[""IPTunnelInactivityTimer""],""value"":0.0}",1790171974556202046,1790171974556202046_998f4b33,target_acquisition,unknown,,/opt/zeek/logs/current/telemetry.log,search_man,,detect,search_man,
2026-09-23T13:59:34.556Z,1790171974556,"{""ts"":1790085036.199737,""peer"":""zeek"",""metric_type"":""gauge"",""name"":""zeek_timers_pending"",""labels"":[""type""],""label_values"":[""InterconnTimer""],""value"":0.0}",1790171974556152824,1790171974556152824_311b2ab8,target_acquisition,unknown,,/opt/zeek/logs/current/telemetry.log,search_man,,detect,search_man,
2026-09-23T13:59:34.556Z,1790171974556,"{""ts"":1790085036.199737,""peer"":""zeek"",""metric_type"":""gauge"",""name"":""zeek_timers_pending"",""labels"":[""type""],""label_values"":[""NetWeirdTimer""],""value"":0.0}",1790171974556145835,1790171974556145835_1a0f8b6,target_acquisition,unknown,,/opt/zeek/logs/current/telemetry.log,search_man,,detect,search_man,
2026-09-23T13:59:34.556Z,1790171974556,"{""ts"":1790085036.199737,""peer"":""zeek"",""metric_type"":""gauge"",""name"":""zeek_timers_pending"",""labels"":[""type""],""label_values"":[""LogFlushWriteBufferTimer""],""value"":1.0}",1790171974556064652,1790171974556064652_8390b600,target_acquisition,unknown,,/opt/zeek/logs/current/telemetry.log,search_man,,detect,search_man,
2026-09-23T13:59:34.556Z,1790171974556,"{""ts"":1790085036.199737,""peer"":""zeek"",""metric_type"":""gauge"",""name"":""zeek_timers_pending"",""labels"":[""type""],""label_values"":[""ConnectionStatusUpdateTimer""],""value"":0.0}",1790171974556045314,1790171974556045314_54c47099,target_acquisition,unknown,,/opt/zeek/logs/current/telemetry.log,search_man,,detect,search_man,
2026-09-23T13:59:34.556Z,1790171974556,"{""ts"":1790085036.199737,""peer"":""zeek"",""metric_type"":""gauge"",""name"":""zeek_timers_pending"",""labels"":[""type""],""label_values"":[""TCPConnectionExpireTimer""],""value"":8.0}",1790171974556002012,1790171974556002012_54728cb8,target_acquisition,unknown,,/opt/zeek/logs/current/telemetry.log,search_man,,detect,search_man,
2026-09-23T13:59:34.555Z,1790171974555,"{""ts"":1790085036.199737,""peer"":""zeek"",""metric_type"":""gauge"",""name"":""zeek_timers_pending"",""labels"":[""type""],""label_values"":[""ConnectionInactivityTimer""],""value"":26.0}",1790171974555988938,1790171974555988938_f06dec54,target_acquisition,unknown,,/opt/zeek/logs/current/telemetry.log,search_man,,detect,search_man,
2026-09-23T13:59:34.555Z,1790171974555,"{""ts"":1790085036.199737,""peer"":""zeek"",""metric_type"":""gauge"",""name"":""zeek_timers_pending"",""labels"":[""type""],""label_values"":[""StorageExpire""],""value"":1.0}",1790171974555983031,1790171974555983031_af02759e,target_acquisition,unknown,,/opt/zeek/logs/current/telemetry.log,search_man,,detect,search_man,
2026-09-23T13:59:34.555Z,1790171974555,"{""ts"":1790085036.199737,""peer"":""zeek"",""metric_type"":""gauge"",""name"":""zeek_timers_pending"",""labels"":[""type""],""label_values"":[""FileAnalysisInactivityTimer""],""value"":0.0}",1790171974555924059,1790171974555924059_400175f0,target_acquisition,unknown,,/opt/zeek/logs/current/telemetry.log,search_man,,detect,search_man,
2026-09-23T13:59:34.555Z,1790171974555,"{""ts"":1790085036.199737,""peer"":""zeek"",""metric_type"":""gauge"",""name"":""zeek_timers_pending"",""labels"":[""type""],""label_values"":[""FlowWeirdTimer""],""value"":0.0}",1790171974555905723,1790171974555905723_9b2a8009,target_acquisition,unknown,,/opt/zeek/logs/current/telemetry.log,search_man,,detect,search_man,
2026-09-23T13:59:34.555Z,1790171974555,"{""ts"":1790085036.199737,""peer"":""zeek"",""metric_type"":""gauge"",""name"":""zeek_timers_pending"",""labels"":[""type""],""label_values"":[""RotateTimer""],""value"":16.0}",1790171974555889490,1790171974555889490_a100a476,target_acquisition,unknown,,/opt/zeek/logs/current/telemetry.log,search_man,,detect,search_man,
2026-09-23T13:59:34.555Z,1790171974555,"{""ts"":1790085036.199737,""peer"":""zeek"",""metric_type"":""gauge"",""name"":""zeek_timers_pending"",""labels"":[""type""],""label_values"":[""FragTimer""],""value"":0.0}",1790171974555876231,1790171974555876231_cedc7b8e,target_acquisition,unknown,,/opt/zeek/logs/current/telemetry.log,search_man,,detect,search_man,
2026-09-23T13:59:34.555Z,1790171974555,"{""ts"":1790085036.199737,""peer"":""zeek"",""metric_type"":""gauge"",""name"":""zeek_timers_pending"",""labels"":[""type""],""label_values"":[""ParentProcessIDCheck""],""value"":0.0}",1790171974555859085,1790171974555859085_467195b7,target_acquisition,unknown,,/opt/zeek/logs/current/telemetry.log,search_man,,detect,search_man,
2026-09-23T13:59:34.555Z,1790171974555,"{""ts"":1790085036.199737,""peer"":""zeek"",""metric_type"":""gauge"",""name"":""zeek_timers_pending"",""labels"":[""type""],""label_values"":[""TablePublishBatchedChanges""],""value"":0.0}",1790171974555642825,1790171974555642825_e28bee34,target_acquisition,unknown,,/opt/zeek/logs/current/telemetry.log,search_man,,detect,search_man,
2026-09-23T13:59:34.555Z,1790171974555,"{""ts"":1790085036.199737,""peer"":""zeek"",""metric_type"":""gauge"",""name"":""zeek_timers_pending"",""labels"":[""type""],""label_values"":[""TimerMgrExpireTimer""],""value"":0.0}",1790171974555632197,1790171974555632197_51113e0c,target_acquisition,unknown,,/opt/zeek/logs/current/telemetry.log,search_man,,detect,search_man,
2026-09-23T13:59:34.555Z,1790171974555,"{""ts"":1790085036.199737,""peer"":""zeek"",""metric_type"":""gauge"",""name"":""zeek_timers_pending"",""labels"":[""type""],""label_values"":[""ThreadHeartbeat""],""value"":1.0}",1790171974555624577,1790171974555624577_5671eb94,target_acquisition,unknown,,/opt/zeek/logs/current/telemetry.log,search_man,,detect,search_man,
2026-09-23T13:59:34.555Z,1790171974555,"{""ts"":1790085036.199737,""peer"":""zeek"",""metric_type"":""gauge"",""name"":""zeek_timers_pending"",""labels"":[""type""],""label_values"":[""LogDelayExpire""],""value"":0.0}",1790171974555406581,1790171974555406581_d70001e9,target_acquisition,unknown,,/opt/zeek/logs/current/telemetry.log,search_man,,detect,search_man,
2026-09-23T13:59:34.555Z,1790171974555,"{""ts"":1790085036.199737,""peer"":""zeek"",""metric_type"":""gauge"",""name"":""zeek_timers_lag_time_seconds"",""labels"":[],""label_values"":[],""value"":0.1304149627685547}",1790171974555391580,1790171974555391580_74eec6ac,target_acquisition,unknown,,/opt/zeek/logs/current/telemetry.log,search_man,,detect,search_man,
2026-09-23T13:59:34.555Z,1790171974555,"{""ts"":1790085036.199737,""peer"":""zeek"",""metric_type"":""gauge"",""name"":""zeek_broker_pending_queries"",""labels"":[],""label_values"":[],""value"":0.0}",1790171974555378831,1790171974555378831_2a399f9f,target_acquisition,unknown,,/opt/zeek/logs/current/telemetry.log,search_man,,detect,search_man,
2026-09-23T13:59:34.555Z,1790171974555,"{""ts"":1790085036.199737,""peer"":""zeek"",""metric_type"":""gauge"",""name"":""zeek_broker_stores"",""labels"":[],""label_values"":[],""value"":1.0}",1790171974555369832,1790171974555369832_7d3edbf4,target_acquisition,unknown,,/opt/zeek/logs/current/telemetry.log,search_man,,detect,search_man,
2026-09-23T13:59:34.555Z,1790171974555,"{""ts"":1790085036.199737,""peer"":""zeek"",""metric_type"":""gauge"",""name"":""zeek_broker_peers"",""labels"":[],""label_values"":[],""value"":0.0}",1790171974555365430,1790171974555365430_45ded352,target_acquisition,unknown,,/opt/zeek/logs/current/telemetry.log,search_man,,detect,search_man,
2026-09-23T13:59:34.555Z,1790171974555,"{""ts"":1790085036.199737,""peer"":""zeek"",""metric_type"":""gauge"",""name"":""zeek_msgthread_pending_messages_out_buckets"",""labels"":[""leq""],""label_values"":[""1""],""value"":17.0}",1790171974555296331,1790171974555296331_500c3b6f,target_acquisition,unknown,,/opt/zeek/logs/current/telemetry.log,search_man,,detect,search_man,
2026-09-23T13:59:34.555Z,1790171974555,"{""ts"":1790085036.199737,""peer"":""zeek"",""metric_type"":""gauge"",""name"":""zeek_msgthread_pending_messages_out_buckets"",""labels"":[""leq""],""label_values"":[""10""],""value"":17.0}",1790171974555281006,1790171974555281006_e291229d,target_acquisition,unknown,,/opt/zeek/logs/current/telemetry.log,search_man,,detect,search_man,
2026-09-23T13:59:34.555Z,1790171974555,"{""ts"":1790085036.199737,""peer"":""zeek"",""metric_type"":""gauge"",""name"":""zeek_msgthread_pending_messages_out_buckets"",""labels"":[""leq""],""label_values"":[""100""],""value"":17.0}",1790171974555268265,1790171974555268265_64848037,target_acquisition,unknown,,/opt/zeek/logs/current/telemetry.log,search_man,,detect,search_man,
2026-09-23T13:59:34.555Z,1790171974555,"{""ts"":1790085036.199737,""peer"":""zeek"",""metric_type"":""gauge"",""name"":""zeek_msgthread_pending_messages_out_buckets"",""labels"":[""leq""],""label_values"":[""1000""],""value"":17.0}",1790171974555259311,1790171974555259311_afd98f35,target_acquisition,unknown,,/opt/zeek/logs/current/telemetry.log,search_man,,detect,search_man,
2026-09-23T13:59:34.555Z,1790171974555,"{""ts"":1790085036.199737,""peer"":""zeek"",""metric_type"":""gauge"",""name"":""zeek_msgthread_pending_messages_out_buckets"",""labels"":[""leq""],""label_values"":[""10000""],""value"":17.0}",1790171974555255050,1790171974555255050_3c8e70bf,target_acquisition,unknown,,/opt/zeek/logs/current/telemetry.log,search_man,,detect,search_man,
2026-09-23T13:59:34.555Z,1790171974555,"{""ts"":1790085036.199737,""peer"":""zeek"",""metric_type"":""gauge"",""name"":""zeek_msgthread_pending_messages_out_buckets"",""labels"":[""leq""],""label_values"":[""inf""],""value"":17.0}",1790171974555183862,1790171974555183862_dfda2097,target_acquisition,unknown,,/opt/zeek/logs/current/telemetry.log,search_man,,detect,search_man,
2026-09-23T13:59:34.555Z,1790171974555,"{""ts"":1790085036.199737,""peer"":""zeek"",""metric_type"":""gauge"",""name"":""zeek_msgthread_pending_messages_in_buckets"",""labels"":[""leq""],""label_values"":[""1""],""value"":17.0}",1790171974555159182,1790171974555159182_70bc5f78,target_acquisition,unknown,,/opt/zeek/logs/current/telemetry.log,search_man,,detect,search_man,
2026-09-23T13:59:34.555Z,1790171974555,"{""ts"":1790085036.199737,""peer"":""zeek"",""metric_type"":""gauge"",""name"":""zeek_msgthread_pending_messages_in_buckets"",""labels"":[""leq""],""label_values"":[""10""],""value"":17.0}",1790171974555146866,1790171974555146866_9c34b1fc,target_acquisition,unknown,,/opt/zeek/logs/current/telemetry.log,search_man,,detect,search_man,
2026-09-23T13:59:34.555Z,1790171974555,"{""ts"":1790085036.199737,""peer"":""zeek"",""metric_type"":""gauge"",""name"":""zeek_msgthread_pending_messages_in_buckets"",""labels"":[""leq""],""label_values"":[""100""],""value"":17.0}",1790171974555137428,1790171974555137428_5b0a8c08,target_acquisition,unknown,,/opt/zeek/logs/current/telemetry.log,search_man,,detect,search_man,
2026-09-23T13:59:34.555Z,1790171974555,"{""ts"":1790085036.199737,""peer"":""zeek"",""metric_type"":""gauge"",""name"":""zeek_msgthread_pending_messages_in_buckets"",""labels"":[""leq""],""label_values"":[""1000""],""value"":17.0}",1790171974555133179,1790171974555133179_3d45f1cc,target_acquisition,unknown,,/opt/zeek/logs/current/telemetry.log,search_man,,detect,search_man,
2026-09-23T13:59:34.555Z,1790171974555,"{""ts"":1790085036.199737,""peer"":""zeek"",""metric_type"":""gauge"",""name"":""zeek_msgthread_pending_messages_in_buckets"",""labels"":[""leq""],""label_values"":[""10000""],""value"":17.0}",1790171974555063706,1790171974555063706_69fa3e58,target_acquisition,unknown,,/opt/zeek/logs/current/telemetry.log,search_man,,detect,search_man,
2026-09-23T13:59:34.555Z,1790171974555,"{""ts"":1790085036.199737,""peer"":""zeek"",""metric_type"":""gauge"",""name"":""zeek_msgthread_pending_messages_in_buckets"",""labels"":[""leq""],""label_values"":[""inf""],""value"":17.0}",1790171974555048122,1790171974555048122_45d14394,target_acquisition,unknown,,/opt/zeek/logs/current/telemetry.log,search_man,,detect,search_man,
2026-09-23T13:59:34.555Z,1790171974555,"{""ts"":1790085036.199737,""peer"":""zeek"",""metric_type"":""gauge"",""name"":""zeek_msgthread_pending_out_messages"",""labels"":[],""label_values"":[],""value"":0.0}",1790171974555035233,1790171974555035233_dbd3b252,target_acquisition,unknown,,/opt/zeek/logs/current/telemetry.log,search_man,,detect,search_man,
2026-09-23T13:59:34.555Z,1790171974555,"{""ts"":1790085036.199737,""peer"":""zeek"",""metric_type"":""gauge"",""name"":""zeek_msgthread_pending_in_messages"",""labels"":[],""label_values"":[],""value"":0.0}",1790171974555025881,1790171974555025881_80b3550f,target_acquisition,unknown,,/opt/zeek/logs/current/telemetry.log,search_man,,detect,search_man,
2026-09-23T13:59:34.555Z,1790171974555,"{""ts"":1790085036.199737,""peer"":""zeek"",""metric_type"":""gauge"",""name"":""zeek_msgthread_active_threads"",""labels"":[],""label_values"":[],""value"":17.0}",1790171974555021311,1790171974555021311_21ef2425,target_acquisition,unknown,,/opt/zeek/logs/current/telemetry.log,search_man,,detect,search_man,
2026-09-23T13:59:34.554Z,1790171974554,"{""ts"":1790085036.199737,""peer"":""zeek"",""metric_type"":""gauge"",""name"":""zeek_net_timestamp_seconds"",""labels"":[],""label_values"":[],""value"":1790085036.199737}",1790171974554934073,1790171974554934073_217c33ca,target_acquisition,unknown,,/opt/zeek/logs/current/telemetry.log,search_man,,detect,search_man,
2026-09-23T13:59:34.554Z,1790171974554,"{""ts"":1790085036.199737,""peer"":""zeek"",""metric_type"":""gauge"",""name"":""zeek_net_packet_lag_seconds"",""labels"":[],""label_values"":[],""value"":10.437428951263428}",1790171974554919008,1790171974554919008_17c13fdb,target_acquisition,unknown,,/opt/zeek/logs/current/telemetry.log,search_man,,detect,search_man,
2026-09-23T13:59:34.554Z,1790171974554,"{""ts"":1790085036.199737,""peer"":""zeek"",""metric_type"":""gauge"",""name"":""zeek_version_info"",""labels"":[""beta"",""commit"",""debug"",""major"",""minor"",""patch"",""version_number"",""version_string""],""label_values"":[""false"",""0"",""false"",""8"",""2"",""2"",""80202"",""8.2.2""],""value"":1.0}",1790171974554907063,1790171974554907063_e5c9c214,target_acquisition,debug,,/opt/zeek/logs/current/telemetry.log,search_man,,detect,search_man,
2026-09-23T13:59:34.554Z,1790171974554,"{""ts"":1790085036.199737,""peer"":""zeek"",""metric_type"":""counter"",""name"":""zeek_total_sessions_total"",""labels"":[""protocol""],""label_values"":[""tcp""],""value"":792.0}",1790171974554897545,1790171974554897545_9e932fa2,target_acquisition,unknown,,/opt/zeek/logs/current/telemetry.log,search_man,,detect,search_man,
2026-09-23T13:59:34.554Z,1790171974554,"{""ts"":1790085036.199737,""peer"":""zeek"",""metric_type"":""counter"",""name"":""zeek_total_sessions_total"",""labels"":[""protocol""],""label_values"":[""udp""],""value"":1683.0}",1790171974554893258,1790171974554893258_ca4d14e,target_acquisition,unknown,,/opt/zeek/logs/current/telemetry.log,search_man,,detect,search_man,
2026-09-23T13:59:34.554Z,1790171974554,"{""ts"":1790085036.199737,""peer"":""zeek"",""metric_type"":""counter"",""name"":""zeek_total_sessions_total"",""labels"":[""protocol""],""label_values"":[""icmp""],""value"":414.0}",1790171974554823590,1790171974554823590_905e7fb,target_acquisition,unknown,,/opt/zeek/logs/current/telemetry.log,search_man,,detect,search_man,
2026-09-23T13:59:34.554Z,1790171974554,"{""ts"":1790085036.199737,""peer"":""zeek"",""metric_type"":""counter"",""name"":""zeek_cluster_zeromq_proxy_backend_bytes_sent_total"",""labels"":[],""label_values"":[],""value"":0.0}",1790171974554808221,1790171974554808221_b9d84dfd,target_acquisition,unknown,,/opt/zeek/logs/current/telemetry.log,search_man,,detect,search_man,
2026-09-23T13:59:34.554Z,1790171974554,"{""ts"":1790085036.199737,""peer"":""zeek"",""metric_type"":""counter"",""name"":""zeek_cluster_zeromq_proxy_backend_messages_sent_total"",""labels"":[],""label_values"":[],""value"":0.0}",1790171974554795545,1790171974554795545_433aaf3e,target_acquisition,unknown,,/opt/zeek/logs/current/telemetry.log,search_man,,detect,search_man,
2026-09-23T13:59:34.554Z,1790171974554,"{""ts"":1790085036.199737,""peer"":""zeek"",""metric_type"":""counter"",""name"":""zeek_cluster_zeromq_proxy_backend_bytes_received_total"",""labels"":[],""label_values"":[],""value"":52.0}",1790171974554786128,1790171974554786128_9a6aff1d,target_acquisition,unknown,,/opt/zeek/logs/current/telemetry.log,search_man,,detect,search_man,
2026-09-23T13:59:34.554Z,1790171974554,"{""ts"":1790085036.199737,""peer"":""zeek"",""metric_type"":""counter"",""name"":""zeek_cluster_zeromq_proxy_backend_messages_received_total"",""labels"":[],""label_values"":[],""value"":3.0}",1790171974554781809,1790171974554781809_5d4ac87c,target_acquisition,unknown,,/opt/zeek/logs/current/telemetry.log,search_man,,detect,search_man,
2026-09-23T13:59:34.554Z,1790171974554,"{""ts"":1790085036.199737,""peer"":""zeek"",""metric_type"":""counter"",""name"":""zeek_cluster_zeromq_proxy_frontend_bytes_sent_total"",""labels"":[],""label_values"":[],""value"":52.0}",1790171974554713275,1790171974554713275_c0e78bd2,target_acquisition,unknown,,/opt/zeek/logs/current/telemetry.log,search_man,,detect,search_man,
2026-09-23T13:59:34.554Z,1790171974554,"{""ts"":1790085036.199737,""peer"":""zeek"",""metric_type"":""counter"",""name"":""zeek_cluster_zeromq_proxy_frontend_messages_sent_total"",""labels"":[],""label_values"":[],""value"":3.0}",1790171974554698166,1790171974554698166_4c84c2d9,target_acquisition,unknown,,/opt/zeek/logs/current/telemetry.log,search_man,,detect,search_man,
2026-09-23T13:59:34.554Z,1790171974554,"{""ts"":1790085036.199737,""peer"":""zeek"",""metric_type"":""counter"",""name"":""zeek_cluster_zeromq_proxy_frontend_bytes_received_total"",""labels"":[],""label_values"":[],""value"":0.0}",1790171974554686816,1790171974554686816_2a01709c,target_acquisition,unknown,,/opt/zeek/logs/current/telemetry.log,search_man,,detect,search_man,
2026-09-23T13:59:34.554Z,1790171974554,"{""ts"":1790085036.199737,""peer"":""zeek"",""metric_type"":""counter"",""name"":""zeek_cluster_zeromq_proxy_frontend_messages_received_total"",""labels"":[],""label_values"":[],""value"":0.0}",1790171974554675816,1790171974554675816_2e02aefb,target_acquisition,unknown,,/opt/zeek/logs/current/telemetry.log,search_man,,detect,search_man,
2026-09-23T13:59:34.554Z,1790171974554,"{""ts"":1790085036.199737,""peer"":""zeek"",""metric_type"":""counter"",""name"":""zeek_event_handler_invocations_total"",""labels"":[""name""],""label_values"":[""x509_ocsp_ext_signed_certificate_timestamp""],""value"":15.0}",1790171974554652406,1790171974554652406_bf12582b,target_acquisition,unknown,,/opt/zeek/logs/current/telemetry.log,search_man,,detect,search_man,
2026-09-23T13:59:34.554Z,1790171974554,"{""ts"":1790085036.199737,""peer"":""zeek"",""metric_type"":""counter"",""name"":""zeek_event_handler_invocations_total"",""labels"":[""name""],""label_values"":[""file_hash""],""value"":45.0}",1790171974554562195,1790171974554562195_dc7efa9f,target_acquisition,unknown,,/opt/zeek/logs/current/telemetry.log,search_man,,detect,search_man,
2026-09-23T13:59:34.554Z,1790171974554,"{""ts"":1790085036.199737,""peer"":""zeek"",""metric_type"":""counter"",""name"":""zeek_event_handler_invocations_total"",""labels"":[""name""],""label_values"":[""x509_certificate""],""value"":15.0}",1790171974554546929,1790171974554546929_4cc9e219,target_acquisition,unknown,,/opt/zeek/logs/current/telemetry.log,search_man,,detect,search_man,
2026-09-23T13:59:34.554Z,1790171974554,"{""ts"":1790085036.199737,""peer"":""zeek"",""metric_type"":""counter"",""name"":""zeek_event_handler_invocations_total"",""labels"":[""name""],""label_values"":[""ntp_message""],""value"":8.0}",1790171974554534566,1790171974554534566_64fe27b9,target_acquisition,unknown,,/opt/zeek/logs/current/telemetry.log,search_man,,detect,search_man,
2026-09-23T13:59:34.554Z,1790171974554,"{""ts"":1790085036.199737,""peer"":""zeek"",""metric_type"":""counter"",""name"":""zeek_event_handler_invocations_total"",""labels"":[""name""],""label_values"":[""QUIC::zero_rtt_packet""],""value"":166.0}",1790171974554525649,1790171974554525649_d6a3758,target_acquisition,unknown,,/opt/zeek/logs/current/telemetry.log,search_man,,detect,search_man,
2026-09-23T13:59:34.554Z,1790171974554,"{""ts"":1790085036.199737,""peer"":""zeek"",""metric_type"":""counter"",""name"":""zeek_event_handler_invocations_total"",""labels"":[""name""],""label_values"":[""ssl_plaintext_data""],""value"":1042.0}",1790171974554521224,1790171974554521224_46ae4fed,target_acquisition,unknown,,/opt/zeek/logs/current/telemetry.log,search_man,,detect,search_man,
2026-09-23T13:59:34.554Z,1790171974554,"{""ts"":1790085036.199737,""peer"":""zeek"",""metric_type"":""counter"",""name"":""zeek_event_handler_invocations_total"",""labels"":[""name""],""label_values"":[""file_sniff""],""value"":15.0}",1790171974554452835,1790171974554452835_a3792b60,target_acquisition,unknown,,/opt/zeek/logs/current/telemetry.log,search_man,,detect,search_man,
2026-09-23T13:59:34.554Z,1790171974554,"{""ts"":1790085036.199737,""peer"":""zeek"",""metric_type"":""counter"",""name"":""zeek_event_handler_invocations_total"",""labels"":[""name""],""label_values"":[""file_over_new_connection""],""value"":15.0}",1790171974554437725,1790171974554437725_f469b848,target_acquisition,unknown,,/opt/zeek/logs/current/telemetry.log,search_man,,detect,search_man,
2026-09-23T13:59:34.554Z,1790171974554,"{""ts"":1790085036.199737,""peer"":""zeek"",""metric_type"":""counter"",""name"":""zeek_event_handler_invocations_total"",""labels"":[""name""],""label_values"":[""x509_extension""],""value"":125.0}",1790171974554425877,1790171974554425877_da906ac1,target_acquisition,unknown,,/opt/zeek/logs/current/telemetry.log,search_man,,detect,search_man,
2026-09-23T13:59:34.554Z,1790171974554,"{""ts"":1790085036.199737,""peer"":""zeek"",""metric_type"":""counter"",""name"":""zeek_event_handler_invocations_total"",""labels"":[""name""],""label_values"":[""file_new""],""value"":15.0}",1790171974554416551,1790171974554416551_cd18ce6,target_acquisition,unknown,,/opt/zeek/logs/current/telemetry.log,search_man,,detect,search_man,
2026-09-23T13:59:34.554Z,1790171974554,"{""ts"":1790085036.199737,""peer"":""zeek"",""metric_type"":""counter"",""name"":""zeek_event_handler_invocations_total"",""labels"":[""name""],""label_values"":[""ssl_ecdh_server_params""],""value"":5.0}",1790171974554411760,1790171974554411760_3237a3a,target_acquisition,unknown,,/opt/zeek/logs/current/telemetry.log,search_man,,detect,search_man,
2026-09-23T13:59:34.554Z,1790171974554,"{""ts"":1790085036.199737,""peer"":""zeek"",""metric_type"":""counter"",""name"":""zeek_event_handler_invocations_total"",""labels"":[""name""],""label_values"":[""ssl_extension_application_layer_protocol_negotiation""],""value"":309.0}",1790171974554320265,1790171974554320265_91dc8c51,target_acquisition,unknown,,/opt/zeek/logs/current/telemetry.log,search_man,,detect,search_man,
2026-09-23T13:59:34.554Z,1790171974554,"{""ts"":1790085036.199737,""peer"":""zeek"",""metric_type"":""counter"",""name"":""zeek_event_handler_invocations_total"",""labels"":[""name""],""label_values"":[""file_state_remove""],""value"":15.0}",1790171974554303900,1790171974554303900_d89ae062,target_acquisition,unknown,,/opt/zeek/logs/current/telemetry.log,search_man,,detect,search_man,
2026-09-23T13:59:34.554Z,1790171974554,"{""ts"":1790085036.199737,""peer"":""zeek"",""metric_type"":""counter"",""name"":""zeek_event_handler_invocations_total"",""labels"":[""name""],""label_values"":[""dns_message""],""value"":46703.0}",1790171974554291183,1790171974554291183_b9545480,target_acquisition,unknown,,/opt/zeek/logs/current/telemetry.log,search_man,,detect,search_man,
2026-09-23T13:59:34.554Z,1790171974554,"{""ts"":1790085036.199737,""peer"":""zeek"",""metric_type"":""counter"",""name"":""zeek_event_handler_invocations_total"",""labels"":[""name""],""label_values"":[""ssl_established""],""value"":183.0}",1790171974554281297,1790171974554281297_fb48cd2c,target_acquisition,unknown,,/opt/zeek/logs/current/telemetry.log,search_man,,detect,search_man,
2026-09-23T13:59:34.554Z,1790171974554,"{""ts"":1790085036.199737,""peer"":""zeek"",""metric_type"":""counter"",""name"":""zeek_event_handler_invocations_total"",""labels"":[""name""],""label_values"":[""dns_AAAA_reply""],""value"":75940.0}",1790171974554275345,1790171974554275345_c80dbef9,target_acquisition,unknown,,/opt/zeek/logs/current/telemetry.log,search_man,,detect,search_man,
2026-09-23T13:59:34.554Z,1790171974554,"{""ts"":1790085036.199737,""peer"":""zeek"",""metric_type"":""counter"",""name"":""zeek_event_handler_invocations_total"",""labels"":[""name""],""label_values"":[""ssl_change_cipher_spec""],""value"":374.0}",1790171974554189103,1790171974554189103_385b89ca,target_acquisition,unknown,,/opt/zeek/logs/current/telemetry.log,search_man,,detect,search_man,
2026-09-23T13:59:34.554Z,1790171974554,"{""ts"":1790085036.199737,""peer"":""zeek"",""metric_type"":""counter"",""name"":""zeek_event_handler_invocations_total"",""labels"":[""name""],""label_values"":[""dhcp_message""],""value"":25.0}",1790171974554174114,1790171974554174114_7fb6fcf3,target_acquisition,unknown,,/opt/zeek/logs/current/telemetry.log,search_man,,detect,search_man,
2026-09-23T13:59:34.554Z,1790171974554,"{""ts"":1790085036.199737,""peer"":""zeek"",""metric_type"":""counter"",""name"":""zeek_event_handler_invocations_total"",""labels"":[""name""],""label_values"":[""ssl_client_hello""],""value"":322.0}",1790171974554162263,1790171974554162263_b1a439c7,target_acquisition,unknown,,/opt/zeek/logs/current/telemetry.log,search_man,,detect,search_man,
2026-09-23T13:59:34.554Z,1790171974554,"{""ts"":1790085036.199737,""peer"":""zeek"",""metric_type"":""counter"",""name"":""zeek_event_handler_invocations_total"",""labels"":[""name""],""label_values"":[""zeek_init""],""value"":1.0}",1790171974554152996,1790171974554152996_17040a7e,target_acquisition,unknown,,/opt/zeek/logs/current/telemetry.log,search_man,,detect,search_man,
2026-09-23T13:59:34.554Z,1790171974554,"{""ts"":1790085036.199737,""peer"":""zeek"",""metric_type"":""counter"",""name"":""zeek_event_handler_invocations_total"",""labels"":[""name""],""label_values"":[""ssl_extension_server_name""],""value"":322.0}",1790171974554148597,1790171974554148597_8b052d78,target_acquisition,unknown,,/opt/zeek/logs/current/telemetry.log,search_man,,detect,search_man,
2026-09-23T13:59:34.554Z,1790171974554,"{""ts"":1790085036.199737,""peer"":""zeek"",""metric_type"":""counter"",""name"":""zeek_event_handler_invocations_total"",""labels"":[""name""],""label_values"":[""known_host_add""],""value"":1.0}",1790171974554078986,1790171974554078986_2e13d8e,target_acquisition,unknown,,/opt/zeek/logs/current/telemetry.log,search_man,,detect,search_man,
2026-09-23T13:59:34.554Z,1790171974554,"{""ts"":1790085036.199737,""peer"":""zeek"",""metric_type"":""counter"",""name"":""zeek_event_handler_invocations_total"",""labels"":[""name""],""label_values"":[""SumStats::finish_epoch""],""value"":3.0}",1790171974554061463,1790171974554061463_a4307ef3,target_acquisition,unknown,,/opt/zeek/logs/current/telemetry.log,search_man,,detect,search_man,
2026-09-23T13:59:34.554Z,1790171974554,"{""ts"":1790085036.199737,""peer"":""zeek"",""metric_type"":""counter"",""name"":""zeek_event_handler_invocations_total"",""labels"":[""name""],""label_values"":[""filter_change_tracking""],""value"":36.0}",1790171974554040946,1790171974554040946_31e47329,target_acquisition,unknown,,/opt/zeek/logs/current/telemetry.log,search_man,,detect,search_man,
2026-09-23T13:59:34.554Z,1790171974554,"{""ts"":1790085036.199737,""peer"":""zeek"",""metric_type"":""counter"",""name"":""zeek_event_handler_invocations_total"",""labels"":[""name""],""label_values"":[""QUIC::short_header_packet_threshold_crossed""],""value"":1259.0}",1790171974554032121,1790171974554032121_cc4b35a9,target_acquisition,unknown,,/opt/zeek/logs/current/telemetry.log,search_man,,detect,search_man,
2026-09-23T13:59:34.554Z,1790171974554,"{""ts"":1790085036.199737,""peer"":""zeek"",""metric_type"":""counter"",""name"":""zeek_event_handler_invocations_total"",""labels"":[""name""],""label_values"":[""Known::host_found""],""value"":199.0}",1790171974554027740,1790171974554027740_122dd062,target_acquisition,unknown,,/opt/zeek/logs/current/telemetry.log,search_man,,detect,search_man,
2026-09-23T13:59:34.553Z,1790171974553,"{""ts"":1790085036.199737,""peer"":""zeek"",""metric_type"":""counter"",""name"":""zeek_event_handler_invocations_total"",""labels"":[""name""],""label_values"":[""TrimTraceFile::go""],""value"":1.0}",1790171974553960432,1790171974553960432_50be153d,target_acquisition,unknown,,/opt/zeek/logs/current/telemetry.log,search_man,,detect,search_man,
2026-09-23T13:59:34.553Z,1790171974553,"{""ts"":1790085036.199737,""peer"":""zeek"",""metric_type"":""counter"",""name"":""zeek_event_handler_invocations_total"",""labels"":[""name""],""label_values"":[""zeek_script_loaded""],""value"":559.0}",1790171974553945476,1790171974553945476_7680485b,target_acquisition,unknown,,/opt/zeek/logs/current/telemetry.log,search_man,,detect,search_man,
2026-09-23T13:59:34.553Z,1790171974553,"{""ts"":1790085036.199737,""peer"":""zeek"",""metric_type"":""counter"",""name"":""zeek_event_handler_invocations_total"",""labels"":[""name""],""label_values"":[""dns_SRV_reply""],""value"":25099.0}",1790171974553933221,1790171974553933221_77e7430e,target_acquisition,unknown,,/opt/zeek/logs/current/telemetry.log,search_man,,detect,search_man,
2026-09-23T13:59:34.553Z,1790171974553,"{""ts"":1790085036.199737,""peer"":""zeek"",""metric_type"":""counter"",""name"":""zeek_event_handler_invocations_total"",""labels"":[""name""],""label_values"":[""ssl_extension_key_share""],""value"":638.0}",1790171974553924381,1790171974553924381_7ae45c68,target_acquisition,unknown,,/opt/zeek/logs/current/telemetry.log,search_man,,detect,search_man,
2026-09-23T13:59:34.553Z,1790171974553,"{""ts"":1790085036.199737,""peer"":""zeek"",""metric_type"":""counter"",""name"":""zeek_event_handler_invocations_total"",""labels"":[""name""],""label_values"":[""new_connection""],""value"":2889.0}",1790171974553919994,1790171974553919994_1385279f,target_acquisition,unknown,,/opt/zeek/logs/current/telemetry.log,search_man,,detect,search_man,
2026-09-23T13:59:34.553Z,1790171974553,"{""ts"":1790085036.199737,""peer"":""zeek"",""metric_type"":""counter"",""name"":""zeek_event_handler_invocations_total"",""labels"":[""name""],""label_values"":[""known_service_add""],""value"":3.0}",1790171974553850886,1790171974553850886_704198d5,target_acquisition,unknown,,/opt/zeek/logs/current/telemetry.log,search_man,,detect,search_man,
2026-09-23T13:59:34.553Z,1790171974553,"{""ts"":1790085036.199737,""peer"":""zeek"",""metric_type"":""counter"",""name"":""zeek_event_handler_invocations_total"",""labels"":[""name""],""label_values"":[""dns_CNAME_reply""],""value"":237.0}",1790171974553835659,1790171974553835659_ca964934,target_acquisition,unknown,,/opt/zeek/logs/current/telemetry.log,search_man,,detect,search_man,
2026-09-23T13:59:34.553Z,1790171974553,"{""ts"":1790085036.199737,""peer"":""zeek"",""metric_type"":""counter"",""name"":""zeek_event_handler_invocations_total"",""labels"":[""name""],""label_values"":[""connection_established""],""value"":199.0}",1790171974553823159,1790171974553823159_d0271665,target_acquisition,unknown,,/opt/zeek/logs/current/telemetry.log,search_man,,detect,search_man,
2026-09-23T13:59:34.553Z,1790171974553,"{""ts"":1790085036.199737,""peer"":""zeek"",""metric_type"":""counter"",""name"":""zeek_event_handler_invocations_total"",""labels"":[""name""],""label_values"":[""analyzer_confirmation_info""],""value"":1746.0}",1790171974553813963,1790171974553813963_ff12136e,target_acquisition,unknown,,/opt/zeek/logs/current/telemetry.log,search_man,,detect,search_man,
2026-09-23T13:59:34.553Z,1790171974553,"{""ts"":1790085036.199737,""peer"":""zeek"",""metric_type"":""counter"",""name"":""zeek_event_handler_invocations_total"",""labels"":[""name""],""label_values"":[""service_info_commit""],""value"":723.0}",1790171974553809676,1790171974553809676_70594e65,target_acquisition,unknown,,/opt/zeek/logs/current/telemetry.log,search_man,,detect,search_man,
2026-09-23T13:59:34.553Z,1790171974553,"{""ts"":1790085036.199737,""peer"":""zeek"",""metric_type"":""counter"",""name"":""zeek_event_handler_invocations_total"",""labels"":[""name""],""label_values"":[""ssl_extension_supported_versions""],""value"":638.0}",1790171974553741287,1790171974553741287_3ebba2af,target_acquisition,unknown,,/opt/zeek/logs/current/telemetry.log,search_man,,detect,search_man,
2026-09-23T13:59:34.553Z,1790171974553,"{""ts"":1790085036.199737,""peer"":""zeek"",""metric_type"":""counter"",""name"":""zeek_event_handler_invocations_total"",""labels"":[""name""],""label_values"":[""net_stats_update""],""value"":35.0}",1790171974553725741,1790171974553725741_4cde9386,target_acquisition,unknown,,/opt/zeek/logs/current/telemetry.log,search_man,,detect,search_man,
2026-09-23T13:59:34.553Z,1790171974553,"{""ts"":1790085036.199737,""peer"":""zeek"",""metric_type"":""counter"",""name"":""zeek_event_handler_invocations_total"",""labels"":[""name""],""label_values"":[""CaptureLoss::take_measurement""],""value"":13.0}",1790171974553713634,1790171974553713634_1ba6e404,target_acquisition,unknown,,/opt/zeek/logs/current/telemetry.log,search_man,,detect,search_man,
2026-09-23T13:59:34.553Z,1790171974553,"{""ts"":1790085036.199737,""peer"":""zeek"",""metric_type"":""counter"",""name"":""zeek_event_handler_invocations_total"",""labels"":[""name""],""label_values"":[""x509_ext_subject_alternative_name""],""value"":5.0}",1790171974553703822,1790171974553703822_1f528b8f,target_acquisition,unknown,,/opt/zeek/logs/current/telemetry.log,search_man,,detect,search_man,
2026-09-23T13:59:34.553Z,1790171974553,"{""ts"":1790085036.199737,""peer"":""zeek"",""metric_type"":""counter"",""name"":""zeek_event_handler_invocations_total"",""labels"":[""name""],""label_values"":[""dns_end""],""value"":46703.0}",1790171974553699461,1790171974553699461_13e8af7e,target_acquisition,unknown,,/opt/zeek/logs/current/telemetry.log,search_man,,detect,search_man,
2026-09-23T13:59:34.553Z,1790171974553,"{""ts"":1790085036.199737,""peer"":""zeek"",""metric_type"":""counter"",""name"":""zeek_event_handler_invocations_total"",""labels"":[""name""],""label_values"":[""dns_PTR_reply""],""value"":153061.0}",1790171974553630866,1790171974553630866_8e3905d8,target_acquisition,unknown,,/opt/zeek/logs/current/telemetry.log,search_man,,detect,search_man,
2026-09-23T13:59:34.553Z,1790171974553,"{""ts"":1790085036.199737,""peer"":""zeek"",""metric_type"":""counter"",""name"":""zeek_event_handler_invocations_total"",""labels"":[""name""],""label_values"":[""check_stats""],""value"":35.0}",1790171974553615683,1790171974553615683_e23c21c1,target_acquisition,unknown,,/opt/zeek/logs/current/telemetry.log,search_man,,detect,search_man,
2026-09-23T13:59:34.553Z,1790171974553,"{""ts"":1790085036.199737,""peer"":""zeek"",""metric_type"":""counter"",""name"":""zeek_event_handler_invocations_total"",""labels"":[""name""],""label_values"":[""Cluster::Backend::ZeroMQ::subscription""],""value"":3.0}",1790171974553602099,1790171974553602099_24453ccb,target_acquisition,unknown,,/opt/zeek/logs/current/telemetry.log,search_man,,detect,search_man,
2026-09-23T13:59:34.553Z,1790171974553,"{""ts"":1790085036.199737,""peer"":""zeek"",""metric_type"":""counter"",""name"":""zeek_event_handler_invocations_total"",""labels"":[""name""],""label_values"":[""Broker::log_flush""],""value"":9801.0}",1790171974553590469,1790171974553590469_8082038b,target_acquisition,unknown,,/opt/zeek/logs/current/telemetry.log,search_man,,detect,search_man,
2026-09-23T13:59:34.553Z,1790171974553,"{""ts"":1790085036.199737,""peer"":""zeek"",""metric_type"":""counter"",""name"":""zeek_event_handler_invocations_total"",""labels"":[""name""],""label_values"":[""dns_rejected""],""value"":352.0}",1790171974553574151,1790171974553574151_407fe331,target_acquisition,unknown,,/opt/zeek/logs/current/telemetry.log,search_man,,detect,search_man,
2026-09-23T13:59:34.553Z,1790171974553,"{""ts"":1790085036.199737,""peer"":""zeek"",""metric_type"":""counter"",""name"":""zeek_event_handler_invocations_total"",""labels"":[""name""],""label_values"":[""ssl_extension""],""value"":5751.0}",1790171974553434289,1790171974553434289_b4f5be33,target_acquisition,unknown,,/opt/zeek/logs/current/telemetry.log,search_man,,detect,search_man,
2026-09-23T13:59:34.553Z,1790171974553,"{""ts"":1790085036.199737,""peer"":""zeek"",""metric_type"":""counter"",""name"":""zeek_event_handler_invocations_total"",""labels"":[""name""],""label_values"":[""NetControl::init""],""value"":1.0}",1790171974553419011,1790171974553419011_791701aa,target_acquisition,unknown,,/opt/zeek/logs/current/telemetry.log,search_man,,detect,search_man,
2026-09-23T13:59:34.553Z,1790171974553,"{""ts"":1790085036.199737,""peer"":""zeek"",""metric_type"":""counter"",""name"":""zeek_event_handler_invocations_total"",""labels"":[""name""],""label_values"":[""Telemetry::log""],""value"":171.0}",1790171974553406963,1790171974553406963_df9f25d,target_acquisition,unknown,,/opt/zeek/logs/current/telemetry.log,search_man,,detect,search_man,
2026-09-23T13:59:34.553Z,1790171974553,"{""ts"":1790085036.199737,""peer"":""zeek"",""metric_type"":""counter"",""name"":""zeek_event_handler_invocations_total"",""labels"":[""name""],""label_values"":[""ssl_server_hello""],""value"":321.0}",1790171974553397280,1790171974553397280_5242ec70,target_acquisition,unknown,,/opt/zeek/logs/current/telemetry.log,search_man,,detect,search_man,
2026-09-23T13:59:34.553Z,1790171974553,"{""ts"":1790085036.199737,""peer"":""zeek"",""metric_type"":""counter"",""name"":""zeek_event_handler_invocations_total"",""labels"":[""name""],""label_values"":[""ChecksumOffloading::check""],""value"":2.0}",1790171974553392896,1790171974553392896_e41c8439,target_acquisition,unknown,,/opt/zeek/logs/current/telemetry.log,search_man,,detect,search_man,
2026-09-23T13:59:34.553Z,1790171974553,"{""ts"":1790085036.199737,""peer"":""zeek"",""metric_type"":""counter"",""name"":""zeek_event_handler_invocations_total"",""labels"":[""name""],""label_values"":[""QUIC::initial_packet""],""value"":1098.0}",1790171974553320535,1790171974553320535_24f37a38,target_acquisition,unknown,,/opt/zeek/logs/current/telemetry.log,search_man,,detect,search_man,
2026-09-23T13:59:34.553Z,1790171974553,"{""ts"":1790085036.199737,""peer"":""zeek"",""metric_type"":""counter"",""name"":""zeek_event_handler_invocations_total"",""labels"":[""name""],""label_values"":[""dns_TXT_reply""],""value"":25099.0}",1790171974553303310,1790171974553303310_a88a21fd,target_acquisition,unknown,,/opt/zeek/logs/current/telemetry.log,search_man,,detect,search_man,
2026-09-23T13:59:34.553Z,1790171974553,"{""ts"":1790085036.199737,""peer"":""zeek"",""metric_type"":""counter"",""name"":""zeek_event_handler_invocations_total"",""labels"":[""name""],""label_values"":[""ssl_handshake_message""],""value"":668.0}",1790171974553195043,1790171974553195043_afedd0cf,target_acquisition,unknown,,/opt/zeek/logs/current/telemetry.log,search_man,,detect,search_man,
2026-09-23T13:59:34.553Z,1790171974553,"{""ts"":1790085036.199737,""peer"":""zeek"",""metric_type"":""counter"",""name"":""zeek_event_handler_invocations_total"",""labels"":[""name""],""label_values"":[""grab_vulnerable_versions""],""value"":4.0}",1790171974553186197,1790171974553186197_59f9bc86,target_acquisition,unknown,,/opt/zeek/logs/current/telemetry.log,search_man,,detect,search_man,
2026-09-23T13:59:34.553Z,1790171974553,"{""ts"":1790085036.199737,""peer"":""zeek"",""metric_type"":""counter"",""name"":""zeek_event_handler_invocations_total"",""labels"":[""name""],""label_values"":[""Cluster::Backend::ZeroMQ::monitoring_event""],""value"":6.0}",1790171974553181869,1790171974553181869_5254a502,target_acquisition,unknown,,/opt/zeek/logs/current/telemetry.log,search_man,,detect,search_man,
2026-09-23T13:59:34.553Z,1790171974553,"{""ts"":1790085036.199737,""peer"":""zeek"",""metric_type"":""counter"",""name"":""zeek_event_handler_invocations_total"",""labels"":[""name""],""label_values"":[""dns_A_reply""],""value"":9348.0}",1790171974553113495,1790171974553113495_97df16a9,target_acquisition,unknown,,/opt/zeek/logs/current/telemetry.log,search_man,,detect,search_man,
2026-09-23T13:59:34.553Z,1790171974553,"{""ts"":1790085036.199737,""peer"":""zeek"",""metric_type"":""counter"",""name"":""zeek_event_handler_invocations_total"",""labels"":[""name""],""label_values"":[""content_gap""],""value"":4.0}",1790171974553098391,1790171974553098391_57d26719,target_acquisition,unknown,,/opt/zeek/logs/current/telemetry.log,search_man,,detect,search_man,
2026-09-23T13:59:34.553Z,1790171974553,"{""ts"":1790085036.199737,""peer"":""zeek"",""metric_type"":""counter"",""name"":""zeek_event_handler_invocations_total"",""labels"":[""name""],""label_values"":[""connection_state_remove""],""value"":2863.0}",1790171974553086092,1790171974553086092_7c75b9cd,target_acquisition,unknown,,/opt/zeek/logs/current/telemetry.log,search_man,,detect,search_man,
2026-09-23T13:59:34.553Z,1790171974553,"{""ts"":1790085036.199737,""peer"":""zeek"",""metric_type"":""counter"",""name"":""zeek_event_handler_invocations_total"",""labels"":[""name""],""label_values"":[""dns_request""],""value"":71120.0}",1790171974553076038,1790171974553076038_14210ab7,target_acquisition,unknown,,/opt/zeek/logs/current/telemetry.log,search_man,,detect,search_man,
2026-09-23T13:59:34.553Z,1790171974553,"{""ts"":1790085036.199737,""peer"":""zeek"",""metric_type"":""counter"",""name"":""zeek_event_handler_invocations_total"",""labels"":[""name""],""label_values"":[""x509_ext_basic_constraints""],""value"":15.0}",1790171974553069963,1790171974553069963_82dd254f,target_acquisition,unknown,,/opt/zeek/logs/current/telemetry.log,search_man,,detect,search_man,
2026-09-23T13:59:34.552Z,1790171974552,"{""ts"":1790085036.199737,""peer"":""zeek"",""metric_type"":""counter"",""name"":""zeek_event_handler_invocations_total"",""labels"":[""name""],""label_values"":[""DHCP::aggregate_msgs""],""value"":25.0}",1790171974552983146,1790171974552983146_ceb4baf1,target_acquisition,unknown,,/opt/zeek/logs/current/telemetry.log,search_man,,detect,search_man,
2026-09-23T13:59:34.552Z,1790171974552,"{""ts"":1790085036.199737,""peer"":""zeek"",""metric_type"":""counter"",""name"":""zeek_event_handler_invocations_total"",""labels"":[""name""],""label_values"":[""QUIC::handshake_packet""],""value"":718.0}",1790171974552967786,1790171974552967786_c0bbfb01,target_acquisition,unknown,,/opt/zeek/logs/current/telemetry.log,search_man,,detect,search_man,
2026-09-23T13:59:34.552Z,1790171974552,"{""ts"":1790085036.199737,""peer"":""zeek"",""metric_type"":""counter"",""name"":""zeek_event_handler_invocations_total"",""labels"":[""name""],""label_values"":[""conn_weird""],""value"":31.0}",1790171974552955475,1790171974552955475_b88414d3,target_acquisition,unknown,,/opt/zeek/logs/current/telemetry.log,search_man,,detect,search_man,
2026-09-23T13:59:34.552Z,1790171974552,"{""ts"":1790085036.199737,""peer"":""zeek"",""metric_type"":""counter"",""name"":""zeek_event_handler_invocations_total"",""labels"":[""name""],""label_values"":[""connection_flipped""],""value"":1.0}",1790171974552946046,1790171974552946046_36ab9f59,target_acquisition,unknown,,/opt/zeek/logs/current/telemetry.log,search_man,,detect,search_man,
2026-09-23T13:59:34.552Z,1790171974552,"{""ts"":1790085036.199737,""peer"":""zeek"",""metric_type"":""counter"",""name"":""zeek_event_handler_invocations_total"",""labels"":[""name""],""label_values"":[""QUIC::discarded_packet""],""value"":3.0}",1790171974552941591,1790171974552941591_45ad3bf8,target_acquisition,unknown,,/opt/zeek/logs/current/telemetry.log,search_man,,detect,search_man,
2026-09-23T13:59:34.552Z,1790171974552,"{""ts"":1790085036.199737,""peer"":""zeek"",""metric_type"":""counter"",""name"":""zeek_ended_sessions_total"",""labels"":[""reason""],""label_values"":[""inactivity""],""value"":806.0}",1790171974552870433,1790171974552870433_e8d37759,target_acquisition,unknown,,/opt/zeek/logs/current/telemetry.log,search_man,,detect,search_man,
2026-09-23T13:59:34.552Z,1790171974552,"{""ts"":1790085036.199737,""peer"":""zeek"",""metric_type"":""counter"",""name"":""zeek_triggers_total"",""labels"":[],""label_values"":[],""value"":0.0}",1790171974552846336,1790171974552846336_60b11d78,target_acquisition,unknown,,/opt/zeek/logs/current/telemetry.log,search_man,,detect,search_man,
2026-09-23T13:59:34.552Z,1790171974552,"{""ts"":1790085036.199737,""peer"":""zeek"",""metric_type"":""counter"",""name"":""zeek_dnsmgr_failed_requests_total"",""labels"":[],""label_values"":[],""value"":0.0}",1790171974552834473,1790171974552834473_2dd091ed,target_acquisition,unknown,,/opt/zeek/logs/current/telemetry.log,search_man,,detect,search_man,
2026-09-23T13:59:34.552Z,1790171974552,"{""ts"":1790085036.199737,""peer"":""zeek"",""metric_type"":""counter"",""name"":""zeek_dnsmgr_successful_requests_total"",""labels"":[],""label_values"":[],""value"":0.0}",1790171974552825640,1790171974552825640_972c0810,target_acquisition,unknown,,/opt/zeek/logs/current/telemetry.log,search_man,,detect,search_man,
2026-09-23T13:59:34.552Z,1790171974552,"{""ts"":1790085036.199737,""peer"":""zeek"",""metric_type"":""counter"",""name"":""zeek_dnsmgr_requests_total"",""labels"":[],""label_values"":[],""value"":0.0}",1790171974552821170,1790171974552821170_be7f615d,target_acquisition,unknown,,/opt/zeek/logs/current/telemetry.log,search_man,,detect,search_man,
2026-09-23T13:59:34.552Z,1790171974552,"{""ts"":1790085036.199737,""peer"":""zeek"",""metric_type"":""counter"",""name"":""zeek_timers_total"",""labels"":[],""label_values"":[],""value"":81907.0}",1790171974552752144,1790171974552752144_3979718e,target_acquisition,unknown,,/opt/zeek/logs/current/telemetry.log,search_man,,detect,search_man,
2026-09-23T13:59:34.552Z,1790171974552,"{""ts"":1790085036.199737,""peer"":""zeek"",""metric_type"":""counter"",""name"":""zeek_broker_outgoing_ids_total"",""labels"":[],""label_values"":[],""value"":0.0}",1790171974552736439,1790171974552736439_81974fb2,target_acquisition,unknown,,/opt/zeek/logs/current/telemetry.log,search_man,,detect,search_man,
2026-09-23T13:59:34.552Z,1790171974552,"{""ts"":1790085036.199737,""peer"":""zeek"",""metric_type"":""counter"",""name"":""zeek_broker_incoming_ids_total"",""labels"":[],""label_values"":[],""value"":0.0}",1790171974552723643,1790171974552723643_347ca4c8,target_acquisition,unknown,,/opt/zeek/logs/current/telemetry.log,search_man,,detect,search_man,
2026-09-23T13:59:34.552Z,1790171974552,"{""ts"":1790085036.199737,""peer"":""zeek"",""metric_type"":""counter"",""name"":""zeek_broker_outgoing_logs_total"",""labels"":[],""label_values"":[],""value"":0.0}",1790171974552714326,1790171974552714326_41f457b7,target_acquisition,unknown,,/opt/zeek/logs/current/telemetry.log,search_man,,detect,search_man,
2026-09-23T13:59:34.552Z,1790171974552,"{""ts"":1790085036.199737,""peer"":""zeek"",""metric_type"":""counter"",""name"":""zeek_broker_incoming_logs_total"",""labels"":[],""label_values"":[],""value"":0.0}",1790171974552710124,1790171974552710124_ec8f47e1,target_acquisition,unknown,,/opt/zeek/logs/current/telemetry.log,search_man,,detect,search_man,
2026-09-23T13:59:34.552Z,1790171974552,"{""ts"":1790085036.199737,""peer"":""zeek"",""metric_type"":""counter"",""name"":""zeek_broker_outgoing_events_total"",""labels"":[],""label_values"":[],""value"":0.0}",1790171974552642313,1790171974552642313_45dd05f5,target_acquisition,unknown,,/opt/zeek/logs/current/telemetry.log,search_man,,detect,search_man,
2026-09-23T13:59:34.552Z,1790171974552,"{""ts"":1790085036.199737,""peer"":""zeek"",""metric_type"":""counter"",""name"":""zeek_broker_incoming_events_total"",""labels"":[],""label_values"":[],""value"":0.0}",1790171974552626785,1790171974552626785_3af50547,target_acquisition,unknown,,/opt/zeek/logs/current/telemetry.log,search_man,,detect,search_man,
2026-09-23T13:59:34.552Z,1790171974552,"{""ts"":1790085036.199737,""peer"":""zeek"",""metric_type"":""counter"",""name"":""zeek_cluster_core_incoming_events_total"",""labels"":[],""label_values"":[],""value"":0.0}",1790171974552614607,1790171974552614607_77e78632,target_acquisition,unknown,,/opt/zeek/logs/current/telemetry.log,search_man,,detect,search_man,
2026-09-23T13:59:34.552Z,1790171974552,"{""ts"":1790085036.199737,""peer"":""zeek"",""metric_type"":""counter"",""name"":""zeek_cluster_core_outgoing_events_total"",""labels"":[],""label_values"":[],""value"":4.0}",1790171974552605673,1790171974552605673_5c663f2c,target_acquisition,unknown,,/opt/zeek/logs/current/telemetry.log,search_man,,detect,search_man,
2026-09-23T13:59:34.552Z,1790171974552,"{""ts"":1790085036.199737,""peer"":""zeek"",""metric_type"":""counter"",""name"":""zeek_cluster_zeromq_msg_errors_total"",""labels"":[],""label_values"":[],""value"":0.0}",1790171974552600705,1790171974552600705_d4a9d27a,target_acquisition,unknown,,/opt/zeek/logs/current/telemetry.log,search_man,,detect,search_man,
2026-09-23T13:59:34.552Z,1790171974552,"{""ts"":1790085036.199737,""peer"":""zeek"",""metric_type"":""counter"",""name"":""zeek_cluster_zeromq_onloop_drops_total"",""labels"":[],""label_values"":[],""value"":0.0}",1790171974552451487,1790171974552451487_859f9e65,target_acquisition,unknown,,/opt/zeek/logs/current/telemetry.log,search_man,,detect,search_man,
2026-09-23T13:59:34.552Z,1790171974552,"{""ts"":1790085036.199737,""peer"":""zeek"",""metric_type"":""counter"",""name"":""zeek_cluster_zeromq_xpub_drops_total"",""labels"":[],""label_values"":[],""value"":0.0}",1790171974552436106,1790171974552436106_ed8af129,target_acquisition,unknown,,/opt/zeek/logs/current/telemetry.log,search_man,,detect,search_man,
2026-09-23T13:59:34.552Z,1790171974552,"{""ts"":1790085036.199737,""peer"":""zeek"",""metric_type"":""counter"",""name"":""zeek_cluster_onloop_queue_blocks_total"",""labels"":[""tag""],""label_values"":[""ZeroMQ""],""value"":0.0}",1790171974552423474,1790171974552423474_b6db160e,target_acquisition,unknown,,/opt/zeek/logs/current/telemetry.log,search_man,,detect,search_man,
2026-09-23T13:59:34.552Z,1790171974552,"{""ts"":1790085036.199737,""peer"":""zeek"",""metric_type"":""counter"",""name"":""zeek_cluster_onloop_queue_blocks_total"",""labels"":[""tag""],""label_values"":[""WebSocketEventDispatcher:127.0.0.1:27759""],""value"":0.0}",1790171974552413745,1790171974552413745_bd65d147,target_acquisition,unknown,,/opt/zeek/logs/current/telemetry.log,search_man,,detect,search_man,
2026-09-23T13:59:34.552Z,1790171974552,"{""ts"":1790085036.199737,""peer"":""zeek"",""metric_type"":""counter"",""name"":""zeek_msgthread_out_messages_total"",""labels"":[],""label_values"":[],""value"":32.0}",1790171974552408951,1790171974552408951_742e16b1,target_acquisition,unknown,,/opt/zeek/logs/current/telemetry.log,search_man,,detect,search_man,
2026-09-23T13:59:34.552Z,1790171974552,"{""ts"":1790085036.199737,""peer"":""zeek"",""metric_type"":""counter"",""name"":""zeek_msgthread_in_messages_total"",""labels"":[],""label_values"":[],""value"":21303.0}",1790171974552342295,1790171974552342295_5cb41c1c,target_acquisition,unknown,,/opt/zeek/logs/current/telemetry.log,search_man,,detect,search_man,
2026-09-23T13:59:34.552Z,1790171974552,"{""ts"":1790085036.199737,""peer"":""zeek"",""metric_type"":""counter"",""name"":""zeek_msgthread_threads_total"",""labels"":[],""label_values"":[],""value"":17.0}",1790171974552327114,1790171974552327114_e8d3ac3c,target_acquisition,unknown,,/opt/zeek/logs/current/telemetry.log,search_man,,detect,search_man,
2026-09-23T13:59:34.552Z,1790171974552,"{""ts"":1790085036.199737,""peer"":""zeek"",""metric_type"":""counter"",""name"":""zeek_net_link_packets_total"",""labels"":[],""label_values"":[],""value"":152121.0}",1790171974552314621,1790171974552314621_8ad63ac7,target_acquisition,unknown,,/opt/zeek/logs/current/telemetry.log,search_man,,detect,search_man,
2026-09-23T13:59:34.552Z,1790171974552,"{""ts"":1790085036.199737,""peer"":""zeek"",""metric_type"":""counter"",""name"":""zeek_net_dropped_packets_total"",""labels"":[],""label_values"":[],""value"":1074.0}",1790171974552305531,1790171974552305531_8f9264cb,target_acquisition,unknown,,/opt/zeek/logs/current/telemetry.log,search_man,,detect,search_man,
2026-09-23T13:59:34.552Z,1790171974552,"{""ts"":1790085036.199737,""peer"":""zeek"",""metric_type"":""counter"",""name"":""zeek_net_received_packets_total"",""labels"":[],""label_values"":[],""value"":150964.0}",1790171974552300840,1790171974552300840_2ec67a05,target_acquisition,unknown,,/opt/zeek/logs/current/telemetry.log,search_man,,detect,search_man,
2026-09-23T13:59:34.552Z,1790171974552,"{""ts"":1790085036.199737,""peer"":""zeek"",""metric_type"":""counter"",""name"":""zeek_net_received_bytes_total"",""labels"":[],""label_values"":[],""value"":102349203.0}",1790171974552219021,1790171974552219021_438603e6,target_acquisition,unknown,,/opt/zeek/logs/current/telemetry.log,search_man,,detect,search_man,
2026-09-23T13:59:34.552Z,1790171974552,"{""ts"":1790085036.199737,""peer"":""zeek"",""metric_type"":""counter"",""name"":""zeek_log_writer_truncated_containers_total"",""labels"":[""filter_name"",""module"",""path"",""stream"",""writer""],""label_values"":[""default"",""QUIC"",""quic"",""QUIC::LOG"",""Log::WRITER_ASCII""],""value"":0.0}",1790171974552201000,1790171974552201000_44228d1f,target_acquisition,unknown,,/opt/zeek/logs/current/telemetry.log,search_man,,detect,search_man,
2026-09-23T13:59:34.552Z,1790171974552,"{""ts"":1790085036.199737,""peer"":""zeek"",""metric_type"":""counter"",""name"":""zeek_log_writer_truncated_containers_total"",""labels"":[""filter_name"",""module"",""path"",""stream"",""writer""],""label_values"":[""default"",""Known"",""known_hosts"",""Known::HOSTS_LOG"",""Log::WRITER_ASCII""],""value"":0.0}",1790171974552181070,1790171974552181070_5395d22e,target_acquisition,unknown,,/opt/zeek/logs/current/telemetry.log,search_man,,detect,search_man,
2026-09-23T13:59:34.552Z,1790171974552,"{""ts"":1790085036.199737,""peer"":""zeek"",""metric_type"":""counter"",""name"":""zeek_log_writer_truncated_containers_total"",""labels"":[""filter_name"",""module"",""path"",""stream"",""writer""],""label_values"":[""default"",""X509"",""x509"",""X509::LOG"",""Log::WRITER_ASCII""],""value"":0.0}",1790171974552171390,1790171974552171390_d264548d,target_acquisition,unknown,,/opt/zeek/logs/current/telemetry.log,search_man,,detect,search_man,
2026-09-23T13:59:34.552Z,1790171974552,"{""ts"":1790085036.199737,""peer"":""zeek"",""metric_type"":""counter"",""name"":""zeek_log_writer_truncated_containers_total"",""labels"":[""filter_name"",""module"",""path"",""stream"",""writer""],""label_values"":[""default"",""NTP"",""ntp"",""NTP::LOG"",""Log::WRITER_ASCII""],""value"":0.0}",1790171974552166767,1790171974552166767_31ec706f,target_acquisition,unknown,,/opt/zeek/logs/current/telemetry.log,search_man,,detect,search_man,
2026-09-23T13:59:34.552Z,1790171974552,"{""ts"":1790085036.199737,""peer"":""zeek"",""metric_type"":""counter"",""name"":""zeek_log_writer_truncated_containers_total"",""labels"":[""filter_name"",""module"",""path"",""stream"",""writer""],""label_values"":[""default"",""SSL"",""ssl"",""SSL::LOG"",""Log::WRITER_ASCII""],""value"":0.0}",1790171974552098408,1790171974552098408_ffe3217,target_acquisition,unknown,,/opt/zeek/logs/current/telemetry.log,search_man,,detect,search_man,
2026-09-23T13:59:34.552Z,1790171974552,"{""ts"":1790085036.199737,""peer"":""zeek"",""metric_type"":""counter"",""name"":""zeek_log_writer_truncated_containers_total"",""labels"":[""filter_name"",""module"",""path"",""stream"",""writer""],""label_values"":[""default"",""Weird"",""weird"",""Weird::LOG"",""Log::WRITER_ASCII""],""value"":0.0}",1790171974552083089,1790171974552083089_a4fa67d8,target_acquisition,unknown,,/opt/zeek/logs/current/telemetry.log,search_man,,detect,search_man,
2026-09-23T13:59:34.552Z,1790171974552,"{""ts"":1790085036.199737,""peer"":""zeek"",""metric_type"":""counter"",""name"":""zeek_log_writer_truncated_containers_total"",""labels"":[""filter_name"",""module"",""path"",""stream"",""writer""],""label_values"":[""default"",""CaptureLoss"",""capture_loss"",""CaptureLoss::LOG"",""Log::WRITER_ASCII""],""value"":0.0}",1790171974552070893,1790171974552070893_ea7c06c7,target_acquisition,unknown,,/opt/zeek/logs/current/telemetry.log,search_man,,detect,search_man,
2026-09-23T13:59:34.552Z,1790171974552,"{""ts"":1790085036.199737,""peer"":""zeek"",""metric_type"":""counter"",""name"":""zeek_log_writer_truncated_containers_total"",""labels"":[""filter_name"",""module"",""path"",""stream"",""writer""],""label_values"":[""default"",""Notice"",""notice"",""Notice::LOG"",""Log::WRITER_ASCII""],""value"":0.0}",1790171974552061305,1790171974552061305_c69be71,target_acquisition,unknown,,/opt/zeek/logs/current/telemetry.log,search_man,,detect,search_man,
2026-09-23T13:59:34.552Z,1790171974552,"{""ts"":1790085036.199737,""peer"":""zeek"",""metric_type"":""counter"",""name"":""zeek_log_writer_truncated_containers_total"",""labels"":[""filter_name"",""module"",""path"",""stream"",""writer""],""label_values"":[""default"",""Conn"",""conn"",""Conn::LOG"",""Log::WRITER_ASCII""],""value"":0.0}",1790171974552056803,1790171974552056803_e4187acf,target_acquisition,unknown,,/opt/zeek/logs/current/telemetry.log,search_man,,detect,search_man,
2026-09-23T13:59:34.551Z,1790171974551,"{""ts"":1790085036.199737,""peer"":""zeek"",""metric_type"":""counter"",""name"":""zeek_log_writer_truncated_containers_total"",""labels"":[""filter_name"",""module"",""path"",""stream"",""writer""],""label_values"":[""default"",""Known"",""known_services"",""Known::SERVICES_LOG"",""Log::WRITER_ASCII""],""value"":0.0}",1790171974551987374,1790171974551987374_89b03f8a,target_acquisition,unknown,,/opt/zeek/logs/current/telemetry.log,search_man,,detect,search_man,
2026-09-23T13:59:34.551Z,1790171974551,"{""ts"":1790085036.199737,""peer"":""zeek"",""metric_type"":""counter"",""name"":""zeek_log_writer_truncated_containers_total"",""labels"":[""filter_name"",""module"",""path"",""stream"",""writer""],""label_values"":[""default"",""DNS"",""dns"",""DNS::LOG"",""Log::WRITER_ASCII""],""value"":0.0}",1790171974551971527,1790171974551971527_5fe7bf12,target_acquisition,unknown,,/opt/zeek/logs/current/telemetry.log,search_man,,detect,search_man,
2026-09-23T13:59:34.551Z,1790171974551,"{""ts"":1790085036.199737,""peer"":""zeek"",""metric_type"":""counter"",""name"":""zeek_log_writer_truncated_containers_total"",""labels"":[""filter_name"",""module"",""path"",""stream"",""writer""],""label_values"":[""default"",""Stats"",""stats"",""Stats::LOG"",""Log::WRITER_ASCII""],""value"":0.0}",1790171974551958625,1790171974551958625_867ca812,target_acquisition,unknown,,/opt/zeek/logs/current/telemetry.log,search_man,,detect,search_man,
2026-09-23T13:59:34.551Z,1790171974551,"{""ts"":1790085036.199737,""peer"":""zeek"",""metric_type"":""counter"",""name"":""zeek_log_writer_truncated_containers_total"",""labels"":[""filter_name"",""module"",""path"",""stream"",""writer""],""label_values"":[""default"",""Telemetry"",""telemetry"",""Telemetry::LOG"",""Log::WRITER_ASCII""],""value"":0.0}",1790171974551949517,1790171974551949517_fae8da62,target_acquisition,unknown,,/opt/zeek/logs/current/telemetry.log,search_man,,detect,search_man,
2026-09-23T13:59:34.551Z,1790171974551,"{""ts"":1790085036.199737,""peer"":""zeek"",""metric_type"":""counter"",""name"":""zeek_log_writer_truncated_containers_total"",""labels"":[""filter_name"",""module"",""path"",""stream"",""writer""],""label_values"":[""default"",""LoadedScripts"",""loaded_scripts"",""LoadedScripts::LOG"",""Log::WRITER_ASCII""],""value"":0.0}",1790171974551945015,1790171974551945015_ea5217e1,target_acquisition,unknown,,/opt/zeek/logs/current/telemetry.log,search_man,,detect,search_man,
2026-09-23T13:59:34.551Z,1790171974551,"{""ts"":1790085036.199737,""peer"":""zeek"",""metric_type"":""counter"",""name"":""zeek_log_writer_truncated_containers_total"",""labels"":[""filter_name"",""module"",""path"",""stream"",""writer""],""label_values"":[""default"",""PacketFilter"",""packet_filter"",""PacketFilter::LOG"",""Log::WRITER_ASCII""],""value"":0.0}",1790171974551875550,1790171974551875550_5a18ae60,target_acquisition,unknown,,/opt/zeek/logs/current/telemetry.log,search_man,,detect,search_man,
2026-09-23T13:59:34.551Z,1790171974551,"{""ts"":1790085036.199737,""peer"":""zeek"",""metric_type"":""counter"",""name"":""zeek_log_writer_truncated_containers_total"",""labels"":[""filter_name"",""module"",""path"",""stream"",""writer""],""label_values"":[""default"",""DHCP"",""dhcp"",""DHCP::LOG"",""Log::WRITER_ASCII""],""value"":0.0}",1790171974551855705,1790171974551855705_7532dff0,target_acquisition,unknown,,/opt/zeek/logs/current/telemetry.log,search_man,,detect,search_man,
2026-09-23T13:59:34.551Z,1790171974551,"{""ts"":1790085036.199737,""peer"":""zeek"",""metric_type"":""counter"",""name"":""zeek_log_writer_truncated_string_fields_total"",""labels"":[""filter_name"",""module"",""path"",""stream"",""writer""],""label_values"":[""default"",""QUIC"",""quic"",""QUIC::LOG"",""Log::WRITER_ASCII""],""value"":0.0}",1790171974551818868,1790171974551818868_70e9d466,target_acquisition,unknown,,/opt/zeek/logs/current/telemetry.log,search_man,,detect,search_man,
2026-09-23T13:59:34.551Z,1790171974551,"{""ts"":1790085036.199737,""peer"":""zeek"",""metric_type"":""counter"",""name"":""zeek_log_writer_truncated_string_fields_total"",""labels"":[""filter_name"",""module"",""path"",""stream"",""writer""],""label_values"":[""default"",""Known"",""known_hosts"",""Known::HOSTS_LOG"",""Log::WRITER_ASCII""],""value"":0.0}",1790171974551809466,1790171974551809466_ea766f69,target_acquisition,unknown,,/opt/zeek/logs/current/telemetry.log,search_man,,detect,search_man,
2026-09-23T13:59:34.551Z,1790171974551,"{""ts"":1790085036.199737,""peer"":""zeek"",""metric_type"":""counter"",""name"":""zeek_log_writer_truncated_string_fields_total"",""labels"":[""filter_name"",""module"",""path"",""stream"",""writer""],""label_values"":[""default"",""X509"",""x509"",""X509::LOG"",""Log::WRITER_ASCII""],""value"":0.0}",1790171974551804621,1790171974551804621_9c71f85c,target_acquisition,unknown,,/opt/zeek/logs/current/telemetry.log,search_man,,detect,search_man,
2026-09-23T13:59:34.551Z,1790171974551,"{""ts"":1790085036.199737,""peer"":""zeek"",""metric_type"":""counter"",""name"":""zeek_log_writer_truncated_string_fields_total"",""labels"":[""filter_name"",""module"",""path"",""stream"",""writer""],""label_values"":[""default"",""NTP"",""ntp"",""NTP::LOG"",""Log::WRITER_ASCII""],""value"":0.0}",1790171974551709953,1790171974551709953_25e8f8d8,target_acquisition,unknown,,/opt/zeek/logs/current/telemetry.log,search_man,,detect,search_man,
2026-09-23T13:59:34.551Z,1790171974551,"{""ts"":1790085036.199737,""peer"":""zeek"",""metric_type"":""counter"",""name"":""zeek_log_writer_truncated_string_fields_total"",""labels"":[""filter_name"",""module"",""path"",""stream"",""writer""],""label_values"":[""default"",""SSL"",""ssl"",""SSL::LOG"",""Log::WRITER_ASCII""],""value"":0.0}",1790171974551694669,1790171974551694669_7feb158,target_acquisition,unknown,,/opt/zeek/logs/current/telemetry.log,search_man,,detect,search_man,
2026-09-23T13:59:34.551Z,1790171974551,"{""ts"":1790085036.199737,""peer"":""zeek"",""metric_type"":""counter"",""name"":""zeek_log_writer_truncated_string_fields_total"",""labels"":[""filter_name"",""module"",""path"",""stream"",""writer""],""label_values"":[""default"",""Weird"",""weird"",""Weird::LOG"",""Log::WRITER_ASCII""],""value"":0.0}",1790171974551681987,1790171974551681987_6df3cce7,target_acquisition,unknown,,/opt/zeek/logs/current/telemetry.log,search_man,,detect,search_man,
2026-09-23T13:59:34.551Z,1790171974551,"{""ts"":1790085036.199737,""peer"":""zeek"",""metric_type"":""counter"",""name"":""zeek_log_writer_truncated_string_fields_total"",""labels"":[""filter_name"",""module"",""path"",""stream"",""writer""],""label_values"":[""default"",""CaptureLoss"",""capture_loss"",""CaptureLoss::LOG"",""Log::WRITER_ASCII""],""value"":0.0}",1790171974551673071,1790171974551673071_8bed1ec6,target_acquisition,unknown,,/opt/zeek/logs/current/telemetry.log,search_man,,detect,search_man,
2026-09-23T13:59:34.551Z,1790171974551,"{""ts"":1790085036.199737,""peer"":""zeek"",""metric_type"":""counter"",""name"":""zeek_log_writer_truncated_string_fields_total"",""labels"":[""filter_name"",""module"",""path"",""stream"",""writer""],""label_values"":[""default"",""Notice"",""notice"",""Notice::LOG"",""Log::WRITER_ASCII""],""value"":0.0}",1790171974551668613,1790171974551668613_2e3ad514,target_acquisition,unknown,,/opt/zeek/logs/current/telemetry.log,search_man,,detect,search_man,
2026-09-23T13:59:34.551Z,1790171974551,"{""ts"":1790085036.199737,""peer"":""zeek"",""metric_type"":""counter"",""name"":""zeek_log_writer_truncated_string_fields_total"",""labels"":[""filter_name"",""module"",""path"",""stream"",""writer""],""label_values"":[""default"",""Conn"",""conn"",""Conn::LOG"",""Log::WRITER_ASCII""],""value"":0.0}",1790171974551600094,1790171974551600094_5eba7f12,target_acquisition,unknown,,/opt/zeek/logs/current/telemetry.log,search_man,,detect,search_man,
2026-09-23T13:59:34.551Z,1790171974551,"{""ts"":1790085036.199737,""peer"":""zeek"",""metric_type"":""counter"",""name"":""zeek_log_writer_truncated_string_fields_total"",""labels"":[""filter_name"",""module"",""path"",""stream"",""writer""],""label_values"":[""default"",""Known"",""known_services"",""Known::SERVICES_LOG"",""Log::WRITER_ASCII""],""value"":0.0}",1790171974551585132,1790171974551585132_ca55f0ad,target_acquisition,unknown,,/opt/zeek/logs/current/telemetry.log,search_man,,detect,search_man,
2026-09-23T13:59:34.551Z,1790171974551,"{""ts"":1790085036.199737,""peer"":""zeek"",""metric_type"":""counter"",""name"":""zeek_log_writer_truncated_string_fields_total"",""labels"":[""filter_name"",""module"",""path"",""stream"",""writer""],""label_values"":[""default"",""DNS"",""dns"",""DNS::LOG"",""Log::WRITER_ASCII""],""value"":0.0}",1790171974551572871,1790171974551572871_65452fa5,target_acquisition,unknown,,/opt/zeek/logs/current/telemetry.log,search_man,,detect,search_man,
2026-09-23T13:59:34.551Z,1790171974551,"{""ts"":1790085036.199737,""peer"":""zeek"",""metric_type"":""counter"",""name"":""zeek_log_writer_truncated_string_fields_total"",""labels"":[""filter_name"",""module"",""path"",""stream"",""writer""],""label_values"":[""default"",""Stats"",""stats"",""Stats::LOG"",""Log::WRITER_ASCII""],""value"":0.0}",1790171974551563224,1790171974551563224_811023d9,target_acquisition,unknown,,/opt/zeek/logs/current/telemetry.log,search_man,,detect,search_man,
2026-09-23T13:59:34.551Z,1790171974551,"{""ts"":1790085036.199737,""peer"":""zeek"",""metric_type"":""counter"",""name"":""zeek_log_writer_truncated_string_fields_total"",""labels"":[""filter_name"",""module"",""path"",""stream"",""writer""],""label_values"":[""default"",""Telemetry"",""telemetry"",""Telemetry::LOG"",""Log::WRITER_ASCII""],""value"":0.0}",1790171974551558645,1790171974551558645_b3e3a3f1,target_acquisition,unknown,,/opt/zeek/logs/current/telemetry.log,search_man,,detect,search_man,
2026-09-23T13:59:34.551Z,1790171974551,"{""ts"":1790085036.199737,""peer"":""zeek"",""metric_type"":""counter"",""name"":""zeek_log_writer_truncated_string_fields_total"",""labels"":[""filter_name"",""module"",""path"",""stream"",""writer""],""label_values"":[""default"",""LoadedScripts"",""loaded_scripts"",""LoadedScripts::LOG"",""Log::WRITER_ASCII""],""value"":0.0}",1790171974551487982,1790171974551487982_c325882c,target_acquisition,unknown,,/opt/zeek/logs/current/telemetry.log,search_man,,detect,search_man,
2026-09-23T13:59:34.551Z,1790171974551,"{""ts"":1790085036.199737,""peer"":""zeek"",""metric_type"":""counter"",""name"":""zeek_log_writer_truncated_string_fields_total"",""labels"":[""filter_name"",""module"",""path"",""stream"",""writer""],""label_values"":[""default"",""PacketFilter"",""packet_filter"",""PacketFilter::LOG"",""Log::WRITER_ASCII""],""value"":0.0}",1790171974551469713,1790171974551469713_b5f32653,target_acquisition,unknown,,/opt/zeek/logs/current/telemetry.log,search_man,,detect,search_man,
2026-09-23T13:59:34.551Z,1790171974551,"{""ts"":1790085036.199737,""peer"":""zeek"",""metric_type"":""counter"",""name"":""zeek_log_writer_truncated_string_fields_total"",""labels"":[""filter_name"",""module"",""path"",""stream"",""writer""],""label_values"":[""default"",""DHCP"",""dhcp"",""DHCP::LOG"",""Log::WRITER_ASCII""],""value"":0.0}",1790171974551448372,1790171974551448372_7f1dd631,target_acquisition,unknown,,/opt/zeek/logs/current/telemetry.log,search_man,,detect,search_man,
2026-09-23T13:59:34.551Z,1790171974551,"{""ts"":1790085036.199737,""peer"":""zeek"",""metric_type"":""counter"",""name"":""zeek_log_writer_discarded_writes_total"",""labels"":[""filter_name"",""module"",""path"",""stream"",""writer""],""label_values"":[""default"",""QUIC"",""quic"",""QUIC::LOG"",""Log::WRITER_ASCII""],""value"":0.0}",1790171974551438905,1790171974551438905_b5102d8c,target_acquisition,unknown,,/opt/zeek/logs/current/telemetry.log,search_man,,detect,search_man,
2026-09-23T13:59:34.551Z,1790171974551,"{""ts"":1790085036.199737,""peer"":""zeek"",""metric_type"":""counter"",""name"":""zeek_log_writer_discarded_writes_total"",""labels"":[""filter_name"",""module"",""path"",""stream"",""writer""],""label_values"":[""default"",""Known"",""known_hosts"",""Known::HOSTS_LOG"",""Log::WRITER_ASCII""],""value"":0.0}",1790171974551433745,1790171974551433745_b48fe33b,target_acquisition,unknown,,/opt/zeek/logs/current/telemetry.log,search_man,,detect,search_man,
2026-09-23T13:59:34.551Z,1790171974551,"{""ts"":1790085036.199737,""peer"":""zeek"",""metric_type"":""counter"",""name"":""zeek_log_writer_discarded_writes_total"",""labels"":[""filter_name"",""module"",""path"",""stream"",""writer""],""label_values"":[""default"",""X509"",""x509"",""X509::LOG"",""Log::WRITER_ASCII""],""value"":0.0}",1790171974551286802,1790171974551286802_b7186a56,target_acquisition,unknown,,/opt/zeek/logs/current/telemetry.log,search_man,,detect,search_man,
2026-09-23T13:59:34.551Z,1790171974551,"{""ts"":1790085036.199737,""peer"":""zeek"",""metric_type"":""counter"",""name"":""zeek_log_writer_discarded_writes_total"",""labels"":[""filter_name"",""module"",""path"",""stream"",""writer""],""label_values"":[""default"",""NTP"",""ntp"",""NTP::LOG"",""Log::WRITER_ASCII""],""value"":0.0}",1790171974551271972,1790171974551271972_de54c2ea,target_acquisition,unknown,,/opt/zeek/logs/current/telemetry.log,search_man,,detect,search_man,
2026-09-23T13:59:34.551Z,1790171974551,"{""ts"":1790085036.199737,""peer"":""zeek"",""metric_type"":""counter"",""name"":""zeek_log_writer_discarded_writes_total"",""labels"":[""filter_name"",""module"",""path"",""stream"",""writer""],""label_values"":[""default"",""SSL"",""ssl"",""SSL::LOG"",""Log::WRITER_ASCII""],""value"":0.0}",1790171974551259821,1790171974551259821_9c800466,target_acquisition,unknown,,/opt/zeek/logs/current/telemetry.log,search_man,,detect,search_man,
2026-09-23T13:59:34.551Z,1790171974551,"{""ts"":1790085036.199737,""peer"":""zeek"",""metric_type"":""counter"",""name"":""zeek_log_writer_discarded_writes_total"",""labels"":[""filter_name"",""module"",""path"",""stream"",""writer""],""label_values"":[""default"",""Weird"",""weird"",""Weird::LOG"",""Log::WRITER_ASCII""],""value"":0.0}",1790171974551250241,1790171974551250241_b0bf0cfd,target_acquisition,unknown,,/opt/zeek/logs/current/telemetry.log,search_man,,detect,search_man,
2026-09-23T13:59:34.551Z,1790171974551,"{""ts"":1790085036.199737,""peer"":""zeek"",""metric_type"":""counter"",""name"":""zeek_log_writer_discarded_writes_total"",""labels"":[""filter_name"",""module"",""path"",""stream"",""writer""],""label_values"":[""default"",""CaptureLoss"",""capture_loss"",""CaptureLoss::LOG"",""Log::WRITER_ASCII""],""value"":0.0}",1790171974551245810,1790171974551245810_999afd08,target_acquisition,unknown,,/opt/zeek/logs/current/telemetry.log,search_man,,detect,search_man,
2026-09-23T13:59:34.551Z,1790171974551,"{""ts"":1790085036.199737,""peer"":""zeek"",""metric_type"":""counter"",""name"":""zeek_log_writer_discarded_writes_total"",""labels"":[""filter_name"",""module"",""path"",""stream"",""writer""],""label_values"":[""default"",""Notice"",""notice"",""Notice::LOG"",""Log::WRITER_ASCII""],""value"":0.0}",1790171974551174952,1790171974551174952_31365b2a,target_acquisition,unknown,,/opt/zeek/logs/current/telemetry.log,search_man,,detect,search_man,
2026-09-23T13:59:34.551Z,1790171974551,"{""ts"":1790085036.199737,""peer"":""zeek"",""metric_type"":""counter"",""name"":""zeek_log_writer_discarded_writes_total"",""labels"":[""filter_name"",""module"",""path"",""stream"",""writer""],""label_values"":[""default"",""Conn"",""conn"",""Conn::LOG"",""Log::WRITER_ASCII""],""value"":0.0}",1790171974551159733,1790171974551159733_cb6ff18c,target_acquisition,unknown,,/opt/zeek/logs/current/telemetry.log,search_man,,detect,search_man,
2026-09-23T13:59:34.551Z,1790171974551,"{""ts"":1790085036.199737,""peer"":""zeek"",""metric_type"":""counter"",""name"":""zeek_log_writer_discarded_writes_total"",""labels"":[""filter_name"",""module"",""path"",""stream"",""writer""],""label_values"":[""default"",""Known"",""known_services"",""Known::SERVICES_LOG"",""Log::WRITER_ASCII""],""value"":0.0}",1790171974551147411,1790171974551147411_35493547,target_acquisition,unknown,,/opt/zeek/logs/current/telemetry.log,search_man,,detect,search_man,
2026-09-23T13:59:34.551Z,1790171974551,"{""ts"":1790085036.199737,""peer"":""zeek"",""metric_type"":""counter"",""name"":""zeek_log_writer_discarded_writes_total"",""labels"":[""filter_name"",""module"",""path"",""stream"",""writer""],""label_values"":[""default"",""DNS"",""dns"",""DNS::LOG"",""Log::WRITER_ASCII""],""value"":0.0}",1790171974551138215,1790171974551138215_3279ad83,target_acquisition,unknown,,/opt/zeek/logs/current/telemetry.log,search_man,,detect,search_man,
2026-09-23T13:59:34.551Z,1790171974551,"{""ts"":1790085036.199737,""peer"":""zeek"",""metric_type"":""counter"",""name"":""zeek_log_writer_discarded_writes_total"",""labels"":[""filter_name"",""module"",""path"",""stream"",""writer""],""label_values"":[""default"",""Stats"",""stats"",""Stats::LOG"",""Log::WRITER_ASCII""],""value"":0.0}",1790171974551133768,1790171974551133768_2a3fff3f,target_acquisition,unknown,,/opt/zeek/logs/current/telemetry.log,search_man,,detect,search_man,
2026-09-23T13:59:34.551Z,1790171974551,"{""ts"":1790085036.199737,""peer"":""zeek"",""metric_type"":""counter"",""name"":""zeek_log_writer_discarded_writes_total"",""labels"":[""filter_name"",""module"",""path"",""stream"",""writer""],""label_values"":[""default"",""Telemetry"",""telemetry"",""Telemetry::LOG"",""Log::WRITER_ASCII""],""value"":0.0}",1790171974551065123,1790171974551065123_42797edb,target_acquisition,unknown,,/opt/zeek/logs/current/telemetry.log,search_man,,detect,search_man,
2026-09-23T13:59:34.551Z,1790171974551,"{""ts"":1790085036.199737,""peer"":""zeek"",""metric_type"":""counter"",""name"":""zeek_log_writer_discarded_writes_total"",""labels"":[""filter_name"",""module"",""path"",""stream"",""writer""],""label_values"":[""default"",""LoadedScripts"",""loaded_scripts"",""LoadedScripts::LOG"",""Log::WRITER_ASCII""],""value"":0.0}",1790171974551048107,1790171974551048107_d16ef0ae,target_acquisition,unknown,,/opt/zeek/logs/current/telemetry.log,search_man,,detect,search_man,
2026-09-23T13:59:34.551Z,1790171974551,"{""ts"":1790085036.199737,""peer"":""zeek"",""metric_type"":""counter"",""name"":""zeek_log_writer_discarded_writes_total"",""labels"":[""filter_name"",""module"",""path"",""stream"",""writer""],""label_values"":[""default"",""PacketFilter"",""packet_filter"",""PacketFilter::LOG"",""Log::WRITER_ASCII""],""value"":0.0}",1790171974551027493,1790171974551027493_37ba4b5,target_acquisition,unknown,,/opt/zeek/logs/current/telemetry.log,search_man,,detect,search_man,
2026-09-23T13:59:34.551Z,1790171974551,"{""ts"":1790085036.199737,""peer"":""zeek"",""metric_type"":""counter"",""name"":""zeek_log_writer_discarded_writes_total"",""labels"":[""filter_name"",""module"",""path"",""stream"",""writer""],""label_values"":[""default"",""DHCP"",""dhcp"",""DHCP::LOG"",""Log::WRITER_ASCII""],""value"":0.0}",1790171974551017996,1790171974551017996_511c1fc7,target_acquisition,unknown,,/opt/zeek/logs/current/telemetry.log,search_man,,detect,search_man,
2026-09-23T13:59:34.551Z,1790171974551,"{""ts"":1790085036.199737,""peer"":""zeek"",""metric_type"":""counter"",""name"":""zeek_log_writer_writes_total"",""labels"":[""filter_name"",""module"",""path"",""stream"",""writer""],""label_values"":[""default"",""QUIC"",""quic"",""QUIC::LOG"",""Log::WRITER_ASCII""],""value"":126.0}",1790171974551013155,1790171974551013155_4385fa45,target_acquisition,unknown,,/opt/zeek/logs/current/telemetry.log,search_man,,detect,search_man,
2026-09-23T13:59:34.550Z,1790171974550,"{""ts"":1790085036.199737,""peer"":""zeek"",""metric_type"":""counter"",""name"":""zeek_log_writer_writes_total"",""labels"":[""filter_name"",""module"",""path"",""stream"",""writer""],""label_values"":[""default"",""Known"",""known_hosts"",""Known::HOSTS_LOG"",""Log::WRITER_ASCII""],""value"":1.0}",1790171974550932388,1790171974550932388_acc0c52e,target_acquisition,unknown,,/opt/zeek/logs/current/telemetry.log,search_man,,detect,search_man,
2026-09-23T13:59:34.550Z,1790171974550,"{""ts"":1790085036.199737,""peer"":""zeek"",""metric_type"":""counter"",""name"":""zeek_log_writer_writes_total"",""labels"":[""filter_name"",""module"",""path"",""stream"",""writer""],""label_values"":[""default"",""X509"",""x509"",""X509::LOG"",""Log::WRITER_ASCII""],""value"":2.0}",1790171974550917057,1790171974550917057_6113c3f8,target_acquisition,unknown,,/opt/zeek/logs/current/telemetry.log,search_man,,detect,search_man,
2026-09-23T13:59:34.550Z,1790171974550,"{""ts"":1790085036.199737,""peer"":""zeek"",""metric_type"":""counter"",""name"":""zeek_log_writer_writes_total"",""labels"":[""filter_name"",""module"",""path"",""stream"",""writer""],""label_values"":[""default"",""NTP"",""ntp"",""NTP::LOG"",""Log::WRITER_ASCII""],""value"":8.0}",1790171974550904246,1790171974550904246_950250ae,target_acquisition,unknown,,/opt/zeek/logs/current/telemetry.log,search_man,,detect,search_man,
2026-09-23T13:59:34.550Z,1790171974550,"{""ts"":1790085036.199737,""peer"":""zeek"",""metric_type"":""counter"",""name"":""zeek_log_writer_writes_total"",""labels"":[""filter_name"",""module"",""path"",""stream"",""writer""],""label_values"":[""default"",""SSL"",""ssl"",""SSL::LOG"",""Log::WRITER_ASCII""],""value"":318.0}",1790171974550894799,1790171974550894799_8da5d6a,target_acquisition,unknown,,/opt/zeek/logs/current/telemetry.log,search_man,,detect,search_man,
2026-09-23T13:59:34.550Z,1790171974550,"{""ts"":1790085036.199737,""peer"":""zeek"",""metric_type"":""counter"",""name"":""zeek_log_writer_writes_total"",""labels"":[""filter_name"",""module"",""path"",""stream"",""writer""],""label_values"":[""default"",""Weird"",""weird"",""Weird::LOG"",""Log::WRITER_ASCII""],""value"":6.0}",1790171974550890141,1790171974550890141_3774c31f,target_acquisition,unknown,,/opt/zeek/logs/current/telemetry.log,search_man,,detect,search_man,
2026-09-23T13:59:34.550Z,1790171974550,"{""ts"":1790085036.199737,""peer"":""zeek"",""metric_type"":""counter"",""name"":""zeek_log_writer_writes_total"",""labels"":[""filter_name"",""module"",""path"",""stream"",""writer""],""label_values"":[""default"",""CaptureLoss"",""capture_loss"",""CaptureLoss::LOG"",""Log::WRITER_ASCII""],""value"":12.0}",1790171974550821304,1790171974550821304_5bdebbed,target_acquisition,unknown,,/opt/zeek/logs/current/telemetry.log,search_man,,detect,search_man,
2026-09-23T13:59:34.550Z,1790171974550,"{""ts"":1790085036.199737,""peer"":""zeek"",""metric_type"":""counter"",""name"":""zeek_log_writer_writes_total"",""labels"":[""filter_name"",""module"",""path"",""stream"",""writer""],""label_values"":[""default"",""Notice"",""notice"",""Notice::LOG"",""Log::WRITER_ASCII""],""value"":3.0}",1790171974550805366,1790171974550805366_8f581c3d,target_acquisition,unknown,,/opt/zeek/logs/current/telemetry.log,search_man,,detect,search_man,
2026-09-23T13:59:34.550Z,1790171974550,"{""ts"":1790085036.199737,""peer"":""zeek"",""metric_type"":""counter"",""name"":""zeek_log_writer_writes_total"",""labels"":[""filter_name"",""module"",""path"",""stream"",""writer""],""label_values"":[""default"",""Conn"",""conn"",""Conn::LOG"",""Log::WRITER_ASCII""],""value"":2863.0}",1790171974550792537,1790171974550792537_404c4ab3,target_acquisition,unknown,,/opt/zeek/logs/current/telemetry.log,search_man,,detect,search_man,
2026-09-23T13:59:34.550Z,1790171974550,"{""ts"":1790085036.199737,""peer"":""zeek"",""metric_type"":""counter"",""name"":""zeek_log_writer_writes_total"",""labels"":[""filter_name"",""module"",""path"",""stream"",""writer""],""label_values"":[""default"",""Known"",""known_services"",""Known::SERVICES_LOG"",""Log::WRITER_ASCII""],""value"":2.0}",1790171974550783633,1790171974550783633_1ce96c49,target_acquisition,unknown,,/opt/zeek/logs/current/telemetry.log,search_man,,detect,search_man,
2026-09-23T13:59:34.550Z,1790171974550,"{""ts"":1790085036.199737,""peer"":""zeek"",""metric_type"":""counter"",""name"":""zeek_log_writer_writes_total"",""labels"":[""filter_name"",""module"",""path"",""stream"",""writer""],""label_values"":[""default"",""DNS"",""dns"",""DNS::LOG"",""Log::WRITER_ASCII""],""value"":27057.0}",1790171974550779048,1790171974550779048_f9d7b138,target_acquisition,unknown,,/opt/zeek/logs/current/telemetry.log,search_man,,detect,search_man,
2026-09-23T13:59:34.550Z,1790171974550,"{""ts"":1790085036.199737,""peer"":""zeek"",""metric_type"":""counter"",""name"":""zeek_log_writer_writes_total"",""labels"":[""filter_name"",""module"",""path"",""stream"",""writer""],""label_values"":[""default"",""Stats"",""stats"",""Stats::LOG"",""Log::WRITER_ASCII""],""value"":35.0}",1790171974550708378,1790171974550708378_8679d2a1,target_acquisition,unknown,,/opt/zeek/logs/current/telemetry.log,search_man,,detect,search_man,
2026-09-23T13:59:34.550Z,1790171974550,"{""ts"":1790085036.199737,""peer"":""zeek"",""metric_type"":""counter"",""name"":""zeek_log_writer_writes_total"",""labels"":[""filter_name"",""module"",""path"",""stream"",""writer""],""label_values"":[""default"",""Telemetry"",""telemetry"",""Telemetry::LOG"",""Log::WRITER_ASCII""],""value"":42521.0}",1790171974550689503,1790171974550689503_76b2193,target_acquisition,unknown,,/opt/zeek/logs/current/telemetry.log,search_man,,detect,search_man,
2026-09-23T13:59:34.550Z,1790171974550,"{""ts"":1790085036.199737,""peer"":""zeek"",""metric_type"":""counter"",""name"":""zeek_log_writer_writes_total"",""labels"":[""filter_name"",""module"",""path"",""stream"",""writer""],""label_values"":[""default"",""LoadedScripts"",""loaded_scripts"",""LoadedScripts::LOG"",""Log::WRITER_ASCII""],""value"":559.0}",1790171974550655571,1790171974550655571_552ebf95,target_acquisition,unknown,,/opt/zeek/logs/current/telemetry.log,search_man,,detect,search_man,
2026-09-23T13:59:34.550Z,1790171974550,"{""ts"":1790085036.199737,""peer"":""zeek"",""metric_type"":""counter"",""name"":""zeek_log_writer_writes_total"",""labels"":[""filter_name"",""module"",""path"",""stream"",""writer""],""label_values"":[""default"",""PacketFilter"",""packet_filter"",""PacketFilter::LOG"",""Log::WRITER_ASCII""],""value"":1.0}",1790171974550613589,1790171974550613589_a84db1d0,target_acquisition,unknown,,/opt/zeek/logs/current/telemetry.log,search_man,,detect,search_man,
2026-09-23T13:59:34.550Z,1790171974550,"{""ts"":1790085036.199737,""peer"":""zeek"",""metric_type"":""counter"",""name"":""zeek_log_writer_writes_total"",""labels"":[""filter_name"",""module"",""path"",""stream"",""writer""],""label_values"":[""default"",""DHCP"",""dhcp"",""DHCP::LOG"",""Log::WRITER_ASCII""],""value"":16.0}",1790171974550608220,1790171974550608220_dcb0707c,target_acquisition,unknown,,/opt/zeek/logs/current/telemetry.log,search_man,,detect,search_man,
2026-09-23T13:59:34.550Z,1790171974550,"{""ts"":1790085036.199737,""peer"":""zeek"",""metric_type"":""counter"",""name"":""zeek_log_stream_writes_total"",""labels"":[""module"",""stream""],""label_values"":[""Files"",""Files::LOG""],""value"":15.0}",1790171974550539492,1790171974550539492_dd6fb951,target_acquisition,unknown,,/opt/zeek/logs/current/telemetry.log,search_man,,detect,search_man,
2026-09-23T13:59:34.550Z,1790171974550,"{""ts"":1790085036.199737,""peer"":""zeek"",""metric_type"":""counter"",""name"":""zeek_log_stream_writes_total"",""labels"":[""module"",""stream""],""label_values"":[""Stats"",""Stats::LOG""],""value"":35.0}",1790171974550523837,1790171974550523837_8667807f,target_acquisition,unknown,,/opt/zeek/logs/current/telemetry.log,search_man,,detect,search_man,
2026-09-23T13:59:34.550Z,1790171974550,"{""ts"":1790085036.199737,""peer"":""zeek"",""metric_type"":""counter"",""name"":""zeek_log_stream_writes_total"",""labels"":[""module"",""stream""],""label_values"":[""X509"",""X509::LOG""],""value"":4.0}",1790171974550512467,1790171974550512467_869c830d,target_acquisition,unknown,,/opt/zeek/logs/current/telemetry.log,search_man,,detect,search_man,
2026-09-23T13:59:34.550Z,1790171974550,"{""ts"":1790085036.199737,""peer"":""zeek"",""metric_type"":""counter"",""name"":""zeek_log_stream_writes_total"",""labels"":[""module"",""stream""],""label_values"":[""Known"",""Known::HOSTS_LOG""],""value"":1.0}",1790171974550503247,1790171974550503247_e9d38378,target_acquisition,unknown,,/opt/zeek/logs/current/telemetry.log,search_man,,detect,search_man,
2026-09-23T13:59:34.550Z,1790171974550,"{""ts"":1790085036.199737,""peer"":""zeek"",""metric_type"":""counter"",""name"":""zeek_log_stream_writes_total"",""labels"":[""module"",""stream""],""label_values"":[""CaptureLoss"",""CaptureLoss::LOG""],""value"":12.0}",1790171974550498727,1790171974550498727_79b14e7e,target_acquisition,unknown,,/opt/zeek/logs/current/telemetry.log,search_man,,detect,search_man,
2026-09-23T13:59:34.550Z,1790171974550,"{""ts"":1790085036.199737,""peer"":""zeek"",""metric_type"":""counter"",""name"":""zeek_log_stream_writes_total"",""labels"":[""module"",""stream""],""label_values"":[""Notice"",""Notice::LOG""],""value"":3.0}",1790171974550425406,1790171974550425406_c3c6d1d6,target_acquisition,unknown,,/opt/zeek/logs/current/telemetry.log,search_man,,detect,search_man,
2026-09-23T13:59:34.550Z,1790171974550,"{""ts"":1790085036.199737,""peer"":""zeek"",""metric_type"":""counter"",""name"":""zeek_log_stream_writes_total"",""labels"":[""module"",""stream""],""label_values"":[""SSL"",""SSL::LOG""],""value"":318.0}",1790171974550409627,1790171974550409627_ffa47ced,target_acquisition,unknown,,/opt/zeek/logs/current/telemetry.log,search_man,,detect,search_man,
2026-09-23T13:59:34.550Z,1790171974550,"{""ts"":1790085036.199737,""peer"":""zeek"",""metric_type"":""counter"",""name"":""zeek_log_stream_writes_total"",""labels"":[""module"",""stream""],""label_values"":[""Known"",""Known::SERVICES_LOG""],""value"":2.0}",1790171974550396822,1790171974550396822_b940354,target_acquisition,unknown,,/opt/zeek/logs/current/telemetry.log,search_man,,detect,search_man,
2026-09-23T13:59:34.550Z,1790171974550,"{""ts"":1790085036.199737,""peer"":""zeek"",""metric_type"":""counter"",""name"":""zeek_log_stream_writes_total"",""labels"":[""module"",""stream""],""label_values"":[""DHCP"",""DHCP::LOG""],""value"":16.0}",1790171974550385557,1790171974550385557_ba07089c,target_acquisition,unknown,,/opt/zeek/logs/current/telemetry.log,search_man,,detect,search_man,
2026-09-23T13:59:34.550Z,1790171974550,"{""ts"":1790085036.199737,""peer"":""zeek"",""metric_type"":""counter"",""name"":""zeek_log_stream_writes_total"",""labels"":[""module"",""stream""],""label_values"":[""Conn"",""Conn::LOG""],""value"":2863.0}",1790171974550331515,1790171974550331515_32337094,target_acquisition,unknown,,/opt/zeek/logs/current/telemetry.log,search_man,,detect,search_man,
2026-09-23T13:59:34.550Z,1790171974550,"{""ts"":1790085036.199737,""peer"":""zeek"",""metric_type"":""counter"",""name"":""zeek_log_stream_writes_total"",""labels"":[""module"",""stream""],""label_values"":[""DNS"",""DNS::LOG""],""value"":27057.0}",1790171974550228168,1790171974550228168_4ad6e2f2,target_acquisition,unknown,,/opt/zeek/logs/current/telemetry.log,search_man,,detect,search_man,
2026-09-23T13:59:34.550Z,1790171974550,"{""ts"":1790085036.199737,""peer"":""zeek"",""metric_type"":""counter"",""name"":""zeek_log_stream_writes_total"",""labels"":[""module"",""stream""],""label_values"":[""Telemetry"",""Telemetry::LOG""],""value"":42521.0}",1790171974550208106,1790171974550208106_bd3f3d4d,target_acquisition,unknown,,/opt/zeek/logs/current/telemetry.log,search_man,,detect,search_man,
2026-09-23T13:59:34.550Z,1790171974550,"{""ts"":1790085036.199737,""peer"":""zeek"",""metric_type"":""counter"",""name"":""zeek_log_stream_writes_total"",""labels"":[""module"",""stream""],""label_values"":[""LoadedScripts"",""LoadedScripts::LOG""],""value"":559.0}",1790171974550169980,1790171974550169980_18835baa,target_acquisition,unknown,,/opt/zeek/logs/current/telemetry.log,search_man,,detect,search_man,
2026-09-23T13:59:34.550Z,1790171974550,"{""ts"":1790085036.199737,""peer"":""zeek"",""metric_type"":""counter"",""name"":""zeek_log_stream_writes_total"",""labels"":[""module"",""stream""],""label_values"":[""PacketFilter"",""PacketFilter::LOG""],""value"":1.0}",1790171974550159744,1790171974550159744_b7e97780,target_acquisition,unknown,,/opt/zeek/logs/current/telemetry.log,search_man,,detect,search_man,
2026-09-23T13:59:34.550Z,1790171974550,"{""ts"":1790085036.199737,""peer"":""zeek"",""metric_type"":""counter"",""name"":""zeek_log_stream_writes_total"",""labels"":[""module"",""stream""],""label_values"":[""QUIC"",""QUIC::LOG""],""value"":126.0}",1790171974550153406,1790171974550153406_459c44a8,target_acquisition,unknown,,/opt/zeek/logs/current/telemetry.log,search_man,,detect,search_man,
2026-09-23T13:59:34.550Z,1790171974550,"{""ts"":1790085036.199737,""peer"":""zeek"",""metric_type"":""counter"",""name"":""zeek_log_stream_writes_total"",""labels"":[""module"",""stream""],""label_values"":[""Weird"",""Weird::LOG""],""value"":6.0}",1790171974550061192,1790171974550061192_febe62d3,target_acquisition,unknown,,/opt/zeek/logs/current/telemetry.log,search_man,,detect,search_man,
2026-09-23T13:59:34.549Z,1790171974549,"{""ts"":1790085036.199737,""peer"":""zeek"",""metric_type"":""counter"",""name"":""zeek_log_stream_writes_total"",""labels"":[""module"",""stream""],""label_values"":[""NTP"",""NTP::LOG""],""value"":8.0}",1790171974549959501,1790171974549959501_3bdb1119,target_acquisition,unknown,,/opt/zeek/logs/current/telemetry.log,search_man,,detect,search_man,
2026-09-23T13:59:34.549Z,1790171974549,"{""ts"":1790085036.199737,""peer"":""zeek"",""metric_type"":""gauge"",""name"":""process_start_time_seconds"",""labels"":[],""label_values"":[],""value"":1790074749.905205}",1790171974549938045,1790171974549938045_4333f7de,target_acquisition,unknown,,/opt/zeek/logs/current/telemetry.log,search_man,,detect,search_man,
2026-09-23T13:59:34.549Z,1790171974549,"{""ts"":1790085036.199737,""peer"":""zeek"",""metric_type"":""gauge"",""name"":""process_open_fds"",""labels"":[],""label_values"":[],""value"":110.0}",1790171974549912095,1790171974549912095_b3044557,target_acquisition,unknown,,/opt/zeek/logs/current/telemetry.log,search_man,,detect,search_man,
2026-09-23T13:59:34.549Z,1790171974549,"{""ts"":1790085036.199737,""peer"":""zeek"",""metric_type"":""gauge"",""name"":""process_virtual_memory_bytes"",""labels"":[],""label_values"":[],""value"":1632182272.0}",1790171974549864753,1790171974549864753_3c1ec98c,target_acquisition,unknown,,/opt/zeek/logs/current/telemetry.log,search_man,,detect,search_man,
2026-09-23T13:59:34.549Z,1790171974549,"{""ts"":1790085036.199737,""peer"":""zeek"",""metric_type"":""gauge"",""name"":""process_resident_memory_bytes"",""labels"":[],""label_values"":[],""value"":170049536.0}",1790171974549440904,1790171974549440904_c5ca8222,target_acquisition,unknown,,/opt/zeek/logs/current/telemetry.log,search_man,,detect,search_man,
2026-09-23T13:59:34.549Z,1790171974549,"{""ts"":1790085036.199737,""peer"":""zeek"",""metric_type"":""counter"",""name"":""process_cpu_system_seconds_total"",""labels"":[],""label_values"":[],""value"":33.63}",1790171974549424427,1790171974549424427_66c7855c,target_acquisition,unknown,,/opt/zeek/logs/current/telemetry.log,search_man,,detect,search_man,
2026-09-23T13:59:34.549Z,1790171974549,"{""ts"":1790085036.199737,""peer"":""zeek"",""metric_type"":""counter"",""name"":""process_cpu_user_seconds_total"",""labels"":[],""label_values"":[],""value"":67.05}",1790171974549410154,1790171974549410154_6fe3cdab,target_acquisition,unknown,,/opt/zeek/logs/current/telemetry.log,search_man,,detect,search_man,
2026-09-23T13:59:34.549Z,1790171974549,"{""ts"":1790084976.069322,""peer"":""zeek"",""metric_type"":""gauge"",""name"":""zeek_active_sessions"",""labels"":[""protocol""],""label_values"":[""tcp""],""value"":9.0}",1790171974549395695,1790171974549395695_5be38795,target_acquisition,unknown,,/opt/zeek/logs/current/telemetry.log,search_man,,detect,search_man,
2026-09-23T13:59:34.549Z,1790171974549,"{""ts"":1790084976.069322,""peer"":""zeek"",""metric_type"":""gauge"",""name"":""zeek_active_sessions"",""labels"":[""protocol""],""label_values"":[""udp""],""value"":15.0}",1790171974549375562,1790171974549375562_3d2a77ea,target_acquisition,unknown,,/opt/zeek/logs/current/telemetry.log,search_man,,detect,search_man,
2026-09-23T13:59:34.549Z,1790171974549,"{""ts"":1790084976.069322,""peer"":""zeek"",""metric_type"":""gauge"",""name"":""zeek_active_sessions"",""labels"":[""protocol""],""label_values"":[""icmp""],""value"":8.0}",1790171974549178094,1790171974549178094_7f72518,target_acquisition,unknown,,/opt/zeek/logs/current/telemetry.log,search_man,,detect,search_man,
2026-09-23T13:59:34.549Z,1790171974549,"{""ts"":1790084976.069322,""peer"":""zeek"",""metric_type"":""gauge"",""name"":""zeek_pending_triggers"",""labels"":[],""label_values"":[],""value"":0.0}",1790171974549173062,1790171974549173062_82a216b0,target_acquisition,unknown,,/opt/zeek/logs/current/telemetry.log,search_man,,detect,search_man,
2026-09-23T13:59:34.549Z,1790171974549,"{""ts"":1790084976.069322,""peer"":""zeek"",""metric_type"":""gauge"",""name"":""zeek_dnsmgr_cache_entries"",""labels"":[""type""],""label_values"":[""host""],""value"":0.0}",1790171974549084368,1790171974549084368_62769722,target_acquisition,unknown,,/opt/zeek/logs/current/telemetry.log,search_man,,detect,search_man,
2026-09-23T13:59:34.549Z,1790171974549,"{""ts"":1790084976.069322,""peer"":""zeek"",""metric_type"":""gauge"",""name"":""zeek_dnsmgr_cache_entries"",""labels"":[""type""],""label_values"":[""address""],""value"":0.0}",1790171974549068940,1790171974549068940_87c396c,target_acquisition,unknown,,/opt/zeek/logs/current/telemetry.log,search_man,,detect,search_man,
2026-09-23T13:59:34.549Z,1790171974549,"{""ts"":1790084976.069322,""peer"":""zeek"",""metric_type"":""gauge"",""name"":""zeek_dnsmgr_cache_entries"",""labels"":[""type""],""label_values"":[""text""],""value"":0.0}",1790171974549056586,1790171974549056586_738c9429,target_acquisition,unknown,,/opt/zeek/logs/current/telemetry.log,search_man,,detect,search_man,
2026-09-23T13:59:34.549Z,1790171974549,"{""ts"":1790084976.069322,""peer"":""zeek"",""metric_type"":""gauge"",""name"":""zeek_dnsmgr_pending_asyncs_requests"",""labels"":[],""label_values"":[],""value"":0.0}",1790171974549047225,1790171974549047225_ef4d4545,target_acquisition,unknown,,/opt/zeek/logs/current/telemetry.log,search_man,,detect,search_man,
2026-09-23T13:59:34.549Z,1790171974549,"{""ts"":1790084976.069322,""peer"":""zeek"",""metric_type"":""gauge"",""name"":""zeek_timers_pending"",""labels"":[""type""],""label_values"":[""TCPConnectionPartialClose""],""value"":0.0}",1790171974549042047,1790171974549042047_6611b54d,target_acquisition,unknown,,/opt/zeek/logs/current/telemetry.log,search_man,,detect,search_man,
2026-09-23T13:59:34.548Z,1790171974548,"{""ts"":1790084976.069322,""peer"":""zeek"",""metric_type"":""gauge"",""name"":""zeek_timers_pending"",""labels"":[""type""],""label_values"":[""TCPConnectionAttemptTimer""],""value"":0.0}",1790171974548963461,1790171974548963461_44e7e4c6,target_acquisition,unknown,,/opt/zeek/logs/current/telemetry.log,search_man,,detect,search_man,
2026-09-23T13:59:34.548Z,1790171974548,"{""ts"":1790084976.069322,""peer"":""zeek"",""metric_type"":""gauge"",""name"":""zeek_timers_pending"",""labels"":[""type""],""label_values"":[""TableValTimer""],""value"":36.0}",1790171974548948439,1790171974548948439_f965ee1c,target_acquisition,unknown,,/opt/zeek/logs/current/telemetry.log,search_man,,detect,search_man,
2026-09-23T13:59:34.548Z,1790171974548,"{""ts"":1790084976.069322,""peer"":""zeek"",""metric_type"":""gauge"",""name"":""zeek_timers_pending"",""labels"":[""type""],""label_values"":[""TriggerTimer""],""value"":0.0}",1790171974548936303,1790171974548936303_a5c48228,target_acquisition,unknown,,/opt/zeek/logs/current/telemetry.log,search_man,,detect,search_man,
2026-09-23T13:59:34.548Z,1790171974548,"{""ts"":1790084976.069322,""peer"":""zeek"",""metric_type"":""gauge"",""name"":""zeek_timers_pending"",""labels"":[""type""],""label_values"":[""ConnectionDeleteTimer""],""value"":0.0}",1790171974548927386,1790171974548927386_b81b481d,target_acquisition,unknown,,/opt/zeek/logs/current/telemetry.log,search_man,,detect,search_man,
2026-09-23T13:59:34.548Z,1790171974548,"{""ts"":1790084976.069322,""peer"":""zeek"",""metric_type"":""gauge"",""name"":""zeek_timers_pending"",""labels"":[""type""],""label_values"":[""RPCExpireTimer""],""value"":0.0}",1790171974548923031,1790171974548923031_e3e29b3c,target_acquisition,unknown,,/opt/zeek/logs/current/telemetry.log,search_man,,detect,search_man,
2026-09-23T13:59:34.548Z,1790171974548,"{""ts"":1790084976.069322,""peer"":""zeek"",""metric_type"":""gauge"",""name"":""zeek_timers_pending"",""labels"":[""type""],""label_values"":[""NTPExpireTimer""],""value"":0.0}",1790171974548854743,1790171974548854743_a6937f81,target_acquisition,unknown,,/opt/zeek/logs/current/telemetry.log,search_man,,detect,search_man,
2026-09-23T13:59:34.548Z,1790171974548,"{""ts"":1790084976.069322,""peer"":""zeek"",""metric_type"":""gauge"",""name"":""zeek_timers_pending"",""labels"":[""type""],""label_values"":[""ScheduleTimer""],""value"":6.0}",1790171974548839751,1790171974548839751_3946143d,target_acquisition,unknown,,/opt/zeek/logs/current/telemetry.log,search_man,,detect,search_man,
2026-09-23T13:59:34.548Z,1790171974548,"{""ts"":1790084976.069322,""peer"":""zeek"",""metric_type"":""gauge"",""name"":""zeek_timers_pending"",""labels"":[""type""],""label_values"":[""TCPConnectionDeleteTimer""],""value"":0.0}",1790171974548828463,1790171974548828463_5c85d278,target_acquisition,unknown,,/opt/zeek/logs/current/telemetry.log,search_man,,detect,search_man,
2026-09-23T13:59:34.548Z,1790171974548,"{""ts"":1790084976.069322,""peer"":""zeek"",""metric_type"":""gauge"",""name"":""zeek_timers_pending"",""labels"":[""type""],""label_values"":[""ConnTupleWeirdTimer""],""value"":0.0}",1790171974548819632,1790171974548819632_581de133,target_acquisition,unknown,,/opt/zeek/logs/current/telemetry.log,search_man,,detect,search_man,
2026-09-23T13:59:34.548Z,1790171974548,"{""ts"":1790084976.069322,""peer"":""zeek"",""metric_type"":""gauge"",""name"":""zeek_timers_pending"",""labels"":[""type""],""label_values"":[""TCPConnectionResetTimer""],""value"":0.0}",1790171974548815153,1790171974548815153_f496de20,target_acquisition,unknown,,/opt/zeek/logs/current/telemetry.log,search_man,,detect,search_man,
2026-09-23T13:59:34.548Z,1790171974548,"{""ts"":1790084976.069322,""peer"":""zeek"",""metric_type"":""gauge"",""name"":""zeek_timers_pending"",""labels"":[""type""],""label_values"":[""RemoveConnection""],""value"":0.0}",1790171974548744917,1790171974548744917_e113de47,target_acquisition,unknown,,/opt/zeek/logs/current/telemetry.log,search_man,,detect,search_man,
2026-09-23T13:59:34.548Z,1790171974548,"{""ts"":1790084976.069322,""peer"":""zeek"",""metric_type"":""gauge"",""name"":""zeek_timers_pending"",""labels"":[""type""],""label_values"":[""NetworkTimer""],""value"":0.0}",1790171974548730040,1790171974548730040_f69fb6ca,target_acquisition,unknown,,/opt/zeek/logs/current/telemetry.log,search_man,,detect,search_man,
2026-09-23T13:59:34.548Z,1790171974548,"{""ts"":1790084976.069322,""peer"":""zeek"",""metric_type"":""gauge"",""name"":""zeek_timers_pending"",""labels"":[""type""],""label_values"":[""NetbiosExpireTimer""],""value"":0.0}",1790171974548718516,1790171974548718516_a6fa4b0f,target_acquisition,unknown,,/opt/zeek/logs/current/telemetry.log,search_man,,detect,search_man,
2026-09-23T13:59:34.548Z,1790171974548,"{""ts"":1790084976.069322,""peer"":""zeek"",""metric_type"":""gauge"",""name"":""zeek_timers_pending"",""labels"":[""type""],""label_values"":[""BackdoorTimer""],""value"":0.0}",1790171974548707266,1790171974548707266_fea68991,target_acquisition,unknown,,/opt/zeek/logs/current/telemetry.log,search_man,,detect,search_man,
2026-09-23T13:59:34.548Z,1790171974548,"{""ts"":1790084976.069322,""peer"":""zeek"",""metric_type"":""gauge"",""name"":""zeek_timers_pending"",""labels"":[""type""],""label_values"":[""BreakpointTimer""],""value"":0.0}",1790171974548694396,1790171974548694396_e1d7ed1d,target_acquisition,unknown,,/opt/zeek/logs/current/telemetry.log,search_man,,detect,search_man,
2026-09-23T13:59:34.548Z,1790171974548,"{""ts"":1790084976.069322,""peer"":""zeek"",""metric_type"":""gauge"",""name"":""zeek_timers_pending"",""labels"":[""type""],""label_values"":[""ConnectionExpireTimer""],""value"":0.0}",1790171974548627286,1790171974548627286_ce42f19,target_acquisition,unknown,,/opt/zeek/logs/current/telemetry.log,search_man,,detect,search_man,
2026-09-23T13:59:34.548Z,1790171974548,"{""ts"":1790084976.069322,""peer"":""zeek"",""metric_type"":""gauge"",""name"":""zeek_timers_pending"",""labels"":[""type""],""label_values"":[""ProfileTimer""],""value"":0.0}",1790171974548612235,1790171974548612235_25b20939,target_acquisition,unknown,,/opt/zeek/logs/current/telemetry.log,search_man,,detect,search_man,
2026-09-23T13:59:34.548Z,1790171974548,"{""ts"":1790084976.069322,""peer"":""zeek"",""metric_type"":""gauge"",""name"":""zeek_timers_pending"",""labels"":[""type""],""label_values"":[""UnknownProtocolExpire""],""value"":0.0}",1790171974548600876,1790171974548600876_c3adeb8a,target_acquisition,unknown,,/opt/zeek/logs/current/telemetry.log,search_man,,detect,search_man,
2026-09-23T13:59:34.548Z,1790171974548,"{""ts"":1790084976.069322,""peer"":""zeek"",""metric_type"":""gauge"",""name"":""zeek_timers_pending"",""labels"":[""type""],""label_values"":[""DNSExpireTimer""],""value"":5.0}",1790171974548591995,1790171974548591995_14644029,target_acquisition,unknown,,/opt/zeek/logs/current/telemetry.log,search_man,,detect,search_man,
2026-09-23T13:59:34.548Z,1790171974548,"{""ts"":1790084976.069322,""peer"":""zeek"",""metric_type"":""gauge"",""name"":""zeek_timers_pending"",""labels"":[""type""],""label_values"":[""IPTunnelInactivityTimer""],""value"":0.0}",1790171974548587608,1790171974548587608_dac879c3,target_acquisition,unknown,,/opt/zeek/logs/current/telemetry.log,search_man,,detect,search_man,
2026-09-23T13:59:34.548Z,1790171974548,"{""ts"":1790084976.069322,""peer"":""zeek"",""metric_type"":""gauge"",""name"":""zeek_timers_pending"",""labels"":[""type""],""label_values"":[""InterconnTimer""],""value"":0.0}",1790171974548521037,1790171974548521037_6399eb08,target_acquisition,unknown,,/opt/zeek/logs/current/telemetry.log,search_man,,detect,search_man,
2026-09-23T13:59:34.548Z,1790171974548,"{""ts"":1790084976.069322,""peer"":""zeek"",""metric_type"":""gauge"",""name"":""zeek_timers_pending"",""labels"":[""type""],""label_values"":[""NetWeirdTimer""],""value"":0.0}",1790171974548505647,1790171974548505647_d534d1c6,target_acquisition,unknown,,/opt/zeek/logs/current/telemetry.log,search_man,,detect,search_man,
2026-09-23T13:59:34.548Z,1790171974548,"{""ts"":1790084976.069322,""peer"":""zeek"",""metric_type"":""gauge"",""name"":""zeek_timers_pending"",""labels"":[""type""],""label_values"":[""LogFlushWriteBufferTimer""],""value"":1.0}",1790171974548494047,1790171974548494047_ee619f70,target_acquisition,unknown,,/opt/zeek/logs/current/telemetry.log,search_man,,detect,search_man,
2026-09-23T13:59:34.548Z,1790171974548,"{""ts"":1790084976.069322,""peer"":""zeek"",""metric_type"":""gauge"",""name"":""zeek_timers_pending"",""labels"":[""type""],""label_values"":[""ConnectionStatusUpdateTimer""],""value"":0.0}",1790171974548484762,1790171974548484762_4a355a9,target_acquisition,unknown,,/opt/zeek/logs/current/telemetry.log,search_man,,detect,search_man,
2026-09-23T13:59:34.548Z,1790171974548,"{""ts"":1790084976.069322,""peer"":""zeek"",""metric_type"":""gauge"",""name"":""zeek_timers_pending"",""labels"":[""type""],""label_values"":[""TCPConnectionExpireTimer""],""value"":9.0}",1790171974548480307,1790171974548480307_8519d181,target_acquisition,unknown,,/opt/zeek/logs/current/telemetry.log,search_man,,detect,search_man,
2026-09-23T13:59:34.548Z,1790171974548,"{""ts"":1790084976.069322,""peer"":""zeek"",""metric_type"":""gauge"",""name"":""zeek_timers_pending"",""labels"":[""type""],""label_values"":[""ConnectionInactivityTimer""],""value"":32.0}",1790171974548412225,1790171974548412225_c5699ed3,target_acquisition,unknown,,/opt/zeek/logs/current/telemetry.log,search_man,,detect,search_man,
2026-09-23T13:59:34.548Z,1790171974548,"{""ts"":1790084976.069322,""peer"":""zeek"",""metric_type"":""gauge"",""name"":""zeek_timers_pending"",""labels"":[""type""],""label_values"":[""StorageExpire""],""value"":1.0}",1790171974548397810,1790171974548397810_2682dc4e,target_acquisition,unknown,,/opt/zeek/logs/current/telemetry.log,search_man,,detect,search_man,
2026-09-23T13:59:34.548Z,1790171974548,"{""ts"":1790084976.069322,""peer"":""zeek"",""metric_type"":""gauge"",""name"":""zeek_timers_pending"",""labels"":[""type""],""label_values"":[""FileAnalysisInactivityTimer""],""value"":0.0}",1790171974548385948,1790171974548385948_3d850d00,target_acquisition,unknown,,/opt/zeek/logs/current/telemetry.log,search_man,,detect,search_man,
2026-09-23T13:59:34.548Z,1790171974548,"{""ts"":1790084976.069322,""peer"":""zeek"",""metric_type"":""gauge"",""name"":""zeek_timers_pending"",""labels"":[""type""],""label_values"":[""FlowWeirdTimer""],""value"":0.0}",1790171974548376869,1790171974548376869_9b316cb9,target_acquisition,unknown,,/opt/zeek/logs/current/telemetry.log,search_man,,detect,search_man,
2026-09-23T13:59:34.548Z,1790171974548,"{""ts"":1790084976.069322,""peer"":""zeek"",""metric_type"":""gauge"",""name"":""zeek_timers_pending"",""labels"":[""type""],""label_values"":[""RotateTimer""],""value"":16.0}",1790171974548372069,1790171974548372069_8e7a6ac6,target_acquisition,unknown,,/opt/zeek/logs/current/telemetry.log,search_man,,detect,search_man,
2026-09-23T13:59:34.548Z,1790171974548,"{""ts"":1790084976.069322,""peer"":""zeek"",""metric_type"":""gauge"",""name"":""zeek_timers_pending"",""labels"":[""type""],""label_values"":[""FragTimer""],""value"":0.0}",1790171974548304839,1790171974548304839_65b1d45e,target_acquisition,unknown,,/opt/zeek/logs/current/telemetry.log,search_man,,detect,search_man,
2026-09-23T13:59:34.548Z,1790171974548,"{""ts"":1790084976.069322,""peer"":""zeek"",""metric_type"":""gauge"",""name"":""zeek_timers_pending"",""labels"":[""type""],""label_values"":[""ParentProcessIDCheck""],""value"":0.0}",1790171974548290180,1790171974548290180_341bdaa7,target_acquisition,unknown,,/opt/zeek/logs/current/telemetry.log,search_man,,detect,search_man,
2026-09-23T13:59:34.548Z,1790171974548,"{""ts"":1790084976.069322,""peer"":""zeek"",""metric_type"":""gauge"",""name"":""zeek_timers_pending"",""labels"":[""type""],""label_values"":[""TablePublishBatchedChanges""],""value"":0.0}",1790171974548277677,1790171974548277677_e976a404,target_acquisition,unknown,,/opt/zeek/logs/current/telemetry.log,search_man,,detect,search_man,
2026-09-23T13:59:34.548Z,1790171974548,"{""ts"":1790084976.069322,""peer"":""zeek"",""metric_type"":""gauge"",""name"":""zeek_timers_pending"",""labels"":[""type""],""label_values"":[""TimerMgrExpireTimer""],""value"":0.0}",1790171974548268802,1790171974548268802_4b0b3e7c,target_acquisition,unknown,,/opt/zeek/logs/current/telemetry.log,search_man,,detect,search_man,
2026-09-23T13:59:34.548Z,1790171974548,"{""ts"":1790084976.069322,""peer"":""zeek"",""metric_type"":""gauge"",""name"":""zeek_timers_pending"",""labels"":[""type""],""label_values"":[""ThreadHeartbeat""],""value"":1.0}",1790171974548264250,1790171974548264250_59923ce4,target_acquisition,unknown,,/opt/zeek/logs/current/telemetry.log,search_man,,detect,search_man,
2026-09-23T13:59:34.548Z,1790171974548,"{""ts"":1790084976.069322,""peer"":""zeek"",""metric_type"":""gauge"",""name"":""zeek_timers_pending"",""labels"":[""type""],""label_values"":[""LogDelayExpire""],""value"":0.0}",1790171974548193690,1790171974548193690_333f9f39,target_acquisition,unknown,,/opt/zeek/logs/current/telemetry.log,search_man,,detect,search_man,
2026-09-23T13:59:34.548Z,1790171974548,"{""ts"":1790084976.069322,""peer"":""zeek"",""metric_type"":""gauge"",""name"":""zeek_timers_lag_time_seconds"",""labels"":[],""label_values"":[],""value"":0.00017213821411132813}",1790171974548178052,1790171974548178052_ad2bba2f,target_acquisition,unknown,,/opt/zeek/logs/current/telemetry.log,search_man,,detect,search_man,
2026-09-23T13:59:34.548Z,1790171974548,"{""ts"":1790084976.069322,""peer"":""zeek"",""metric_type"":""gauge"",""name"":""zeek_broker_pending_queries"",""labels"":[],""label_values"":[],""value"":0.0}",1790171974548165969,1790171974548165969_e3e4b2cf,target_acquisition,unknown,,/opt/zeek/logs/current/telemetry.log,search_man,,detect,search_man,
2026-09-23T13:59:34.548Z,1790171974548,"{""ts"":1790084976.069322,""peer"":""zeek"",""metric_type"":""gauge"",""name"":""zeek_broker_stores"",""labels"":[],""label_values"":[],""value"":1.0}",1790171974548156348,1790171974548156348_d3ffe844,target_acquisition,unknown,,/opt/zeek/logs/current/telemetry.log,search_man,,detect,search_man,
2026-09-23T13:59:34.548Z,1790171974548,"{""ts"":1790084976.069322,""peer"":""zeek"",""metric_type"":""gauge"",""name"":""zeek_broker_peers"",""labels"":[],""label_values"":[],""value"":0.0}",1790171974548151333,1790171974548151333_1c872522,target_acquisition,unknown,,/opt/zeek/logs/current/telemetry.log,search_man,,detect,search_man,
2026-09-23T13:59:34.548Z,1790171974548,"{""ts"":1790084976.069322,""peer"":""zeek"",""metric_type"":""gauge"",""name"":""zeek_msgthread_pending_messages_out_buckets"",""labels"":[""leq""],""label_values"":[""1""],""value"":17.0}",1790171974548070148,1790171974548070148_ef928f3f,target_acquisition,unknown,,/opt/zeek/logs/current/telemetry.log,search_man,,detect,search_man,
2026-09-23T13:59:34.548Z,1790171974548,"{""ts"":1790084976.069322,""peer"":""zeek"",""metric_type"":""gauge"",""name"":""zeek_msgthread_pending_messages_out_buckets"",""labels"":[""leq""],""label_values"":[""10""],""value"":17.0}",1790171974548055250,1790171974548055250_cd7f992d,target_acquisition,unknown,,/opt/zeek/logs/current/telemetry.log,search_man,,detect,search_man,
2026-09-23T13:59:34.548Z,1790171974548,"{""ts"":1790084976.069322,""peer"":""zeek"",""metric_type"":""gauge"",""name"":""zeek_msgthread_pending_messages_out_buckets"",""labels"":[""leq""],""label_values"":[""100""],""value"":17.0}",1790171974548043435,1790171974548043435_f74a0a47,target_acquisition,unknown,,/opt/zeek/logs/current/telemetry.log,search_man,,detect,search_man,
2026-09-23T13:59:34.548Z,1790171974548,"{""ts"":1790084976.069322,""peer"":""zeek"",""metric_type"":""gauge"",""name"":""zeek_msgthread_pending_messages_out_buckets"",""labels"":[""leq""],""label_values"":[""1000""],""value"":17.0}",1790171974548034138,1790171974548034138_8804e585,target_acquisition,unknown,,/opt/zeek/logs/current/telemetry.log,search_man,,detect,search_man,
2026-09-23T13:59:34.548Z,1790171974548,"{""ts"":1790084976.069322,""peer"":""zeek"",""metric_type"":""gauge"",""name"":""zeek_msgthread_pending_messages_out_buckets"",""labels"":[""leq""],""label_values"":[""10000""],""value"":17.0}",1790171974548029527,1790171974548029527_a018d94f,target_acquisition,unknown,,/opt/zeek/logs/current/telemetry.log,search_man,,detect,search_man,
2026-09-23T13:59:34.547Z,1790171974547,"{""ts"":1790084976.069322,""peer"":""zeek"",""metric_type"":""gauge"",""name"":""zeek_msgthread_pending_messages_out_buckets"",""labels"":[""leq""],""label_values"":[""inf""],""value"":17.0}",1790171974547949965,1790171974547949965_69fc9ac7,target_acquisition,unknown,,/opt/zeek/logs/current/telemetry.log,search_man,,detect,search_man,
2026-09-23T13:59:34.547Z,1790171974547,"{""ts"":1790084976.069322,""peer"":""zeek"",""metric_type"":""gauge"",""name"":""zeek_msgthread_pending_messages_in_buckets"",""labels"":[""leq""],""label_values"":[""1""],""value"":17.0}",1790171974547934761,1790171974547934761_ea45d7e8,target_acquisition,unknown,,/opt/zeek/logs/current/telemetry.log,search_man,,detect,search_man,
2026-09-23T13:59:34.547Z,1790171974547,"{""ts"":1790084976.069322,""peer"":""zeek"",""metric_type"":""gauge"",""name"":""zeek_msgthread_pending_messages_in_buckets"",""labels"":[""leq""],""label_values"":[""10""],""value"":17.0}",1790171974547919365,1790171974547919365_25b16bac,target_acquisition,unknown,,/opt/zeek/logs/current/telemetry.log,search_man,,detect,search_man,
2026-09-23T13:59:34.547Z,1790171974547,"{""ts"":1790084976.069322,""peer"":""zeek"",""metric_type"":""gauge"",""name"":""zeek_msgthread_pending_messages_in_buckets"",""labels"":[""leq""],""label_values"":[""100""],""value"":17.0}",1790171974547891347,1790171974547891347_1da897b8,target_acquisition,unknown,,/opt/zeek/logs/current/telemetry.log,search_man,,detect,search_man,
2026-09-23T13:59:34.547Z,1790171974547,"{""ts"":1790084976.069322,""peer"":""zeek"",""metric_type"":""gauge"",""name"":""zeek_msgthread_pending_messages_in_buckets"",""labels"":[""leq""],""label_values"":[""1000""],""value"":17.0}",1790171974547886995,1790171974547886995_682bfcbc,target_acquisition,unknown,,/opt/zeek/logs/current/telemetry.log,search_man,,detect,search_man,
2026-09-23T13:59:34.547Z,1790171974547,"{""ts"":1790084976.069322,""peer"":""zeek"",""metric_type"":""gauge"",""name"":""zeek_msgthread_pending_messages_in_buckets"",""labels"":[""leq""],""label_values"":[""10000""],""value"":17.0}",1790171974547816361,1790171974547816361_7a419948,target_acquisition,unknown,,/opt/zeek/logs/current/telemetry.log,search_man,,detect,search_man,
2026-09-23T13:59:34.547Z,1790171974547,"{""ts"":1790084976.069322,""peer"":""zeek"",""metric_type"":""gauge"",""name"":""zeek_msgthread_pending_messages_in_buckets"",""labels"":[""leq""],""label_values"":[""inf""],""value"":17.0}",1790171974547801027,1790171974547801027_ffd9c9e4,target_acquisition,unknown,,/opt/zeek/logs/current/telemetry.log,search_man,,detect,search_man,
2026-09-23T13:59:34.547Z,1790171974547,"{""ts"":1790084976.069322,""peer"":""zeek"",""metric_type"":""gauge"",""name"":""zeek_msgthread_pending_out_messages"",""labels"":[],""label_values"":[],""value"":0.0}",1790171974547788651,1790171974547788651_f289eb62,target_acquisition,unknown,,/opt/zeek/logs/current/telemetry.log,search_man,,detect,search_man,
2026-09-23T13:59:34.547Z,1790171974547,"{""ts"":1790084976.069322,""peer"":""zeek"",""metric_type"":""gauge"",""name"":""zeek_msgthread_pending_in_messages"",""labels"":[],""label_values"":[],""value"":0.0}",1790171974547775153,1790171974547775153_95f5a8ff,target_acquisition,unknown,,/opt/zeek/logs/current/telemetry.log,search_man,,detect,search_man,
2026-09-23T13:59:34.547Z,1790171974547,"{""ts"":1790084976.069322,""peer"":""zeek"",""metric_type"":""gauge"",""name"":""zeek_msgthread_active_threads"",""labels"":[],""label_values"":[],""value"":17.0}",1790171974547650448,1790171974547650448_5c91a6b5,target_acquisition,unknown,,/opt/zeek/logs/current/telemetry.log,search_man,,detect,search_man,
2026-09-23T13:59:34.547Z,1790171974547,"{""ts"":1790084976.069322,""peer"":""zeek"",""metric_type"":""gauge"",""name"":""zeek_net_timestamp_seconds"",""labels"":[],""label_values"":[],""value"":1790084976.069322}",1790171974547552920,1790171974547552920_50b44cee,target_acquisition,unknown,,/opt/zeek/logs/current/telemetry.log,search_man,,detect,search_man,
2026-09-23T13:59:34.547Z,1790171974547,"{""ts"":1790084976.069322,""peer"":""zeek"",""metric_type"":""gauge"",""name"":""zeek_net_packet_lag_seconds"",""labels"":[],""label_values"":[],""value"":0.009892940521240234}",1790171974547537834,1790171974547537834_5b7c590a,target_acquisition,unknown,,/opt/zeek/logs/current/telemetry.log,search_man,,detect,search_man,
2026-09-23T13:59:34.547Z,1790171974547,"{""ts"":1790084976.069322,""peer"":""zeek"",""metric_type"":""gauge"",""name"":""zeek_version_info"",""labels"":[""beta"",""commit"",""debug"",""major"",""minor"",""patch"",""version_number"",""version_string""],""label_values"":[""false"",""0"",""false"",""8"",""2"",""2"",""80202"",""8.2.2""],""value"":1.0}",1790171974547525836,1790171974547525836_555a8004,target_acquisition,debug,,/opt/zeek/logs/current/telemetry.log,search_man,,detect,search_man,
2026-09-23T13:59:34.547Z,1790171974547,"{""ts"":1790084976.069322,""peer"":""zeek"",""metric_type"":""counter"",""name"":""zeek_total_sessions_total"",""labels"":[""protocol""],""label_values"":[""tcp""],""value"":789.0}",1790171974547515058,1790171974547515058_3a71a546,target_acquisition,unknown,,/opt/zeek/logs/current/telemetry.log,search_man,,detect,search_man,
2026-09-23T13:59:34.547Z,1790171974547,"{""ts"":1790084976.069322,""peer"":""zeek"",""metric_type"":""counter"",""name"":""zeek_total_sessions_total"",""labels"":[""protocol""],""label_values"":[""udp""],""value"":1668.0}",1790171974547510697,1790171974547510697_f7e72803,target_acquisition,unknown,,/opt/zeek/logs/current/telemetry.log,search_man,,detect,search_man,
2026-09-23T13:59:34.547Z,1790171974547,"{""ts"":1790084976.069322,""peer"":""zeek"",""metric_type"":""counter"",""name"":""zeek_total_sessions_total"",""labels"":[""protocol""],""label_values"":[""icmp""],""value"":412.0}",1790171974547442579,1790171974547442579_9a9bcb75,target_acquisition,unknown,,/opt/zeek/logs/current/telemetry.log,search_man,,detect,search_man,
2026-09-23T13:59:34.547Z,1790171974547,"{""ts"":1790084976.069322,""peer"":""zeek"",""metric_type"":""counter"",""name"":""zeek_cluster_zeromq_proxy_backend_bytes_sent_total"",""labels"":[],""label_values"":[],""value"":0.0}",1790171974547427737,1790171974547427737_ec52972d,target_acquisition,unknown,,/opt/zeek/logs/current/telemetry.log,search_man,,detect,search_man,
2026-09-23T13:59:34.547Z,1790171974547,"{""ts"":1790084976.069322,""peer"":""zeek"",""metric_type"":""counter"",""name"":""zeek_cluster_zeromq_proxy_backend_messages_sent_total"",""labels"":[],""label_values"":[],""value"":0.0}",1790171974547415453,1790171974547415453_1b206e8e,target_acquisition,unknown,,/opt/zeek/logs/current/telemetry.log,search_man,,detect,search_man,
2026-09-23T13:59:34.547Z,1790171974547,"{""ts"":1790084976.069322,""peer"":""zeek"",""metric_type"":""counter"",""name"":""zeek_cluster_zeromq_proxy_backend_bytes_received_total"",""labels"":[],""label_values"":[],""value"":52.0}",1790171974547404365,1790171974547404365_ac71e48d,target_acquisition,unknown,,/opt/zeek/logs/current/telemetry.log,search_man,,detect,search_man,
2026-09-23T13:59:34.547Z,1790171974547,"{""ts"":1790084976.069322,""peer"":""zeek"",""metric_type"":""counter"",""name"":""zeek_cluster_zeromq_proxy_backend_messages_received_total"",""labels"":[],""label_values"":[],""value"":3.0}",1790171974547390001,1790171974547390001_62f83f4c,target_acquisition,unknown,,/opt/zeek/logs/current/telemetry.log,search_man,,detect,search_man,
2026-09-23T13:59:34.547Z,1790171974547,"{""ts"":1790084976.069322,""peer"":""zeek"",""metric_type"":""counter"",""name"":""zeek_cluster_zeromq_proxy_frontend_bytes_sent_total"",""labels"":[],""label_values"":[],""value"":52.0}",1790171974547320501,1790171974547320501_8adcff22,target_acquisition,unknown,,/opt/zeek/logs/current/telemetry.log,search_man,,detect,search_man,
2026-09-23T13:59:34.547Z,1790171974547,"{""ts"":1790084976.069322,""peer"":""zeek"",""metric_type"":""counter"",""name"":""zeek_cluster_zeromq_proxy_frontend_messages_sent_total"",""labels"":[],""label_values"":[],""value"":3.0}",1790171974547305315,1790171974547305315_3104f209,target_acquisition,unknown,,/opt/zeek/logs/current/telemetry.log,search_man,,detect,search_man,
2026-09-23T13:59:34.547Z,1790171974547,"{""ts"":1790084976.069322,""peer"":""zeek"",""metric_type"":""counter"",""name"":""zeek_cluster_zeromq_proxy_frontend_bytes_received_total"",""labels"":[],""label_values"":[],""value"":0.0}",1790171974547293116,1790171974547293116_4953b4ac,target_acquisition,unknown,,/opt/zeek/logs/current/telemetry.log,search_man,,detect,search_man,
2026-09-23T13:59:34.547Z,1790171974547,"{""ts"":1790084976.069322,""peer"":""zeek"",""metric_type"":""counter"",""name"":""zeek_cluster_zeromq_proxy_frontend_messages_received_total"",""labels"":[],""label_values"":[],""value"":0.0}",1790171974547284230,1790171974547284230_ffc126eb,target_acquisition,unknown,,/opt/zeek/logs/current/telemetry.log,search_man,,detect,search_man,
2026-09-23T13:59:34.547Z,1790171974547,"{""ts"":1790084976.069322,""peer"":""zeek"",""metric_type"":""counter"",""name"":""zeek_event_handler_invocations_total"",""labels"":[""name""],""label_values"":[""x509_ocsp_ext_signed_certificate_timestamp""],""value"":15.0}",1790171974547279727,1790171974547279727_83e7791b,target_acquisition,unknown,,/opt/zeek/logs/current/telemetry.log,search_man,,detect,search_man,
2026-09-23T13:59:34.547Z,1790171974547,"{""ts"":1790084976.069322,""peer"":""zeek"",""metric_type"":""counter"",""name"":""zeek_event_handler_invocations_total"",""labels"":[""name""],""label_values"":[""file_hash""],""value"":45.0}",1790171974547211398,1790171974547211398_76aea34f,target_acquisition,unknown,,/opt/zeek/logs/current/telemetry.log,search_man,,detect,search_man,
2026-09-23T13:59:34.547Z,1790171974547,"{""ts"":1790084976.069322,""peer"":""zeek"",""metric_type"":""counter"",""name"":""zeek_event_handler_invocations_total"",""labels"":[""name""],""label_values"":[""x509_certificate""],""value"":15.0}",1790171974547196635,1790171974547196635_658778a9,target_acquisition,unknown,,/opt/zeek/logs/current/telemetry.log,search_man,,detect,search_man,
2026-09-23T13:59:34.547Z,1790171974547,"{""ts"":1790084976.069322,""peer"":""zeek"",""metric_type"":""counter"",""name"":""zeek_event_handler_invocations_total"",""labels"":[""name""],""label_values"":[""ntp_message""],""value"":8.0}",1790171974547184080,1790171974547184080_b6791b09,target_acquisition,unknown,,/opt/zeek/logs/current/telemetry.log,search_man,,detect,search_man,
2026-09-23T13:59:34.547Z,1790171974547,"{""ts"":1790084976.069322,""peer"":""zeek"",""metric_type"":""counter"",""name"":""zeek_event_handler_invocations_total"",""labels"":[""name""],""label_values"":[""QUIC::zero_rtt_packet""],""value"":166.0}",1790171974547174610,1790171974547174610_26e78a68,target_acquisition,unknown,,/opt/zeek/logs/current/telemetry.log,search_man,,detect,search_man,
2026-09-23T13:59:34.547Z,1790171974547,"{""ts"":1790084976.069322,""peer"":""zeek"",""metric_type"":""counter"",""name"":""zeek_event_handler_invocations_total"",""labels"":[""name""],""label_values"":[""ssl_plaintext_data""],""value"":1032.0}",1790171974547170096,1790171974547170096_dc9ec520,target_acquisition,unknown,,/opt/zeek/logs/current/telemetry.log,search_man,,detect,search_man,
2026-09-23T13:59:34.547Z,1790171974547,"{""ts"":1790084976.069322,""peer"":""zeek"",""metric_type"":""counter"",""name"":""zeek_event_handler_invocations_total"",""labels"":[""name""],""label_values"":[""file_sniff""],""value"":15.0}",1790171974547101059,1790171974547101059_a38fd430,target_acquisition,unknown,,/opt/zeek/logs/current/telemetry.log,search_man,,detect,search_man,
2026-09-23T13:59:34.547Z,1790171974547,"{""ts"":1790084976.069322,""peer"":""zeek"",""metric_type"":""counter"",""name"":""zeek_event_handler_invocations_total"",""labels"":[""name""],""label_values"":[""file_over_new_connection""],""value"":15.0}",1790171974547085923,1790171974547085923_318fe0b8,target_acquisition,unknown,,/opt/zeek/logs/current/telemetry.log,search_man,,detect,search_man,
2026-09-23T13:59:34.547Z,1790171974547,"{""ts"":1790084976.069322,""peer"":""zeek"",""metric_type"":""counter"",""name"":""zeek_event_handler_invocations_total"",""labels"":[""name""],""label_values"":[""x509_extension""],""value"":125.0}",1790171974547074069,1790171974547074069_ec9cfb91,target_acquisition,unknown,,/opt/zeek/logs/current/telemetry.log,search_man,,detect,search_man,
2026-09-23T13:59:34.547Z,1790171974547,"{""ts"":1790084976.069322,""peer"":""zeek"",""metric_type"":""counter"",""name"":""zeek_event_handler_invocations_total"",""labels"":[""name""],""label_values"":[""file_new""],""value"":15.0}",1790171974547065321,1790171974547065321_c2d9d736,target_acquisition,unknown,,/opt/zeek/logs/current/telemetry.log,search_man,,detect,search_man,
2026-09-23T13:59:34.547Z,1790171974547,"{""ts"":1790084976.069322,""peer"":""zeek"",""metric_type"":""counter"",""name"":""zeek_event_handler_invocations_total"",""labels"":[""name""],""label_values"":[""ssl_ecdh_server_params""],""value"":5.0}",1790171974547060915,1790171974547060915_a0bac30a,target_acquisition,unknown,,/opt/zeek/logs/current/telemetry.log,search_man,,detect,search_man,
2026-09-23T13:59:34.546Z,1790171974546,"{""ts"":1790084976.069322,""peer"":""zeek"",""metric_type"":""counter"",""name"":""zeek_event_handler_invocations_total"",""labels"":[""name""],""label_values"":[""ssl_extension_application_layer_protocol_negotiation""],""value"":306.0}",1790171974546990986,1790171974546990986_314733ee,target_acquisition,unknown,,/opt/zeek/logs/current/telemetry.log,search_man,,detect,search_man,
2026-09-23T13:59:34.546Z,1790171974546,"{""ts"":1790084976.069322,""peer"":""zeek"",""metric_type"":""counter"",""name"":""zeek_event_handler_invocations_total"",""labels"":[""name""],""label_values"":[""file_state_remove""],""value"":15.0}",1790171974546975071,1790171974546975071_8c4f6cf2,target_acquisition,unknown,,/opt/zeek/logs/current/telemetry.log,search_man,,detect,search_man,
2026-09-23T13:59:34.546Z,1790171974546,"{""ts"":1790084976.069322,""peer"":""zeek"",""metric_type"":""counter"",""name"":""zeek_event_handler_invocations_total"",""labels"":[""name""],""label_values"":[""dns_message""],""value"":46398.0}",1790171974546963356,1790171974546963356_ae615b68,target_acquisition,unknown,,/opt/zeek/logs/current/telemetry.log,search_man,,detect,search_man,
2026-09-23T13:59:34.546Z,1790171974546,"{""ts"":1790084976.069322,""peer"":""zeek"",""metric_type"":""counter"",""name"":""zeek_event_handler_invocations_total"",""labels"":[""name""],""label_values"":[""ssl_established""],""value"":181.0}",1790171974546953800,1790171974546953800_83ceeef6,target_acquisition,unknown,,/opt/zeek/logs/current/telemetry.log,search_man,,detect,search_man,
2026-09-23T13:59:34.546Z,1790171974546,"{""ts"":1790084976.069322,""peer"":""zeek"",""metric_type"":""counter"",""name"":""zeek_event_handler_invocations_total"",""labels"":[""name""],""label_values"":[""dns_AAAA_reply""],""value"":75409.0}",1790171974546948853,1790171974546948853_f58fe459,target_acquisition,unknown,,/opt/zeek/logs/current/telemetry.log,search_man,,detect,search_man,
2026-09-23T13:59:34.546Z,1790171974546,"{""ts"":1790084976.069322,""peer"":""zeek"",""metric_type"":""counter"",""name"":""zeek_event_handler_invocations_total"",""labels"":[""name""],""label_values"":[""ssl_change_cipher_spec""],""value"":370.0}",1790171974546759480,1790171974546759480_f32edd1e,target_acquisition,unknown,,/opt/zeek/logs/current/telemetry.log,search_man,,detect,search_man,
2026-09-23T13:59:34.546Z,1790171974546,"{""ts"":1790084976.069322,""peer"":""zeek"",""metric_type"":""counter"",""name"":""zeek_event_handler_invocations_total"",""labels"":[""name""],""label_values"":[""dhcp_message""],""value"":25.0}",1790171974546741123,1790171974546741123_396aaa83,target_acquisition,unknown,,/opt/zeek/logs/current/telemetry.log,search_man,,detect,search_man,
2026-09-23T13:59:34.546Z,1790171974546,"{""ts"":1790084976.069322,""peer"":""zeek"",""metric_type"":""counter"",""name"":""zeek_event_handler_invocations_total"",""labels"":[""name""],""label_values"":[""ssl_client_hello""],""value"":319.0}",1790171974546719961,1790171974546719961_36ea261,target_acquisition,unknown,,/opt/zeek/logs/current/telemetry.log,search_man,,detect,search_man,
2026-09-23T13:59:34.546Z,1790171974546,"{""ts"":1790084976.069322,""peer"":""zeek"",""metric_type"":""counter"",""name"":""zeek_event_handler_invocations_total"",""labels"":[""name""],""label_values"":[""zeek_init""],""value"":1.0}",1790171974546710506,1790171974546710506_101a074e,target_acquisition,unknown,,/opt/zeek/logs/current/telemetry.log,search_man,,detect,search_man,
2026-09-23T13:59:34.546Z,1790171974546,"{""ts"":1790084976.069322,""peer"":""zeek"",""metric_type"":""counter"",""name"":""zeek_event_handler_invocations_total"",""labels"":[""name""],""label_values"":[""ssl_extension_server_name""],""value"":319.0}",1790171974546705871,1790171974546705871_9e603452,target_acquisition,unknown,,/opt/zeek/logs/current/telemetry.log,search_man,,detect,search_man,
2026-09-23T13:59:34.546Z,1790171974546,"{""ts"":1790084976.069322,""peer"":""zeek"",""metric_type"":""counter"",""name"":""zeek_event_handler_invocations_total"",""labels"":[""name""],""label_values"":[""known_host_add""],""value"":1.0}",1790171974546617885,1790171974546617885_487e29be,target_acquisition,unknown,,/opt/zeek/logs/current/telemetry.log,search_man,,detect,search_man,
2026-09-23T13:59:34.546Z,1790171974546,"{""ts"":1790084976.069322,""peer"":""zeek"",""metric_type"":""counter"",""name"":""zeek_event_handler_invocations_total"",""labels"":[""name""],""label_values"":[""SumStats::finish_epoch""],""value"":3.0}",1790171974546603040,1790171974546603040_c0c81e63,target_acquisition,unknown,,/opt/zeek/logs/current/telemetry.log,search_man,,detect,search_man,
2026-09-23T13:59:34.546Z,1790171974546,"{""ts"":1790084976.069322,""peer"":""zeek"",""metric_type"":""counter"",""name"":""zeek_event_handler_invocations_total"",""labels"":[""name""],""label_values"":[""filter_change_tracking""],""value"":35.0}",1790171974546590721,1790171974546590721_4d55d5ba,target_acquisition,unknown,,/opt/zeek/logs/current/telemetry.log,search_man,,detect,search_man,
2026-09-23T13:59:34.546Z,1790171974546,"{""ts"":1790084976.069322,""peer"":""zeek"",""metric_type"":""counter"",""name"":""zeek_event_handler_invocations_total"",""labels"":[""name""],""label_values"":[""QUIC::short_header_packet_threshold_crossed""],""value"":1249.0}",1790171974546581766,1790171974546581766_991e8c26,target_acquisition,unknown,,/opt/zeek/logs/current/telemetry.log,search_man,,detect,search_man,
2026-09-23T13:59:34.546Z,1790171974546,"{""ts"":1790084976.069322,""peer"":""zeek"",""metric_type"":""counter"",""name"":""zeek_event_handler_invocations_total"",""labels"":[""name""],""label_values"":[""Known::host_found""],""value"":197.0}",1790171974546576966,1790171974546576966_7a38fea4,target_acquisition,unknown,,/opt/zeek/logs/current/telemetry.log,search_man,,detect,search_man,
2026-09-23T13:59:34.546Z,1790171974546,"{""ts"":1790084976.069322,""peer"":""zeek"",""metric_type"":""counter"",""name"":""zeek_event_handler_invocations_total"",""labels"":[""name""],""label_values"":[""TrimTraceFile::go""],""value"":1.0}",1790171974546507266,1790171974546507266_9052abed,target_acquisition,unknown,,/opt/zeek/logs/current/telemetry.log,search_man,,detect,search_man,
2026-09-23T13:59:34.546Z,1790171974546,"{""ts"":1790084976.069322,""peer"":""zeek"",""metric_type"":""counter"",""name"":""zeek_event_handler_invocations_total"",""labels"":[""name""],""label_values"":[""zeek_script_loaded""],""value"":559.0}",1790171974546491921,1790171974546491921_b7f1eb8b,target_acquisition,unknown,,/opt/zeek/logs/current/telemetry.log,search_man,,detect,search_man,
2026-09-23T13:59:34.546Z,1790171974546,"{""ts"":1790084976.069322,""peer"":""zeek"",""metric_type"":""counter"",""name"":""zeek_event_handler_invocations_total"",""labels"":[""name""],""label_values"":[""dns_SRV_reply""],""value"":24925.0}",1790171974546480459,1790171974546480459_d2910255,target_acquisition,unknown,,/opt/zeek/logs/current/telemetry.log,search_man,,detect,search_man,
2026-09-23T13:59:34.546Z,1790171974546,"{""ts"":1790084976.069322,""peer"":""zeek"",""metric_type"":""counter"",""name"":""zeek_event_handler_invocations_total"",""labels"":[""name""],""label_values"":[""ssl_extension_key_share""],""value"":632.0}",1790171974546471106,1790171974546471106_a93d721a,target_acquisition,unknown,,/opt/zeek/logs/current/telemetry.log,search_man,,detect,search_man,
2026-09-23T13:59:34.546Z,1790171974546,"{""ts"":1790084976.069322,""peer"":""zeek"",""metric_type"":""counter"",""name"":""zeek_event_handler_invocations_total"",""labels"":[""name""],""label_values"":[""new_connection""],""value"":2869.0}",1790171974546466248,1790171974546466248_9734d1cd,target_acquisition,unknown,,/opt/zeek/logs/current/telemetry.log,search_man,,detect,search_man,
2026-09-23T13:59:34.546Z,1790171974546,"{""ts"":1790084976.069322,""peer"":""zeek"",""metric_type"":""counter"",""name"":""zeek_event_handler_invocations_total"",""labels"":[""name""],""label_values"":[""known_service_add""],""value"":3.0}",1790171974546398701,1790171974546398701_6b69b705,target_acquisition,unknown,,/opt/zeek/logs/current/telemetry.log,search_man,,detect,search_man,
2026-09-23T13:59:34.546Z,1790171974546,"{""ts"":1790084976.069322,""peer"":""zeek"",""metric_type"":""counter"",""name"":""zeek_event_handler_invocations_total"",""labels"":[""name""],""label_values"":[""dns_CNAME_reply""],""value"":235.0}",1790171974546383910,1790171974546383910_d618341e,target_acquisition,unknown,,/opt/zeek/logs/current/telemetry.log,search_man,,detect,search_man,
2026-09-23T13:59:34.546Z,1790171974546,"{""ts"":1790084976.069322,""peer"":""zeek"",""metric_type"":""counter"",""name"":""zeek_event_handler_invocations_total"",""labels"":[""name""],""label_values"":[""connection_established""],""value"":197.0}",1790171974546371832,1790171974546371832_39fab573,target_acquisition,unknown,,/opt/zeek/logs/current/telemetry.log,search_man,,detect,search_man,
2026-09-23T13:59:34.546Z,1790171974546,"{""ts"":1790084976.069322,""peer"":""zeek"",""metric_type"":""counter"",""name"":""zeek_event_handler_invocations_total"",""labels"":[""name""],""label_values"":[""analyzer_confirmation_info""],""value"":1734.0}",1790171974546362828,1790171974546362828_b48828c5,target_acquisition,unknown,,/opt/zeek/logs/current/telemetry.log,search_man,,detect,search_man,
2026-09-23T13:59:34.546Z,1790171974546,"{""ts"":1790084976.069322,""peer"":""zeek"",""metric_type"":""counter"",""name"":""zeek_event_handler_invocations_total"",""labels"":[""name""],""label_values"":[""service_info_commit""],""value"":718.0}",1790171974546357668,1790171974546357668_6e0da26f,target_acquisition,unknown,,/opt/zeek/logs/current/telemetry.log,search_man,,detect,search_man,
2026-09-23T13:59:34.546Z,1790171974546,"{""ts"":1790084976.069322,""peer"":""zeek"",""metric_type"":""counter"",""name"":""zeek_event_handler_invocations_total"",""labels"":[""name""],""label_values"":[""ssl_extension_supported_versions""],""value"":632.0}",1790171974546252094,1790171974546252094_8284555d,target_acquisition,unknown,,/opt/zeek/logs/current/telemetry.log,search_man,,detect,search_man,
2026-09-23T13:59:34.546Z,1790171974546,"{""ts"":1790084976.069322,""peer"":""zeek"",""metric_type"":""counter"",""name"":""zeek_event_handler_invocations_total"",""labels"":[""name""],""label_values"":[""net_stats_update""],""value"":34.0}",1790171974546233991,1790171974546233991_672b700f,target_acquisition,unknown,,/opt/zeek/logs/current/telemetry.log,search_man,,detect,search_man,
2026-09-23T13:59:34.546Z,1790171974546,"{""ts"":1790084976.069322,""peer"":""zeek"",""metric_type"":""counter"",""name"":""zeek_event_handler_invocations_total"",""labels"":[""name""],""label_values"":[""CaptureLoss::take_measurement""],""value"":13.0}",1790171974546218678,1790171974546218678_ec46a0b4,target_acquisition,unknown,,/opt/zeek/logs/current/telemetry.log,search_man,,detect,search_man,
2026-09-23T13:59:34.546Z,1790171974546,"{""ts"":1790084976.069322,""peer"":""zeek"",""metric_type"":""counter"",""name"":""zeek_event_handler_invocations_total"",""labels"":[""name""],""label_values"":[""x509_ext_subject_alternative_name""],""value"":5.0}",1790171974546203524,1790171974546203524_a10571df,target_acquisition,unknown,,/opt/zeek/logs/current/telemetry.log,search_man,,detect,search_man,
2026-09-23T13:59:34.546Z,1790171974546,"{""ts"":1790084976.069322,""peer"":""zeek"",""metric_type"":""counter"",""name"":""zeek_event_handler_invocations_total"",""labels"":[""name""],""label_values"":[""dns_end""],""value"":46398.0}",1790171974546163106,1790171974546163106_a16d23a,target_acquisition,unknown,,/opt/zeek/logs/current/telemetry.log,search_man,,detect,search_man,
2026-09-23T13:59:34.546Z,1790171974546,"{""ts"":1790084976.069322,""peer"":""zeek"",""metric_type"":""counter"",""name"":""zeek_event_handler_invocations_total"",""labels"":[""name""],""label_values"":[""dns_PTR_reply""],""value"":152063.0}",1790171974546048106,1790171974546048106_a1ec62b9,target_acquisition,unknown,,/opt/zeek/logs/current/telemetry.log,search_man,,detect,search_man,
2026-09-23T13:59:34.545Z,1790171974545,"{""ts"":1790084976.069322,""peer"":""zeek"",""metric_type"":""counter"",""name"":""zeek_event_handler_invocations_total"",""labels"":[""name""],""label_values"":[""check_stats""],""value"":34.0}",1790171974545955942,1790171974545955942_f8bd25d8,target_acquisition,unknown,,/opt/zeek/logs/current/telemetry.log,search_man,,detect,search_man,
2026-09-23T13:59:34.545Z,1790171974545,"{""ts"":1790084976.069322,""peer"":""zeek"",""metric_type"":""counter"",""name"":""zeek_event_handler_invocations_total"",""labels"":[""name""],""label_values"":[""Cluster::Backend::ZeroMQ::subscription""],""value"":3.0}",1790171974545943068,1790171974545943068_ede1f23b,target_acquisition,unknown,,/opt/zeek/logs/current/telemetry.log,search_man,,detect,search_man,
2026-09-23T13:59:34.545Z,1790171974545,"{""ts"":1790084976.069322,""peer"":""zeek"",""metric_type"":""counter"",""name"":""zeek_event_handler_invocations_total"",""labels"":[""name""],""label_values"":[""Broker::log_flush""],""value"":9744.0}",1790171974545932700,1790171974545932700_10a6f2d,target_acquisition,unknown,,/opt/zeek/logs/current/telemetry.log,search_man,,detect,search_man,
2026-09-23T13:59:34.545Z,1790171974545,"{""ts"":1790084976.069322,""peer"":""zeek"",""metric_type"":""counter"",""name"":""zeek_event_handler_invocations_total"",""labels"":[""name""],""label_values"":[""dns_rejected""],""value"":352.0}",1790171974545928265,1790171974545928265_9659141,target_acquisition,unknown,,/opt/zeek/logs/current/telemetry.log,search_man,,detect,search_man,
2026-09-23T13:59:34.545Z,1790171974545,"{""ts"":1790084976.069322,""peer"":""zeek"",""metric_type"":""counter"",""name"":""zeek_event_handler_invocations_total"",""labels"":[""name""],""label_values"":[""ssl_extension""],""value"":5698.0}",1790171974545853479,1790171974545853479_d7c71e43,target_acquisition,unknown,,/opt/zeek/logs/current/telemetry.log,search_man,,detect,search_man,
2026-09-23T13:59:34.545Z,1790171974545,"{""ts"":1790084976.069322,""peer"":""zeek"",""metric_type"":""counter"",""name"":""zeek_event_handler_invocations_total"",""labels"":[""name""],""label_values"":[""NetControl::init""],""value"":1.0}",1790171974545834321,1790171974545834321_3a3c1e3a,target_acquisition,unknown,,/opt/zeek/logs/current/telemetry.log,search_man,,detect,search_man,
2026-09-23T13:59:34.545Z,1790171974545,"{""ts"":1790084976.069322,""peer"":""zeek"",""metric_type"":""counter"",""name"":""zeek_event_handler_invocations_total"",""labels"":[""name""],""label_values"":[""Telemetry::log""],""value"":170.0}",1790171974545820897,1790171974545820897_24da2e4,target_acquisition,unknown,,/opt/zeek/logs/current/telemetry.log,search_man,,detect,search_man,
2026-09-23T13:59:34.545Z,1790171974545,"{""ts"":1790084976.069322,""peer"":""zeek"",""metric_type"":""counter"",""name"":""zeek_event_handler_invocations_total"",""labels"":[""name""],""label_values"":[""ssl_server_hello""],""value"":318.0}",1790171974545805619,1790171974545805619_eaeb1484,target_acquisition,unknown,,/opt/zeek/logs/current/telemetry.log,search_man,,detect,search_man,
2026-09-23T13:59:34.545Z,1790171974545,"{""ts"":1790084976.069322,""peer"":""zeek"",""metric_type"":""counter"",""name"":""zeek_event_handler_invocations_total"",""labels"":[""name""],""label_values"":[""ChecksumOffloading::check""],""value"":2.0}",1790171974545798792,1790171974545798792_40496d69,target_acquisition,unknown,,/opt/zeek/logs/current/telemetry.log,search_man,,detect,search_man,
2026-09-23T13:59:34.545Z,1790171974545,"{""ts"":1790084976.069322,""peer"":""zeek"",""metric_type"":""counter"",""name"":""zeek_event_handler_invocations_total"",""labels"":[""name""],""label_values"":[""QUIC::initial_packet""],""value"":1090.0}",1790171974545591675,1790171974545591675_90fd5030,target_acquisition,unknown,,/opt/zeek/logs/current/telemetry.log,search_man,,detect,search_man,
2026-09-23T13:59:34.545Z,1790171974545,"{""ts"":1790084976.069322,""peer"":""zeek"",""metric_type"":""counter"",""name"":""zeek_event_handler_invocations_total"",""labels"":[""name""],""label_values"":[""dns_TXT_reply""],""value"":24925.0}",1790171974545460398,1790171974545460398_aa4344ea,target_acquisition,unknown,,/opt/zeek/logs/current/telemetry.log,search_man,,detect,search_man,
2026-09-23T13:59:34.545Z,1790171974545,"{""ts"":1790084976.069322,""peer"":""zeek"",""metric_type"":""counter"",""name"":""zeek_event_handler_invocations_total"",""labels"":[""name""],""label_values"":[""ssl_handshake_message""],""value"":662.0}",1790171974545434887,1790171974545434887_bcb553bd,target_acquisition,unknown,,/opt/zeek/logs/current/telemetry.log,search_man,,detect,search_man,
2026-09-23T13:59:34.545Z,1790171974545,"{""ts"":1790084976.069322,""peer"":""zeek"",""metric_type"":""counter"",""name"":""zeek_event_handler_invocations_total"",""labels"":[""name""],""label_values"":[""grab_vulnerable_versions""],""value"":4.0}",1790171974545419709,1790171974545419709_42f3556,target_acquisition,unknown,,/opt/zeek/logs/current/telemetry.log,search_man,,detect,search_man,
2026-09-23T13:59:34.545Z,1790171974545,"{""ts"":1790084976.069322,""peer"":""zeek"",""metric_type"":""counter"",""name"":""zeek_event_handler_invocations_total"",""labels"":[""name""],""label_values"":[""Cluster::Backend::ZeroMQ::monitoring_event""],""value"":6.0}",1790171974545344267,1790171974545344267_5e23e192,target_acquisition,unknown,,/opt/zeek/logs/current/telemetry.log,search_man,,detect,search_man,
2026-09-23T13:59:34.545Z,1790171974545,"{""ts"":1790084976.069322,""peer"":""zeek"",""metric_type"":""counter"",""name"":""zeek_event_handler_invocations_total"",""labels"":[""name""],""label_values"":[""dns_A_reply""],""value"":9285.0}",1790171974545302287,1790171974545302287_ecc506d9,target_acquisition,unknown,,/opt/zeek/logs/current/telemetry.log,search_man,,detect,search_man,
2026-09-23T13:59:34.545Z,1790171974545,"{""ts"":1790084976.069322,""peer"":""zeek"",""metric_type"":""counter"",""name"":""zeek_event_handler_invocations_total"",""labels"":[""name""],""label_values"":[""content_gap""],""value"":4.0}",1790171974545036143,1790171974545036143_99dcd549,target_acquisition,unknown,,/opt/zeek/logs/current/telemetry.log,search_man,,detect,search_man,
2026-09-23T13:59:34.544Z,1790171974544,"{""ts"":1790084976.069322,""peer"":""zeek"",""metric_type"":""counter"",""name"":""zeek_event_handler_invocations_total"",""labels"":[""name""],""label_values"":[""connection_state_remove""],""value"":2837.0}",1790171974544988983,1790171974544988983_a1dc4d06,target_acquisition,unknown,,/opt/zeek/logs/current/telemetry.log,search_man,,detect,search_man,
2026-09-23T13:59:34.544Z,1790171974544,"{""ts"":1790084976.069322,""peer"":""zeek"",""metric_type"":""counter"",""name"":""zeek_event_handler_invocations_total"",""labels"":[""name""],""label_values"":[""dns_request""],""value"":70642.0}",1790171974544971899,1790171974544971899_b9f3cba3,target_acquisition,unknown,,/opt/zeek/logs/current/telemetry.log,search_man,,detect,search_man,
2026-09-23T13:59:34.544Z,1790171974544,"{""ts"":1790084976.069322,""peer"":""zeek"",""metric_type"":""counter"",""name"":""zeek_event_handler_invocations_total"",""labels"":[""name""],""label_values"":[""x509_ext_basic_constraints""],""value"":15.0}",1790171974544892885,1790171974544892885_56ff5eff,target_acquisition,unknown,,/opt/zeek/logs/current/telemetry.log,search_man,,detect,search_man,
2026-09-23T13:59:34.544Z,1790171974544,"{""ts"":1790084976.069322,""peer"":""zeek"",""metric_type"":""counter"",""name"":""zeek_event_handler_invocations_total"",""labels"":[""name""],""label_values"":[""DHCP::aggregate_msgs""],""value"":25.0}",1790171974544887163,1790171974544887163_224b00c1,target_acquisition,unknown,,/opt/zeek/logs/current/telemetry.log,search_man,,detect,search_man,
2026-09-23T13:59:34.544Z,1790171974544,"{""ts"":1790084976.069322,""peer"":""zeek"",""metric_type"":""counter"",""name"":""zeek_event_handler_invocations_total"",""labels"":[""name""],""label_values"":[""QUIC::handshake_packet""],""value"":705.0}",1790171974544778952,1790171974544778952_20e114a7,target_acquisition,unknown,,/opt/zeek/logs/current/telemetry.log,search_man,,detect,search_man,
2026-09-23T13:59:34.544Z,1790171974544,"{""ts"":1790084976.069322,""peer"":""zeek"",""metric_type"":""counter"",""name"":""zeek_event_handler_invocations_total"",""labels"":[""name""],""label_values"":[""conn_weird""],""value"":31.0}",1790171974544731386,1790171974544731386_e46ee843,target_acquisition,unknown,,/opt/zeek/logs/current/telemetry.log,search_man,,detect,search_man,
2026-09-23T13:59:34.544Z,1790171974544,"{""ts"":1790084976.069322,""peer"":""zeek"",""metric_type"":""counter"",""name"":""zeek_event_handler_invocations_total"",""labels"":[""name""],""label_values"":[""connection_flipped""],""value"":1.0}",1790171974544714688,1790171974544714688_f3cf3ba9,target_acquisition,unknown,,/opt/zeek/logs/current/telemetry.log,search_man,,detect,search_man,
2026-09-23T13:59:34.544Z,1790171974544,"{""ts"":1790084976.069322,""peer"":""zeek"",""metric_type"":""counter"",""name"":""zeek_event_handler_invocations_total"",""labels"":[""name""],""label_values"":[""QUIC::discarded_packet""],""value"":3.0}",1790171974544663952,1790171974544663952_9c2c1c28,target_acquisition,unknown,,/opt/zeek/logs/current/telemetry.log,search_man,,detect,search_man,
2026-09-23T13:59:34.544Z,1790171974544,"{""ts"":1790084976.069322,""peer"":""zeek"",""metric_type"":""counter"",""name"":""zeek_ended_sessions_total"",""labels"":[""reason""],""label_values"":[""inactivity""],""value"":795.0}",1790171974544658342,1790171974544658342_e0b7e57a,target_acquisition,unknown,,/opt/zeek/logs/current/telemetry.log,search_man,,detect,search_man,
2026-09-23T13:59:34.544Z,1790171974544,"{""ts"":1790084976.069322,""peer"":""zeek"",""metric_type"":""counter"",""name"":""zeek_triggers_total"",""labels"":[],""label_values"":[],""value"":0.0}",1790171974544526453,1790171974544526453_ebb03e68,target_acquisition,unknown,,/opt/zeek/logs/current/telemetry.log,search_man,,detect,search_man,
2026-09-23T13:59:34.544Z,1790171974544,"{""ts"":1790084976.069322,""peer"":""zeek"",""metric_type"":""counter"",""name"":""zeek_dnsmgr_failed_requests_total"",""labels"":[],""label_values"":[],""value"":0.0}",1790171974544510144,1790171974544510144_2908399d,target_acquisition,unknown,,/opt/zeek/logs/current/telemetry.log,search_man,,detect,search_man,
2026-09-23T13:59:34.544Z,1790171974544,"{""ts"":1790084976.069322,""peer"":""zeek"",""metric_type"":""counter"",""name"":""zeek_dnsmgr_successful_requests_total"",""labels"":[],""label_values"":[],""value"":0.0}",1790171974544460795,1790171974544460795_eff99da0,target_acquisition,unknown,,/opt/zeek/logs/current/telemetry.log,search_man,,detect,search_man,
2026-09-23T13:59:34.544Z,1790171974544,"{""ts"":1790084976.069322,""peer"":""zeek"",""metric_type"":""counter"",""name"":""zeek_dnsmgr_requests_total"",""labels"":[],""label_values"":[],""value"":0.0}",1790171974544455326,1790171974544455326_5c13cdcd,target_acquisition,unknown,,/opt/zeek/logs/current/telemetry.log,search_man,,detect,search_man,
2026-09-23T13:59:34.544Z,1790171974544,"{""ts"":1790084976.069322,""peer"":""zeek"",""metric_type"":""counter"",""name"":""zeek_timers_total"",""labels"":[],""label_values"":[],""value"":81375.0}",1790171974544354308,1790171974544354308_94302cfb,target_acquisition,unknown,,/opt/zeek/logs/current/telemetry.log,search_man,,detect,search_man,
2026-09-23T13:59:34.544Z,1790171974544,"{""ts"":1790084976.069322,""peer"":""zeek"",""metric_type"":""counter"",""name"":""zeek_broker_outgoing_ids_total"",""labels"":[],""label_values"":[],""value"":0.0}",1790171974544306309,1790171974544306309_866a6da2,target_acquisition,unknown,,/opt/zeek/logs/current/telemetry.log,search_man,,detect,search_man,
2026-09-23T13:59:34.544Z,1790171974544,"{""ts"":1790084976.069322,""peer"":""zeek"",""metric_type"":""counter"",""name"":""zeek_broker_incoming_ids_total"",""labels"":[],""label_values"":[],""value"":0.0}",1790171974544290026,1790171974544290026_fa436bf8,target_acquisition,unknown,,/opt/zeek/logs/current/telemetry.log,search_man,,detect,search_man,
2026-09-23T13:59:34.544Z,1790171974544,"{""ts"":1790084976.069322,""peer"":""zeek"",""metric_type"":""counter"",""name"":""zeek_broker_outgoing_logs_total"",""labels"":[],""label_values"":[],""value"":0.0}",1790171974544236134,1790171974544236134_892a2807,target_acquisition,unknown,,/opt/zeek/logs/current/telemetry.log,search_man,,detect,search_man,
2026-09-23T13:59:34.544Z,1790171974544,"{""ts"":1790084976.069322,""peer"":""zeek"",""metric_type"":""counter"",""name"":""zeek_broker_incoming_logs_total"",""labels"":[],""label_values"":[],""value"":0.0}",1790171974544231111,1790171974544231111_a0b76671,target_acquisition,unknown,,/opt/zeek/logs/current/telemetry.log,search_man,,detect,search_man,
2026-09-23T13:59:34.544Z,1790171974544,"{""ts"":1790084976.069322,""peer"":""zeek"",""metric_type"":""counter"",""name"":""zeek_broker_outgoing_events_total"",""labels"":[],""label_values"":[],""value"":0.0}",1790171974544129234,1790171974544129234_188f71c5,target_acquisition,unknown,,/opt/zeek/logs/current/telemetry.log,search_man,,detect,search_man,
2026-09-23T13:59:34.544Z,1790171974544,"{""ts"":1790084976.069322,""peer"":""zeek"",""metric_type"":""counter"",""name"":""zeek_broker_incoming_events_total"",""labels"":[],""label_values"":[],""value"":0.0}",1790171974544081860,1790171974544081860_d091dcd7,target_acquisition,unknown,,/opt/zeek/logs/current/telemetry.log,search_man,,detect,search_man,
2026-09-23T13:59:34.544Z,1790171974544,"{""ts"":1790084976.069322,""peer"":""zeek"",""metric_type"":""counter"",""name"":""zeek_cluster_core_incoming_events_total"",""labels"":[],""label_values"":[],""value"":0.0}",1790171974544065136,1790171974544065136_c9cebf82,target_acquisition,unknown,,/opt/zeek/logs/current/telemetry.log,search_man,,detect,search_man,
2026-09-23T13:59:34.544Z,1790171974544,"{""ts"":1790084976.069322,""peer"":""zeek"",""metric_type"":""counter"",""name"":""zeek_cluster_core_outgoing_events_total"",""labels"":[],""label_values"":[],""value"":4.0}",1790171974544014880,1790171974544014880_f16845bc,target_acquisition,unknown,,/opt/zeek/logs/current/telemetry.log,search_man,,detect,search_man,
2026-09-23T13:59:34.544Z,1790171974544,"{""ts"":1790084976.069322,""peer"":""zeek"",""metric_type"":""counter"",""name"":""zeek_cluster_zeromq_msg_errors_total"",""labels"":[],""label_values"":[],""value"":0.0}",1790171974544009650,1790171974544009650_d58a412a,target_acquisition,unknown,,/opt/zeek/logs/current/telemetry.log,search_man,,detect,search_man,
2026-09-23T13:59:34.543Z,1790171974543,"{""ts"":1790084976.069322,""peer"":""zeek"",""metric_type"":""counter"",""name"":""zeek_cluster_zeromq_onloop_drops_total"",""labels"":[],""label_values"":[],""value"":0.0}",1790171974543905254,1790171974543905254_d49ebe35,target_acquisition,unknown,,/opt/zeek/logs/current/telemetry.log,search_man,,detect,search_man,
2026-09-23T13:59:34.543Z,1790171974543,"{""ts"":1790084976.069322,""peer"":""zeek"",""metric_type"":""counter"",""name"":""zeek_cluster_zeromq_xpub_drops_total"",""labels"":[],""label_values"":[],""value"":0.0}",1790171974543858508,1790171974543858508_e793caf9,target_acquisition,unknown,,/opt/zeek/logs/current/telemetry.log,search_man,,detect,search_man,
2026-09-23T13:59:34.543Z,1790171974543,"{""ts"":1790084976.069322,""peer"":""zeek"",""metric_type"":""counter"",""name"":""zeek_cluster_onloop_queue_blocks_total"",""labels"":[""tag""],""label_values"":[""ZeroMQ""],""value"":0.0}",1790171974543842107,1790171974543842107_be9fe4be,target_acquisition,unknown,,/opt/zeek/logs/current/telemetry.log,search_man,,detect,search_man,
2026-09-23T13:59:34.543Z,1790171974543,"{""ts"":1790084976.069322,""peer"":""zeek"",""metric_type"":""counter"",""name"":""zeek_cluster_onloop_queue_blocks_total"",""labels"":[""tag""],""label_values"":[""WebSocketEventDispatcher:127.0.0.1:27759""],""value"":0.0}",1790171974543793054,1790171974543793054_76021997,target_acquisition,unknown,,/opt/zeek/logs/current/telemetry.log,search_man,,detect,search_man,
2026-09-23T13:59:34.543Z,1790171974543,"{""ts"":1790084976.069322,""peer"":""zeek"",""metric_type"":""counter"",""name"":""zeek_msgthread_out_messages_total"",""labels"":[],""label_values"":[],""value"":32.0}",1790171974543787146,1790171974543787146_6e816ba1,target_acquisition,unknown,,/opt/zeek/logs/current/telemetry.log,search_man,,detect,search_man,
2026-09-23T13:59:34.543Z,1790171974543,"{""ts"":1790084976.069322,""peer"":""zeek"",""metric_type"":""counter"",""name"":""zeek_msgthread_in_messages_total"",""labels"":[],""label_values"":[],""value"":21165.0}",1790171974543665003,1790171974543665003_6863eea6,target_acquisition,unknown,,/opt/zeek/logs/current/telemetry.log,search_man,,detect,search_man,
2026-09-23T13:59:34.543Z,1790171974543,"{""ts"":1790084976.069322,""peer"":""zeek"",""metric_type"":""counter"",""name"":""zeek_msgthread_threads_total"",""labels"":[],""label_values"":[],""value"":17.0}",1790171974543646087,1790171974543646087_8329d22c,target_acquisition,unknown,,/opt/zeek/logs/current/telemetry.log,search_man,,detect,search_man,
2026-09-23T13:59:34.543Z,1790171974543,"{""ts"":1790084976.069322,""peer"":""zeek"",""metric_type"":""counter"",""name"":""zeek_net_link_packets_total"",""labels"":[],""label_values"":[],""value"":151338.0}",1790171974543576970,1790171974543576970_866e6e5e,target_acquisition,unknown,,/opt/zeek/logs/current/telemetry.log,search_man,,detect,search_man,
2026-09-23T13:59:34.543Z,1790171974543,"{""ts"":1790084976.069322,""peer"":""zeek"",""metric_type"":""counter"",""name"":""zeek_net_dropped_packets_total"",""labels"":[],""label_values"":[],""value"":1074.0}",1790171974543566928,1790171974543566928_c2e5547b,target_acquisition,unknown,,/opt/zeek/logs/current/telemetry.log,search_man,,detect,search_man,
2026-09-23T13:59:34.543Z,1790171974543,"{""ts"":1790084976.069322,""peer"":""zeek"",""metric_type"":""counter"",""name"":""zeek_net_received_packets_total"",""labels"":[],""label_values"":[],""value"":150264.0}",1790171974543562052,1790171974543562052_55ada312,target_acquisition,unknown,,/opt/zeek/logs/current/telemetry.log,search_man,,detect,search_man,
2026-09-23T13:59:34.543Z,1790171974543,"{""ts"":1790084976.069322,""peer"":""zeek"",""metric_type"":""counter"",""name"":""zeek_net_received_bytes_total"",""labels"":[],""label_values"":[],""value"":102028670.0}",1790171974543479287,1790171974543479287_e12e58c4,target_acquisition,unknown,,/opt/zeek/logs/current/telemetry.log,search_man,,detect,search_man,
2026-09-23T13:59:34.543Z,1790171974543,"{""ts"":1790084976.069322,""peer"":""zeek"",""metric_type"":""counter"",""name"":""zeek_log_writer_truncated_containers_total"",""labels"":[""filter_name"",""module"",""path"",""stream"",""writer""],""label_values"":[""default"",""QUIC"",""quic"",""QUIC::LOG"",""Log::WRITER_ASCII""],""value"":0.0}",1790171974543469260,1790171974543469260_f30ab90f,target_acquisition,unknown,,/opt/zeek/logs/current/telemetry.log,search_man,,detect,search_man,
2026-09-23T13:59:34.543Z,1790171974543,"{""ts"":1790084976.069322,""peer"":""zeek"",""metric_type"":""counter"",""name"":""zeek_log_writer_truncated_containers_total"",""labels"":[""filter_name"",""module"",""path"",""stream"",""writer""],""label_values"":[""default"",""Known"",""known_hosts"",""Known::HOSTS_LOG"",""Log::WRITER_ASCII""],""value"":0.0}",1790171974543464351,1790171974543464351_69324de,target_acquisition,unknown,,/opt/zeek/logs/current/telemetry.log,search_man,,detect,search_man,
2026-09-23T13:59:34.543Z,1790171974543,"{""ts"":1790084976.069322,""peer"":""zeek"",""metric_type"":""counter"",""name"":""zeek_log_writer_truncated_containers_total"",""labels"":[""filter_name"",""module"",""path"",""stream"",""writer""],""label_values"":[""default"",""X509"",""x509"",""X509::LOG"",""Log::WRITER_ASCII""],""value"":0.0}",1790171974543355497,1790171974543355497_388e47fd,target_acquisition,unknown,,/opt/zeek/logs/current/telemetry.log,search_man,,detect,search_man,
2026-09-23T13:59:34.543Z,1790171974543,"{""ts"":1790084976.069322,""peer"":""zeek"",""metric_type"":""counter"",""name"":""zeek_log_writer_truncated_containers_total"",""labels"":[""filter_name"",""module"",""path"",""stream"",""writer""],""label_values"":[""default"",""NTP"",""ntp"",""NTP::LOG"",""Log::WRITER_ASCII""],""value"":0.0}",1790171974543319980,1790171974543319980_98f2b6bf,target_acquisition,unknown,,/opt/zeek/logs/current/telemetry.log,search_man,,detect,search_man,
2026-09-23T13:59:34.543Z,1790171974543,"{""ts"":1790084976.069322,""peer"":""zeek"",""metric_type"":""counter"",""name"":""zeek_log_writer_truncated_containers_total"",""labels"":[""filter_name"",""module"",""path"",""stream"",""writer""],""label_values"":[""default"",""SSL"",""ssl"",""SSL::LOG"",""Log::WRITER_ASCII""],""value"":0.0}",1790171974543213266,1790171974543213266_644de067,target_acquisition,unknown,,/opt/zeek/logs/current/telemetry.log,search_man,,detect,search_man,
2026-09-23T13:59:34.543Z,1790171974543,"{""ts"":1790084976.069322,""peer"":""zeek"",""metric_type"":""counter"",""name"":""zeek_log_writer_truncated_containers_total"",""labels"":[""filter_name"",""module"",""path"",""stream"",""writer""],""label_values"":[""default"",""Weird"",""weird"",""Weird::LOG"",""Log::WRITER_ASCII""],""value"":0.0}",1790171974543197242,1790171974543197242_c7740de8,target_acquisition,unknown,,/opt/zeek/logs/current/telemetry.log,search_man,,detect,search_man,
2026-09-23T13:59:34.543Z,1790171974543,"{""ts"":1790084976.069322,""peer"":""zeek"",""metric_type"":""counter"",""name"":""zeek_log_writer_truncated_containers_total"",""labels"":[""filter_name"",""module"",""path"",""stream"",""writer""],""label_values"":[""default"",""CaptureLoss"",""capture_loss"",""CaptureLoss::LOG"",""Log::WRITER_ASCII""],""value"":0.0}",1790171974543184231,1790171974543184231_20a34397,target_acquisition,unknown,,/opt/zeek/logs/current/telemetry.log,search_man,,detect,search_man,
2026-09-23T13:59:34.543Z,1790171974543,"{""ts"":1790084976.069322,""peer"":""zeek"",""metric_type"":""counter"",""name"":""zeek_log_writer_truncated_containers_total"",""labels"":[""filter_name"",""module"",""path"",""stream"",""writer""],""label_values"":[""default"",""Notice"",""notice"",""Notice::LOG"",""Log::WRITER_ASCII""],""value"":0.0}",1790171974543171519,1790171974543171519_ac66bc41,target_acquisition,unknown,,/opt/zeek/logs/current/telemetry.log,search_man,,detect,search_man,
2026-09-23T13:59:34.543Z,1790171974543,"{""ts"":1790084976.069322,""peer"":""zeek"",""metric_type"":""counter"",""name"":""zeek_log_writer_truncated_containers_total"",""labels"":[""filter_name"",""module"",""path"",""stream"",""writer""],""label_values"":[""default"",""Conn"",""conn"",""Conn::LOG"",""Log::WRITER_ASCII""],""value"":0.0}",1790171974543143059,1790171974543143059_baf3a5bf,target_acquisition,unknown,,/opt/zeek/logs/current/telemetry.log,search_man,,detect,search_man,
2026-09-23T13:59:34.543Z,1790171974543,"{""ts"":1790084976.069322,""peer"":""zeek"",""metric_type"":""counter"",""name"":""zeek_log_writer_truncated_containers_total"",""labels"":[""filter_name"",""module"",""path"",""stream"",""writer""],""label_values"":[""default"",""Known"",""known_services"",""Known::SERVICES_LOG"",""Log::WRITER_ASCII""],""value"":0.0}",1790171974543047865,1790171974543047865_db476d7a,target_acquisition,unknown,,/opt/zeek/logs/current/telemetry.log,search_man,,detect,search_man,
2026-09-23T13:59:34.543Z,1790171974543,"{""ts"":1790084976.069322,""peer"":""zeek"",""metric_type"":""counter"",""name"":""zeek_log_writer_truncated_containers_total"",""labels"":[""filter_name"",""module"",""path"",""stream"",""writer""],""label_values"":[""default"",""DNS"",""dns"",""DNS::LOG"",""Log::WRITER_ASCII""],""value"":0.0}",1790171974543035823,1790171974543035823_10729682,target_acquisition,unknown,,/opt/zeek/logs/current/telemetry.log,search_man,,detect,search_man,
2026-09-23T13:59:34.543Z,1790171974543,"{""ts"":1790084976.069322,""peer"":""zeek"",""metric_type"":""counter"",""name"":""zeek_log_writer_truncated_containers_total"",""labels"":[""filter_name"",""module"",""path"",""stream"",""writer""],""label_values"":[""default"",""Stats"",""stats"",""Stats::LOG"",""Log::WRITER_ASCII""],""value"":0.0}",1790171974543022278,1790171974543022278_251f42a2,target_acquisition,unknown,,/opt/zeek/logs/current/telemetry.log,search_man,,detect,search_man,
2026-09-23T13:59:34.542Z,1790171974542,"{""ts"":1790084976.069322,""peer"":""zeek"",""metric_type"":""counter"",""name"":""zeek_log_writer_truncated_containers_total"",""labels"":[""filter_name"",""module"",""path"",""stream"",""writer""],""label_values"":[""default"",""Telemetry"",""telemetry"",""Telemetry::LOG"",""Log::WRITER_ASCII""],""value"":0.0}",1790171974542992562,1790171974542992562_5c22e572,target_acquisition,unknown,,/opt/zeek/logs/current/telemetry.log,search_man,,detect,search_man,
2026-09-23T13:59:34.542Z,1790171974542,"{""ts"":1790084976.069322,""peer"":""zeek"",""metric_type"":""counter"",""name"":""zeek_log_writer_truncated_containers_total"",""labels"":[""filter_name"",""module"",""path"",""stream"",""writer""],""label_values"":[""default"",""LoadedScripts"",""loaded_scripts"",""LoadedScripts::LOG"",""Log::WRITER_ASCII""],""value"":0.0}",1790171974542868245,1790171974542868245_b8daea91,target_acquisition,unknown,,/opt/zeek/logs/current/telemetry.log,search_man,,detect,search_man,
2026-09-23T13:59:34.542Z,1790171974542,"{""ts"":1790084976.069322,""peer"":""zeek"",""metric_type"":""counter"",""name"":""zeek_log_writer_truncated_containers_total"",""labels"":[""filter_name"",""module"",""path"",""stream"",""writer""],""label_values"":[""default"",""PacketFilter"",""packet_filter"",""PacketFilter::LOG"",""Log::WRITER_ASCII""],""value"":0.0}",1790171974542855581,1790171974542855581_27842750,target_acquisition,unknown,,/opt/zeek/logs/current/telemetry.log,search_man,,detect,search_man,
2026-09-23T13:59:34.542Z,1790171974542,"{""ts"":1790084976.069322,""peer"":""zeek"",""metric_type"":""counter"",""name"":""zeek_log_writer_truncated_containers_total"",""labels"":[""filter_name"",""module"",""path"",""stream"",""writer""],""label_values"":[""default"",""DHCP"",""dhcp"",""DHCP::LOG"",""Log::WRITER_ASCII""],""value"":0.0}",1790171974542843259,1790171974542843259_230c5580,target_acquisition,unknown,,/opt/zeek/logs/current/telemetry.log,search_man,,detect,search_man,
2026-09-23T13:59:34.542Z,1790171974542,"{""ts"":1790084976.069322,""peer"":""zeek"",""metric_type"":""counter"",""name"":""zeek_log_writer_truncated_string_fields_total"",""labels"":[""filter_name"",""module"",""path"",""stream"",""writer""],""label_values"":[""default"",""QUIC"",""quic"",""QUIC::LOG"",""Log::WRITER_ASCII""],""value"":0.0}",1790171974542814969,1790171974542814969_aaab7a36,target_acquisition,unknown,,/opt/zeek/logs/current/telemetry.log,search_man,,detect,search_man,
2026-09-23T13:59:34.542Z,1790171974542,"{""ts"":1790084976.069322,""peer"":""zeek"",""metric_type"":""counter"",""name"":""zeek_log_writer_truncated_string_fields_total"",""labels"":[""filter_name"",""module"",""path"",""stream"",""writer""],""label_values"":[""default"",""Known"",""known_hosts"",""Known::HOSTS_LOG"",""Log::WRITER_ASCII""],""value"":0.0}",1790171974542720610,1790171974542720610_5c6055f9,target_acquisition,unknown,,/opt/zeek/logs/current/telemetry.log,search_man,,detect,search_man,
2026-09-23T13:59:34.542Z,1790171974542,"{""ts"":1790084976.069322,""peer"":""zeek"",""metric_type"":""counter"",""name"":""zeek_log_writer_truncated_string_fields_total"",""labels"":[""filter_name"",""module"",""path"",""stream"",""writer""],""label_values"":[""default"",""X509"",""x509"",""X509::LOG"",""Log::WRITER_ASCII""],""value"":0.0}",1790171974542707406,1790171974542707406_c0a516ac,target_acquisition,unknown,,/opt/zeek/logs/current/telemetry.log,search_man,,detect,search_man,
2026-09-23T13:59:34.542Z,1790171974542,"{""ts"":1790084976.069322,""peer"":""zeek"",""metric_type"":""counter"",""name"":""zeek_log_writer_truncated_string_fields_total"",""labels"":[""filter_name"",""module"",""path"",""stream"",""writer""],""label_values"":[""default"",""NTP"",""ntp"",""NTP::LOG"",""Log::WRITER_ASCII""],""value"":0.0}",1790171974542693784,1790171974542693784_c0567f48,target_acquisition,unknown,,/opt/zeek/logs/current/telemetry.log,search_man,,detect,search_man,
2026-09-23T13:59:34.542Z,1790171974542,"{""ts"":1790084976.069322,""peer"":""zeek"",""metric_type"":""counter"",""name"":""zeek_log_writer_truncated_string_fields_total"",""labels"":[""filter_name"",""module"",""path"",""stream"",""writer""],""label_values"":[""default"",""SSL"",""ssl"",""SSL::LOG"",""Log::WRITER_ASCII""],""value"":0.0}",1790171974542663915,1790171974542663915_8e9ec348,target_acquisition,unknown,,/opt/zeek/logs/current/telemetry.log,search_man,,detect,search_man,
2026-09-23T13:59:34.542Z,1790171974542,"{""ts"":1790084976.069322,""peer"":""zeek"",""metric_type"":""counter"",""name"":""zeek_log_writer_truncated_string_fields_total"",""labels"":[""filter_name"",""module"",""path"",""stream"",""writer""],""label_values"":[""default"",""Weird"",""weird"",""Weird::LOG"",""Log::WRITER_ASCII""],""value"":0.0}",1790171974542505602,1790171974542505602_31013517,target_acquisition,unknown,,/opt/zeek/logs/current/telemetry.log,search_man,,detect,search_man,
2026-09-23T13:59:34.541Z,1790171974541,"{""ts"":1790084976.069322,""peer"":""zeek"",""metric_type"":""counter"",""name"":""zeek_log_writer_truncated_string_fields_total"",""labels"":[""filter_name"",""module"",""path"",""stream"",""writer""],""label_values"":[""default"",""CaptureLoss"",""capture_loss"",""CaptureLoss::LOG"",""Log::WRITER_ASCII""],""value"":0.0}",1790171974541885844,1790171974541885844_987580b6,target_acquisition,unknown,,/opt/zeek/logs/current/telemetry.log,search_man,,detect,search_man,
2026-09-23T13:59:34.541Z,1790171974541,"{""ts"":1790084976.069322,""peer"":""zeek"",""metric_type"":""counter"",""name"":""zeek_log_writer_truncated_string_fields_total"",""labels"":[""filter_name"",""module"",""path"",""stream"",""writer""],""label_values"":[""default"",""Notice"",""notice"",""Notice::LOG"",""Log::WRITER_ASCII""],""value"":0.0}",1790171974541701890,1790171974541701890_693b6584,target_acquisition,unknown,,/opt/zeek/logs/current/telemetry.log,search_man,,detect,search_man,
2026-09-23T13:59:34.541Z,1790171974541,"{""ts"":1790084976.069322,""peer"":""zeek"",""metric_type"":""counter"",""name"":""zeek_log_writer_truncated_string_fields_total"",""labels"":[""filter_name"",""module"",""path"",""stream"",""writer""],""label_values"":[""default"",""Conn"",""conn"",""Conn::LOG"",""Log::WRITER_ASCII""],""value"":0.0}",1790171974541635964,1790171974541635964_143a14e2,target_acquisition,unknown,,/opt/zeek/logs/current/telemetry.log,search_man,,detect,search_man,
2026-09-23T13:59:34.541Z,1790171974541,"{""ts"":1790084976.069322,""peer"":""zeek"",""metric_type"":""counter"",""name"":""zeek_log_writer_truncated_string_fields_total"",""labels"":[""filter_name"",""module"",""path"",""stream"",""writer""],""label_values"":[""default"",""Known"",""known_services"",""Known::SERVICES_LOG"",""Log::WRITER_ASCII""],""value"":0.0}",1790171974541622787,1790171974541622787_5faff67d,target_acquisition,unknown,,/opt/zeek/logs/current/telemetry.log,search_man,,detect,search_man,
2026-09-23T13:59:34.541Z,1790171974541,"{""ts"":1790084976.069322,""peer"":""zeek"",""metric_type"":""counter"",""name"":""zeek_log_writer_truncated_string_fields_total"",""labels"":[""filter_name"",""module"",""path"",""stream"",""writer""],""label_values"":[""default"",""DNS"",""dns"",""DNS::LOG"",""Log::WRITER_ASCII""],""value"":0.0}",1790171974541605193,1790171974541605193_253399b5,target_acquisition,unknown,,/opt/zeek/logs/current/telemetry.log,search_man,,detect,search_man,
2026-09-23T13:59:34.541Z,1790171974541,"{""ts"":1790084976.069322,""peer"":""zeek"",""metric_type"":""counter"",""name"":""zeek_log_writer_truncated_string_fields_total"",""labels"":[""filter_name"",""module"",""path"",""stream"",""writer""],""label_values"":[""default"",""Stats"",""stats"",""Stats::LOG"",""Log::WRITER_ASCII""],""value"":0.0}",1790171974541105130,1790171974541105130_91c29ac9,target_acquisition,unknown,,/opt/zeek/logs/current/telemetry.log,search_man,,detect,search_man,
2026-09-23T13:59:34.541Z,1790171974541,"{""ts"":1790084976.069322,""peer"":""zeek"",""metric_type"":""counter"",""name"":""zeek_log_writer_truncated_string_fields_total"",""labels"":[""filter_name"",""module"",""path"",""stream"",""writer""],""label_values"":[""default"",""Telemetry"",""telemetry"",""Telemetry::LOG"",""Log::WRITER_ASCII""],""value"":0.0}",1790171974541084021,1790171974541084021_993bb561,target_acquisition,unknown,,/opt/zeek/logs/current/telemetry.log,search_man,,detect,search_man,
2026-09-23T13:59:34.541Z,1790171974541,"{""ts"":1790084976.069322,""peer"":""zeek"",""metric_type"":""counter"",""name"":""zeek_log_writer_truncated_string_fields_total"",""labels"":[""filter_name"",""module"",""path"",""stream"",""writer""],""label_values"":[""default"",""LoadedScripts"",""loaded_scripts"",""LoadedScripts::LOG"",""Log::WRITER_ASCII""],""value"":0.0}",1790171974541074536,1790171974541074536_148e87bc,target_acquisition,unknown,,/opt/zeek/logs/current/telemetry.log,search_man,,detect,search_man,
2026-09-23T13:59:34.541Z,1790171974541,"{""ts"":1790084976.069322,""peer"":""zeek"",""metric_type"":""counter"",""name"":""zeek_log_writer_truncated_string_fields_total"",""labels"":[""filter_name"",""module"",""path"",""stream"",""writer""],""label_values"":[""default"",""PacketFilter"",""packet_filter"",""PacketFilter::LOG"",""Log::WRITER_ASCII""],""value"":0.0}",1790171974541068602,1790171974541068602_4ff766e3,target_acquisition,unknown,,/opt/zeek/logs/current/telemetry.log,search_man,,detect,search_man,
2026-09-23T13:59:34.540Z,1790171974540,"{""ts"":1790084976.069322,""peer"":""zeek"",""metric_type"":""counter"",""name"":""zeek_log_writer_truncated_string_fields_total"",""labels"":[""filter_name"",""module"",""path"",""stream"",""writer""],""label_values"":[""default"",""DHCP"",""dhcp"",""DHCP::LOG"",""Log::WRITER_ASCII""],""value"":0.0}",1790171974540975698,1790171974540975698_b98e19a1,target_acquisition,unknown,,/opt/zeek/logs/current/telemetry.log,search_man,,detect,search_man,
2026-09-23T13:59:34.540Z,1790171974540,"{""ts"":1790084976.069322,""peer"":""zeek"",""metric_type"":""counter"",""name"":""zeek_log_writer_discarded_writes_total"",""labels"":[""filter_name"",""module"",""path"",""stream"",""writer""],""label_values"":[""default"",""QUIC"",""quic"",""QUIC::LOG"",""Log::WRITER_ASCII""],""value"":0.0}",1790171974540959957,1790171974540959957_493c4dc,target_acquisition,unknown,,/opt/zeek/logs/current/telemetry.log,search_man,,detect,search_man,
2026-09-23T13:59:34.540Z,1790171974540,"{""ts"":1790084976.069322,""peer"":""zeek"",""metric_type"":""counter"",""name"":""zeek_log_writer_discarded_writes_total"",""labels"":[""filter_name"",""module"",""path"",""stream"",""writer""],""label_values"":[""default"",""Known"",""known_hosts"",""Known::HOSTS_LOG"",""Log::WRITER_ASCII""],""value"":0.0}",1790171974540947753,1790171974540947753_476d854b,target_acquisition,unknown,,/opt/zeek/logs/current/telemetry.log,search_man,,detect,search_man,
2026-09-23T13:59:34.540Z,1790171974540,"{""ts"":1790084976.069322,""peer"":""zeek"",""metric_type"":""counter"",""name"":""zeek_log_writer_discarded_writes_total"",""labels"":[""filter_name"",""module"",""path"",""stream"",""writer""],""label_values"":[""default"",""X509"",""x509"",""X509::LOG"",""Log::WRITER_ASCII""],""value"":0.0}",1790171974540938604,1790171974540938604_53672be6,target_acquisition,unknown,,/opt/zeek/logs/current/telemetry.log,search_man,,detect,search_man,
2026-09-23T13:59:34.540Z,1790171974540,"{""ts"":1790084976.069322,""peer"":""zeek"",""metric_type"":""counter"",""name"":""zeek_log_writer_discarded_writes_total"",""labels"":[""filter_name"",""module"",""path"",""stream"",""writer""],""label_values"":[""default"",""NTP"",""ntp"",""NTP::LOG"",""Log::WRITER_ASCII""],""value"":0.0}",1790171974540934052,1790171974540934052_e54ea95a,target_acquisition,unknown,,/opt/zeek/logs/current/telemetry.log,search_man,,detect,search_man,
2026-09-23T13:59:34.540Z,1790171974540,"{""ts"":1790084976.069322,""peer"":""zeek"",""metric_type"":""counter"",""name"":""zeek_log_writer_discarded_writes_total"",""labels"":[""filter_name"",""module"",""path"",""stream"",""writer""],""label_values"":[""default"",""SSL"",""ssl"",""SSL::LOG"",""Log::WRITER_ASCII""],""value"":0.0}",1790171974540865887,1790171974540865887_aba36b96,target_acquisition,unknown,,/opt/zeek/logs/current/telemetry.log,search_man,,detect,search_man,
2026-09-23T13:59:34.540Z,1790171974540,"{""ts"":1790084976.069322,""peer"":""zeek"",""metric_type"":""counter"",""name"":""zeek_log_writer_discarded_writes_total"",""labels"":[""filter_name"",""module"",""path"",""stream"",""writer""],""label_values"":[""default"",""Weird"",""weird"",""Weird::LOG"",""Log::WRITER_ASCII""],""value"":0.0}",1790171974540850644,1790171974540850644_bb645c6d,target_acquisition,unknown,,/opt/zeek/logs/current/telemetry.log,search_man,,detect,search_man,
2026-09-23T13:59:34.540Z,1790171974540,"{""ts"":1790084976.069322,""peer"":""zeek"",""metric_type"":""counter"",""name"":""zeek_log_writer_discarded_writes_total"",""labels"":[""filter_name"",""module"",""path"",""stream"",""writer""],""label_values"":[""default"",""CaptureLoss"",""capture_loss"",""CaptureLoss::LOG"",""Log::WRITER_ASCII""],""value"":0.0}",1790171974540837898,1790171974540837898_8358638,target_acquisition,unknown,,/opt/zeek/logs/current/telemetry.log,search_man,,detect,search_man,
2026-09-23T13:59:34.540Z,1790171974540,"{""ts"":1790084976.069322,""peer"":""zeek"",""metric_type"":""counter"",""name"":""zeek_log_writer_discarded_writes_total"",""labels"":[""filter_name"",""module"",""path"",""stream"",""writer""],""label_values"":[""default"",""Notice"",""notice"",""Notice::LOG"",""Log::WRITER_ASCII""],""value"":0.0}",1790171974540828522,1790171974540828522_f94c035a,target_acquisition,unknown,,/opt/zeek/logs/current/telemetry.log,search_man,,detect,search_man,
2026-09-23T13:59:34.540Z,1790171974540,"{""ts"":1790084976.069322,""peer"":""zeek"",""metric_type"":""counter"",""name"":""zeek_log_writer_discarded_writes_total"",""labels"":[""filter_name"",""module"",""path"",""stream"",""writer""],""label_values"":[""default"",""Conn"",""conn"",""Conn::LOG"",""Log::WRITER_ASCII""],""value"":0.0}",1790171974540823766,1790171974540823766_53b7da5c,target_acquisition,unknown,,/opt/zeek/logs/current/telemetry.log,search_man,,detect,search_man,
2026-09-23T13:59:34.540Z,1790171974540,"{""ts"":1790084976.069322,""peer"":""zeek"",""metric_type"":""counter"",""name"":""zeek_log_writer_discarded_writes_total"",""labels"":[""filter_name"",""module"",""path"",""stream"",""writer""],""label_values"":[""default"",""Known"",""known_services"",""Known::SERVICES_LOG"",""Log::WRITER_ASCII""],""value"":0.0}",1790171974540753061,1790171974540753061_3c851d97,target_acquisition,unknown,,/opt/zeek/logs/current/telemetry.log,search_man,,detect,search_man,
2026-09-23T13:59:34.540Z,1790171974540,"{""ts"":1790084976.069322,""peer"":""zeek"",""metric_type"":""counter"",""name"":""zeek_log_writer_discarded_writes_total"",""labels"":[""filter_name"",""module"",""path"",""stream"",""writer""],""label_values"":[""default"",""DNS"",""dns"",""DNS::LOG"",""Log::WRITER_ASCII""],""value"":0.0}",1790171974540735441,1790171974540735441_eab67fd3,target_acquisition,unknown,,/opt/zeek/logs/current/telemetry.log,search_man,,detect,search_man,
2026-09-23T13:59:34.540Z,1790171974540,"{""ts"":1790084976.069322,""peer"":""zeek"",""metric_type"":""counter"",""name"":""zeek_log_writer_discarded_writes_total"",""labels"":[""filter_name"",""module"",""path"",""stream"",""writer""],""label_values"":[""default"",""Stats"",""stats"",""Stats::LOG"",""Log::WRITER_ASCII""],""value"":0.0}",1790171974540715478,1790171974540715478_1ef0752f,target_acquisition,unknown,,/opt/zeek/logs/current/telemetry.log,search_man,,detect,search_man,
2026-09-23T13:59:34.540Z,1790171974540,"{""ts"":1790084976.069322,""peer"":""zeek"",""metric_type"":""counter"",""name"":""zeek_log_writer_discarded_writes_total"",""labels"":[""filter_name"",""module"",""path"",""stream"",""writer""],""label_values"":[""default"",""Telemetry"",""telemetry"",""Telemetry::LOG"",""Log::WRITER_ASCII""],""value"":0.0}",1790171974540706344,1790171974540706344_8eff748b,target_acquisition,unknown,,/opt/zeek/logs/current/telemetry.log,search_man,,detect,search_man,
2026-09-23T13:59:34.540Z,1790171974540,"{""ts"":1790084976.069322,""peer"":""zeek"",""metric_type"":""counter"",""name"":""zeek_log_writer_discarded_writes_total"",""labels"":[""filter_name"",""module"",""path"",""stream"",""writer""],""label_values"":[""default"",""LoadedScripts"",""loaded_scripts"",""LoadedScripts::LOG"",""Log::WRITER_ASCII""],""value"":0.0}",1790171974540701718,1790171974540701718_9991f43e,target_acquisition,unknown,,/opt/zeek/logs/current/telemetry.log,search_man,,detect,search_man,
2026-09-23T13:59:34.540Z,1790171974540,"{""ts"":1790084976.069322,""peer"":""zeek"",""metric_type"":""counter"",""name"":""zeek_log_writer_discarded_writes_total"",""labels"":[""filter_name"",""module"",""path"",""stream"",""writer""],""label_values"":[""default"",""PacketFilter"",""packet_filter"",""PacketFilter::LOG"",""Log::WRITER_ASCII""],""value"":0.0}",1790171974540632336,1790171974540632336_45447345,target_acquisition,unknown,,/opt/zeek/logs/current/telemetry.log,search_man,,detect,search_man,
2026-09-23T13:59:34.540Z,1790171974540,"{""ts"":1790084976.069322,""peer"":""zeek"",""metric_type"":""counter"",""name"":""zeek_log_writer_discarded_writes_total"",""labels"":[""filter_name"",""module"",""path"",""stream"",""writer""],""label_values"":[""default"",""DHCP"",""dhcp"",""DHCP::LOG"",""Log::WRITER_ASCII""],""value"":0.0}",1790171974540617032,1790171974540617032_5d4ea377,target_acquisition,unknown,,/opt/zeek/logs/current/telemetry.log,search_man,,detect,search_man,
2026-09-23T13:59:34.540Z,1790171974540,"{""ts"":1790084976.069322,""peer"":""zeek"",""metric_type"":""counter"",""name"":""zeek_log_writer_writes_total"",""labels"":[""filter_name"",""module"",""path"",""stream"",""writer""],""label_values"":[""default"",""QUIC"",""quic"",""QUIC::LOG"",""Log::WRITER_ASCII""],""value"":123.0}",1790171974540604197,1790171974540604197_410419c8,target_acquisition,unknown,,/opt/zeek/logs/current/telemetry.log,search_man,,detect,search_man,
2026-09-23T13:59:34.540Z,1790171974540,"{""ts"":1790084976.069322,""peer"":""zeek"",""metric_type"":""counter"",""name"":""zeek_log_writer_writes_total"",""labels"":[""filter_name"",""module"",""path"",""stream"",""writer""],""label_values"":[""default"",""Known"",""known_hosts"",""Known::HOSTS_LOG"",""Log::WRITER_ASCII""],""value"":1.0}",1790171974540594653,1790171974540594653_29cc5f9e,target_acquisition,unknown,,/opt/zeek/logs/current/telemetry.log,search_man,,detect,search_man,
2026-09-23T13:59:34.540Z,1790171974540,"{""ts"":1790084976.069322,""peer"":""zeek"",""metric_type"":""counter"",""name"":""zeek_log_writer_writes_total"",""labels"":[""filter_name"",""module"",""path"",""stream"",""writer""],""label_values"":[""default"",""X509"",""x509"",""X509::LOG"",""Log::WRITER_ASCII""],""value"":2.0}",1790171974540589626,1790171974540589626_c8321f68,target_acquisition,unknown,,/opt/zeek/logs/current/telemetry.log,search_man,,detect,search_man,
2026-09-23T13:59:34.540Z,1790171974540,"{""ts"":1790084976.069322,""peer"":""zeek"",""metric_type"":""counter"",""name"":""zeek_log_writer_writes_total"",""labels"":[""filter_name"",""module"",""path"",""stream"",""writer""],""label_values"":[""default"",""NTP"",""ntp"",""NTP::LOG"",""Log::WRITER_ASCII""],""value"":8.0}",1790171974540521432,1790171974540521432_c72e8e7e,target_acquisition,unknown,,/opt/zeek/logs/current/telemetry.log,search_man,,detect,search_man,
2026-09-23T13:59:34.540Z,1790171974540,"{""ts"":1790084976.069322,""peer"":""zeek"",""metric_type"":""counter"",""name"":""zeek_log_writer_writes_total"",""labels"":[""filter_name"",""module"",""path"",""stream"",""writer""],""label_values"":[""default"",""SSL"",""ssl"",""SSL::LOG"",""Log::WRITER_ASCII""],""value"":313.0}",1790171974540505927,1790171974540505927_19373651,target_acquisition,unknown,,/opt/zeek/logs/current/telemetry.log,search_man,,detect,search_man,
2026-09-23T13:59:34.540Z,1790171974540,"{""ts"":1790084976.069322,""peer"":""zeek"",""metric_type"":""counter"",""name"":""zeek_log_writer_writes_total"",""labels"":[""filter_name"",""module"",""path"",""stream"",""writer""],""label_values"":[""default"",""Weird"",""weird"",""Weird::LOG"",""Log::WRITER_ASCII""],""value"":6.0}",1790171974540494309,1790171974540494309_3ad2176f,target_acquisition,unknown,,/opt/zeek/logs/current/telemetry.log,search_man,,detect,search_man,
2026-09-23T13:59:34.540Z,1790171974540,"{""ts"":1790084976.069322,""peer"":""zeek"",""metric_type"":""counter"",""name"":""zeek_log_writer_writes_total"",""labels"":[""filter_name"",""module"",""path"",""stream"",""writer""],""label_values"":[""default"",""CaptureLoss"",""capture_loss"",""CaptureLoss::LOG"",""Log::WRITER_ASCII""],""value"":12.0}",1790171974540485337,1790171974540485337_7eaad4fd,target_acquisition,unknown,,/opt/zeek/logs/current/telemetry.log,search_man,,detect,search_man,
2026-09-23T13:59:34.540Z,1790171974540,"{""ts"":1790084976.069322,""peer"":""zeek"",""metric_type"":""counter"",""name"":""zeek_log_writer_writes_total"",""labels"":[""filter_name"",""module"",""path"",""stream"",""writer""],""label_values"":[""default"",""Notice"",""notice"",""Notice::LOG"",""Log::WRITER_ASCII""],""value"":3.0}",1790171974540480543,1790171974540480543_bec0060d,target_acquisition,unknown,,/opt/zeek/logs/current/telemetry.log,search_man,,detect,search_man,
2026-09-23T13:59:34.540Z,1790171974540,"{""ts"":1790084976.069322,""peer"":""zeek"",""metric_type"":""counter"",""name"":""zeek_log_writer_writes_total"",""labels"":[""filter_name"",""module"",""path"",""stream"",""writer""],""label_values"":[""default"",""Conn"",""conn"",""Conn::LOG"",""Log::WRITER_ASCII""],""value"":2837.0}",1790171974540410519,1790171974540410519_d421a584,target_acquisition,unknown,,/opt/zeek/logs/current/telemetry.log,search_man,,detect,search_man,
2026-09-23T13:59:34.540Z,1790171974540,"{""ts"":1790084976.069322,""peer"":""zeek"",""metric_type"":""counter"",""name"":""zeek_log_writer_writes_total"",""labels"":[""filter_name"",""module"",""path"",""stream"",""writer""],""label_values"":[""default"",""Known"",""known_services"",""Known::SERVICES_LOG"",""Log::WRITER_ASCII""],""value"":2.0}",1790171974540392698,1790171974540392698_593742b9,target_acquisition,unknown,,/opt/zeek/logs/current/telemetry.log,search_man,,detect,search_man,
2026-09-23T13:59:34.540Z,1790171974540,"{""ts"":1790084976.069322,""peer"":""zeek"",""metric_type"":""counter"",""name"":""zeek_log_writer_writes_total"",""labels"":[""filter_name"",""module"",""path"",""stream"",""writer""],""label_values"":[""default"",""DNS"",""dns"",""DNS::LOG"",""Log::WRITER_ASCII""],""value"":26924.0}",1790171974540372296,1790171974540372296_4e55cc40,target_acquisition,unknown,,/opt/zeek/logs/current/telemetry.log,search_man,,detect,search_man,
2026-09-23T13:59:34.540Z,1790171974540,"{""ts"":1790084976.069322,""peer"":""zeek"",""metric_type"":""counter"",""name"":""zeek_log_writer_writes_total"",""labels"":[""filter_name"",""module"",""path"",""stream"",""writer""],""label_values"":[""default"",""Stats"",""stats"",""Stats::LOG"",""Log::WRITER_ASCII""],""value"":34.0}",1790171974540362882,1790171974540362882_381db038,target_acquisition,unknown,,/opt/zeek/logs/current/telemetry.log,search_man,,detect,search_man,
2026-09-23T13:59:34.540Z,1790171974540,"{""ts"":1790084976.069322,""peer"":""zeek"",""metric_type"":""counter"",""name"":""zeek_log_writer_writes_total"",""labels"":[""filter_name"",""module"",""path"",""stream"",""writer""],""label_values"":[""default"",""Telemetry"",""telemetry"",""Telemetry::LOG"",""Log::WRITER_ASCII""],""value"":42264.0}",1790171974540358018,1790171974540358018_5b7e2c29,target_acquisition,unknown,,/opt/zeek/logs/current/telemetry.log,search_man,,detect,search_man,
2026-09-23T13:59:34.540Z,1790171974540,"{""ts"":1790084976.069322,""peer"":""zeek"",""metric_type"":""counter"",""name"":""zeek_log_writer_writes_total"",""labels"":[""filter_name"",""module"",""path"",""stream"",""writer""],""label_values"":[""default"",""LoadedScripts"",""loaded_scripts"",""LoadedScripts::LOG"",""Log::WRITER_ASCII""],""value"":559.0}",1790171974540286594,1790171974540286594_81a4d705,target_acquisition,unknown,,/opt/zeek/logs/current/telemetry.log,search_man,,detect,search_man,
2026-09-23T13:59:34.540Z,1790171974540,"{""ts"":1790084976.069322,""peer"":""zeek"",""metric_type"":""counter"",""name"":""zeek_log_writer_writes_total"",""labels"":[""filter_name"",""module"",""path"",""stream"",""writer""],""label_values"":[""default"",""PacketFilter"",""packet_filter"",""PacketFilter::LOG"",""Log::WRITER_ASCII""],""value"":1.0}",1790171974540269230,1790171974540269230_a14ff540,target_acquisition,unknown,,/opt/zeek/logs/current/telemetry.log,search_man,,detect,search_man,
2026-09-23T13:59:34.540Z,1790171974540,"{""ts"":1790084976.069322,""peer"":""zeek"",""metric_type"":""counter"",""name"":""zeek_log_writer_writes_total"",""labels"":[""filter_name"",""module"",""path"",""stream"",""writer""],""label_values"":[""default"",""DHCP"",""dhcp"",""DHCP::LOG"",""Log::WRITER_ASCII""],""value"":16.0}",1790171974540256348,1790171974540256348_dc4db10c,target_acquisition,unknown,,/opt/zeek/logs/current/telemetry.log,search_man,,detect,search_man,
2026-09-23T13:59:34.540Z,1790171974540,"{""ts"":1790084976.069322,""peer"":""zeek"",""metric_type"":""counter"",""name"":""zeek_log_stream_writes_total"",""labels"":[""module"",""stream""],""label_values"":[""Files"",""Files::LOG""],""value"":15.0}",1790171974540245999,1790171974540245999_5d0f8b21,target_acquisition,unknown,,/opt/zeek/logs/current/telemetry.log,search_man,,detect,search_man,
2026-09-23T13:59:34.540Z,1790171974540,"{""ts"":1790084976.069322,""peer"":""zeek"",""metric_type"":""counter"",""name"":""zeek_log_stream_writes_total"",""labels"":[""module"",""stream""],""label_values"":[""Stats"",""Stats::LOG""],""value"":34.0}",1790171974540240970,1790171974540240970_e70d3816,target_acquisition,unknown,,/opt/zeek/logs/current/telemetry.log,search_man,,detect,search_man,
2026-09-23T13:59:34.540Z,1790171974540,"{""ts"":1790084976.069322,""peer"":""zeek"",""metric_type"":""counter"",""name"":""zeek_log_stream_writes_total"",""labels"":[""module"",""stream""],""label_values"":[""X509"",""X509::LOG""],""value"":4.0}",1790171974540139082,1790171974540139082_e3f6d05d,target_acquisition,unknown,,/opt/zeek/logs/current/telemetry.log,search_man,,detect,search_man,
2026-09-23T13:59:34.540Z,1790171974540,"{""ts"":1790084976.069322,""peer"":""zeek"",""metric_type"":""counter"",""name"":""zeek_log_stream_writes_total"",""labels"":[""module"",""stream""],""label_values"":[""Known"",""Known::HOSTS_LOG""],""value"":1.0}",1790171974540123568,1790171974540123568_1c7ef788,target_acquisition,unknown,,/opt/zeek/logs/current/telemetry.log,search_man,,detect,search_man,
2026-09-23T13:59:34.540Z,1790171974540,"{""ts"":1790084976.069322,""peer"":""zeek"",""metric_type"":""counter"",""name"":""zeek_log_stream_writes_total"",""labels"":[""module"",""stream""],""label_values"":[""CaptureLoss"",""CaptureLoss::LOG""],""value"":12.0}",1790171974540111491,1790171974540111491_ee0f928e,target_acquisition,unknown,,/opt/zeek/logs/current/telemetry.log,search_man,,detect,search_man,
2026-09-23T13:59:34.540Z,1790171974540,"{""ts"":1790084976.069322,""peer"":""zeek"",""metric_type"":""counter"",""name"":""zeek_log_stream_writes_total"",""labels"":[""module"",""stream""],""label_values"":[""Notice"",""Notice::LOG""],""value"":3.0}",1790171974540102353,1790171974540102353_371c90a6,target_acquisition,unknown,,/opt/zeek/logs/current/telemetry.log,search_man,,detect,search_man,
2026-09-23T13:59:34.540Z,1790171974540,"{""ts"":1790084976.069322,""peer"":""zeek"",""metric_type"":""counter"",""name"":""zeek_log_stream_writes_total"",""labels"":[""module"",""stream""],""label_values"":[""SSL"",""SSL::LOG""],""value"":313.0}",1790171974540097589,1790171974540097589_329911e6,target_acquisition,unknown,,/opt/zeek/logs/current/telemetry.log,search_man,,detect,search_man,
2026-09-23T13:59:34.540Z,1790171974540,"{""ts"":1790084976.069322,""peer"":""zeek"",""metric_type"":""counter"",""name"":""zeek_log_stream_writes_total"",""labels"":[""module"",""stream""],""label_values"":[""Known"",""Known::SERVICES_LOG""],""value"":2.0}",1790171974540017051,1790171974540017051_edbd7c24,target_acquisition,unknown,,/opt/zeek/logs/current/telemetry.log,search_man,,detect,search_man,
2026-09-23T13:59:34.540Z,1790171974540,"{""ts"":1790084976.069322,""peer"":""zeek"",""metric_type"":""counter"",""name"":""zeek_log_stream_writes_total"",""labels"":[""module"",""stream""],""label_values"":[""DHCP"",""DHCP::LOG""],""value"":16.0}",1790171974540001933,1790171974540001933_5378956c,target_acquisition,unknown,,/opt/zeek/logs/current/telemetry.log,search_man,,detect,search_man,
2026-09-23T13:59:34.539Z,1790171974539,"{""ts"":1790084976.069322,""peer"":""zeek"",""metric_type"":""counter"",""name"":""zeek_log_stream_writes_total"",""labels"":[""module"",""stream""],""label_values"":[""Conn"",""Conn::LOG""],""value"":2837.0}",1790171974539990568,1790171974539990568_4f09025b,target_acquisition,unknown,,/opt/zeek/logs/current/telemetry.log,search_man,,detect,search_man,
2026-09-23T13:59:34.539Z,1790171974539,"{""ts"":1790084976.069322,""peer"":""zeek"",""metric_type"":""counter"",""name"":""zeek_log_stream_writes_total"",""labels"":[""module"",""stream""],""label_values"":[""DNS"",""DNS::LOG""],""value"":26924.0}",1790171974539981731,1790171974539981731_68892672,target_acquisition,unknown,,/opt/zeek/logs/current/telemetry.log,search_man,,detect,search_man,
2026-09-23T13:59:34.539Z,1790171974539,"{""ts"":1790084976.069322,""peer"":""zeek"",""metric_type"":""counter"",""name"":""zeek_log_stream_writes_total"",""labels"":[""module"",""stream""],""label_values"":[""Telemetry"",""Telemetry::LOG""],""value"":42264.0}",1790171974539977276,1790171974539977276_69f03f87,target_acquisition,unknown,,/opt/zeek/logs/current/telemetry.log,search_man,,detect,search_man,
2026-09-23T13:59:34.539Z,1790171974539,"{""ts"":1790084976.069322,""peer"":""zeek"",""metric_type"":""counter"",""name"":""zeek_log_stream_writes_total"",""labels"":[""module"",""stream""],""label_values"":[""LoadedScripts"",""LoadedScripts::LOG""],""value"":559.0}",1790171974539906339,1790171974539906339_e0a8247a,target_acquisition,unknown,,/opt/zeek/logs/current/telemetry.log,search_man,,detect,search_man,
2026-09-23T13:59:34.539Z,1790171974539,"{""ts"":1790084976.069322,""peer"":""zeek"",""metric_type"":""counter"",""name"":""zeek_log_stream_writes_total"",""labels"":[""module"",""stream""],""label_values"":[""PacketFilter"",""PacketFilter::LOG""],""value"":1.0}",1790171974539881832,1790171974539881832_ecd04510,target_acquisition,unknown,,/opt/zeek/logs/current/telemetry.log,search_man,,detect,search_man,
2026-09-23T13:59:34.539Z,1790171974539,"{""ts"":1790084976.069322,""peer"":""zeek"",""metric_type"":""counter"",""name"":""zeek_log_stream_writes_total"",""labels"":[""module"",""stream""],""label_values"":[""QUIC"",""QUIC::LOG""],""value"":123.0}",1790171974539868944,1790171974539868944_93a2b0e5,target_acquisition,unknown,,/opt/zeek/logs/current/telemetry.log,search_man,,detect,search_man,
2026-09-23T13:59:34.539Z,1790171974539,"{""ts"":1790084976.069322,""peer"":""zeek"",""metric_type"":""counter"",""name"":""zeek_log_stream_writes_total"",""labels"":[""module"",""stream""],""label_values"":[""Weird"",""Weird::LOG""],""value"":6.0}",1790171974539859442,1790171974539859442_8d6bc1e3,target_acquisition,unknown,,/opt/zeek/logs/current/telemetry.log,search_man,,detect,search_man,
2026-09-23T13:59:34.539Z,1790171974539,"{""ts"":1790084976.069322,""peer"":""zeek"",""metric_type"":""counter"",""name"":""zeek_log_stream_writes_total"",""labels"":[""module"",""stream""],""label_values"":[""NTP"",""NTP::LOG""],""value"":8.0}",1790171974539854683,1790171974539854683_1eeb3a69,target_acquisition,unknown,,/opt/zeek/logs/current/telemetry.log,search_man,,detect,search_man,
2026-09-23T13:59:34.539Z,1790171974539,"{""ts"":1790084976.069322,""peer"":""zeek"",""metric_type"":""gauge"",""name"":""process_start_time_seconds"",""labels"":[],""label_values"":[],""value"":1790074749.905205}",1790171974539786347,1790171974539786347_32c3804e,target_acquisition,unknown,,/opt/zeek/logs/current/telemetry.log,search_man,,detect,search_man,
2026-09-23T13:59:34.539Z,1790171974539,"{""ts"":1790084976.069322,""peer"":""zeek"",""metric_type"":""gauge"",""name"":""process_open_fds"",""labels"":[],""label_values"":[],""value"":110.0}",1790171974539770775,1790171974539770775_d2ed4b07,target_acquisition,unknown,,/opt/zeek/logs/current/telemetry.log,search_man,,detect,search_man,
2026-09-23T13:59:34.539Z,1790171974539,"{""ts"":1790084976.069322,""peer"":""zeek"",""metric_type"":""gauge"",""name"":""process_virtual_memory_bytes"",""labels"":[],""label_values"":[],""value"":1632182272.0}",1790171974539754976,1790171974539754976_d59487bc,target_acquisition,unknown,,/opt/zeek/logs/current/telemetry.log,search_man,,detect,search_man,
2026-09-23T13:59:34.539Z,1790171974539,"{""ts"":1790084976.069322,""peer"":""zeek"",""metric_type"":""gauge"",""name"":""process_resident_memory_bytes"",""labels"":[],""label_values"":[],""value"":173830144.0}",1790171974539730248,1790171974539730248_d3d1d86,target_acquisition,unknown,,/opt/zeek/logs/current/telemetry.log,search_man,,detect,search_man,
2026-09-23T13:59:34.539Z,1790171974539,"{""ts"":1790084976.069322,""peer"":""zeek"",""metric_type"":""counter"",""name"":""process_cpu_system_seconds_total"",""labels"":[],""label_values"":[],""value"":33.41}",1790171974539725988,1790171974539725988_edd4ba84,target_acquisition,unknown,,/opt/zeek/logs/current/telemetry.log,search_man,,detect,search_man,
2026-09-23T13:59:34.539Z,1790171974539,"{""ts"":1790084976.069322,""peer"":""zeek"",""metric_type"":""counter"",""name"":""process_cpu_user_seconds_total"",""labels"":[],""label_values"":[],""value"":66.64}",1790171974539656842,1790171974539656842_ef82d757,target_acquisition,unknown,,/opt/zeek/logs/current/telemetry.log,search_man,,detect,search_man,
2026-09-23T13:59:34.539Z,1790171974539,"{""ts"":1790084916.06915,""peer"":""zeek"",""metric_type"":""gauge"",""name"":""zeek_active_sessions"",""labels"":[""protocol""],""label_values"":[""tcp""],""value"":7.0}",1790171974539641800,1790171974539641800_6e4dfb60,target_acquisition,unknown,,/opt/zeek/logs/current/telemetry.log,search_man,,detect,search_man,
2026-09-23T13:59:34.539Z,1790171974539,"{""ts"":1790084916.06915,""peer"":""zeek"",""metric_type"":""gauge"",""name"":""zeek_active_sessions"",""labels"":[""protocol""],""label_values"":[""udp""],""value"":19.0}",1790171974539629669,1790171974539629669_94c7ab8b,target_acquisition,unknown,,/opt/zeek/logs/current/telemetry.log,search_man,,detect,search_man,
2026-09-23T13:59:34.539Z,1790171974539,"{""ts"":1790084916.06915,""peer"":""zeek"",""metric_type"":""gauge"",""name"":""zeek_active_sessions"",""labels"":[""protocol""],""label_values"":[""icmp""],""value"":8.0}",1790171974539620941,1790171974539620941_74013b1,target_acquisition,unknown,,/opt/zeek/logs/current/telemetry.log,search_man,,detect,search_man,
2026-09-23T13:59:34.539Z,1790171974539,"{""ts"":1790084916.06915,""peer"":""zeek"",""metric_type"":""gauge"",""name"":""zeek_pending_triggers"",""labels"":[],""label_values"":[],""value"":0.0}",1790171974539616389,1790171974539616389_3f75a05b,target_acquisition,unknown,,/opt/zeek/logs/current/telemetry.log,search_man,,detect,search_man,
2026-09-23T13:59:34.539Z,1790171974539,"{""ts"":1790084916.06915,""peer"":""zeek"",""metric_type"":""gauge"",""name"":""zeek_dnsmgr_cache_entries"",""labels"":[""type""],""label_values"":[""host""],""value"":0.0}",1790171974539547284,1790171974539547284_1afd3ca5,target_acquisition,unknown,,/opt/zeek/logs/current/telemetry.log,search_man,,detect,search_man,
2026-09-23T13:59:34.539Z,1790171974539,"{""ts"":1790084916.06915,""peer"":""zeek"",""metric_type"":""gauge"",""name"":""zeek_dnsmgr_cache_entries"",""labels"":[""type""],""label_values"":[""address""],""value"":0.0}",1790171974539532050,1790171974539532050_db3d0b09,target_acquisition,unknown,,/opt/zeek/logs/current/telemetry.log,search_man,,detect,search_man,
2026-09-23T13:59:34.539Z,1790171974539,"{""ts"":1790084916.06915,""peer"":""zeek"",""metric_type"":""gauge"",""name"":""zeek_dnsmgr_cache_entries"",""labels"":[""type""],""label_values"":[""text""],""value"":0.0}",1790171974539519737,1790171974539519737_e541b5a2,target_acquisition,unknown,,/opt/zeek/logs/current/telemetry.log,search_man,,detect,search_man,
2026-09-23T13:59:34.539Z,1790171974539,"{""ts"":1790084916.06915,""peer"":""zeek"",""metric_type"":""gauge"",""name"":""zeek_dnsmgr_pending_asyncs_requests"",""labels"":[],""label_values"":[],""value"":0.0}",1790171974539510894,1790171974539510894_f05831fa,target_acquisition,unknown,,/opt/zeek/logs/current/telemetry.log,search_man,,detect,search_man,
2026-09-23T13:59:34.539Z,1790171974539,"{""ts"":1790084916.06915,""peer"":""zeek"",""metric_type"":""gauge"",""name"":""zeek_timers_pending"",""labels"":[""type""],""label_values"":[""TCPConnectionPartialClose""],""value"":0.0}",1790171974539506171,1790171974539506171_fa1dc1cc,target_acquisition,unknown,,/opt/zeek/logs/current/telemetry.log,search_man,,detect,search_man,
2026-09-23T13:59:34.539Z,1790171974539,"{""ts"":1790084916.06915,""peer"":""zeek"",""metric_type"":""gauge"",""name"":""zeek_timers_pending"",""labels"":[""type""],""label_values"":[""TCPConnectionAttemptTimer""],""value"":1.0}",1790171974539417537,1790171974539417537_a796313e,target_acquisition,unknown,,/opt/zeek/logs/current/telemetry.log,search_man,,detect,search_man,
2026-09-23T13:59:34.539Z,1790171974539,"{""ts"":1790084916.06915,""peer"":""zeek"",""metric_type"":""gauge"",""name"":""zeek_timers_pending"",""labels"":[""type""],""label_values"":[""TableValTimer""],""value"":36.0}",1790171974539402061,1790171974539402061_b12a53a7,target_acquisition,unknown,,/opt/zeek/logs/current/telemetry.log,search_man,,detect,search_man,
2026-09-23T13:59:34.539Z,1790171974539,"{""ts"":1790084916.06915,""peer"":""zeek"",""metric_type"":""gauge"",""name"":""zeek_timers_pending"",""labels"":[""type""],""label_values"":[""TriggerTimer""],""value"":0.0}",1790171974539389341,1790171974539389341_ff97b7fb,target_acquisition,unknown,,/opt/zeek/logs/current/telemetry.log,search_man,,detect,search_man,
2026-09-23T13:59:34.539Z,1790171974539,"{""ts"":1790084916.06915,""peer"":""zeek"",""metric_type"":""gauge"",""name"":""zeek_timers_pending"",""labels"":[""type""],""label_values"":[""ConnectionDeleteTimer""],""value"":0.0}",1790171974539379877,1790171974539379877_b6b3f1fc,target_acquisition,unknown,,/opt/zeek/logs/current/telemetry.log,search_man,,detect,search_man,
2026-09-23T13:59:34.539Z,1790171974539,"{""ts"":1790084916.06915,""peer"":""zeek"",""metric_type"":""gauge"",""name"":""zeek_timers_pending"",""labels"":[""type""],""label_values"":[""RPCExpireTimer""],""value"":0.0}",1790171974539375419,1790171974539375419_576192bf,target_acquisition,unknown,,/opt/zeek/logs/current/telemetry.log,search_man,,detect,search_man,
2026-09-23T13:59:34.539Z,1790171974539,"{""ts"":1790084916.06915,""peer"":""zeek"",""metric_type"":""gauge"",""name"":""zeek_timers_pending"",""labels"":[""type""],""label_values"":[""NTPExpireTimer""],""value"":0.0}",1790171974539306411,1790171974539306411_d840bd6,target_acquisition,unknown,,/opt/zeek/logs/current/telemetry.log,search_man,,detect,search_man,
2026-09-23T13:59:34.539Z,1790171974539,"{""ts"":1790084916.06915,""peer"":""zeek"",""metric_type"":""gauge"",""name"":""zeek_timers_pending"",""labels"":[""type""],""label_values"":[""ScheduleTimer""],""value"":6.0}",1790171974539289089,1790171974539289089_4791d6b0,target_acquisition,unknown,,/opt/zeek/logs/current/telemetry.log,search_man,,detect,search_man,
2026-09-23T13:59:34.539Z,1790171974539,"{""ts"":1790084916.06915,""peer"":""zeek"",""metric_type"":""gauge"",""name"":""zeek_timers_pending"",""labels"":[""type""],""label_values"":[""TCPConnectionDeleteTimer""],""value"":0.0}",1790171974539269229,1790171974539269229_9980c883,target_acquisition,unknown,,/opt/zeek/logs/current/telemetry.log,search_man,,detect,search_man,
2026-09-23T13:59:34.539Z,1790171974539,"{""ts"":1790084916.06915,""peer"":""zeek"",""metric_type"":""gauge"",""name"":""zeek_timers_pending"",""labels"":[""type""],""label_values"":[""ConnTupleWeirdTimer""],""value"":0.0}",1790171974539260266,1790171974539260266_e0f216c6,target_acquisition,unknown,,/opt/zeek/logs/current/telemetry.log,search_man,,detect,search_man,
2026-09-23T13:59:34.539Z,1790171974539,"{""ts"":1790084916.06915,""peer"":""zeek"",""metric_type"":""gauge"",""name"":""zeek_timers_pending"",""labels"":[""type""],""label_values"":[""TCPConnectionResetTimer""],""value"":0.0}",1790171974539255920,1790171974539255920_d733b3dd,target_acquisition,unknown,,/opt/zeek/logs/current/telemetry.log,search_man,,detect,search_man,
2026-09-23T13:59:34.539Z,1790171974539,"{""ts"":1790084916.06915,""peer"":""zeek"",""metric_type"":""gauge"",""name"":""zeek_timers_pending"",""labels"":[""type""],""label_values"":[""RemoveConnection""],""value"":0.0}",1790171974539188303,1790171974539188303_752251a8,target_acquisition,unknown,,/opt/zeek/logs/current/telemetry.log,search_man,,detect,search_man,
2026-09-23T13:59:34.539Z,1790171974539,"{""ts"":1790084916.06915,""peer"":""zeek"",""metric_type"":""gauge"",""name"":""zeek_timers_pending"",""labels"":[""type""],""label_values"":[""NetworkTimer""],""value"":0.0}",1790171974539172780,1790171974539172780_3fafb3f5,target_acquisition,unknown,,/opt/zeek/logs/current/telemetry.log,search_man,,detect,search_man,
2026-09-23T13:59:34.539Z,1790171974539,"{""ts"":1790084916.06915,""peer"":""zeek"",""metric_type"":""gauge"",""name"":""zeek_timers_pending"",""labels"":[""type""],""label_values"":[""NetbiosExpireTimer""],""value"":0.0}",1790171974539160602,1790171974539160602_422e7544,target_acquisition,unknown,,/opt/zeek/logs/current/telemetry.log,search_man,,detect,search_man,
2026-09-23T13:59:34.539Z,1790171974539,"{""ts"":1790084916.06915,""peer"":""zeek"",""metric_type"":""gauge"",""name"":""zeek_timers_pending"",""labels"":[""type""],""label_values"":[""BackdoorTimer""],""value"":0.0}",1790171974539151663,1790171974539151663_f23c0388,target_acquisition,unknown,,/opt/zeek/logs/current/telemetry.log,search_man,,detect,search_man,
2026-09-23T13:59:34.539Z,1790171974539,"{""ts"":1790084916.06915,""peer"":""zeek"",""metric_type"":""gauge"",""name"":""zeek_timers_pending"",""labels"":[""type""],""label_values"":[""BreakpointTimer""],""value"":0.0}",1790171974539147193,1790171974539147193_e54a5988,target_acquisition,unknown,,/opt/zeek/logs/current/telemetry.log,search_man,,detect,search_man,
2026-09-23T13:59:34.539Z,1790171974539,"{""ts"":1790084916.06915,""peer"":""zeek"",""metric_type"":""gauge"",""name"":""zeek_timers_pending"",""labels"":[""type""],""label_values"":[""ConnectionExpireTimer""],""value"":0.0}",1790171974539078041,1790171974539078041_5d7ed1a4,target_acquisition,unknown,,/opt/zeek/logs/current/telemetry.log,search_man,,detect,search_man,
2026-09-23T13:59:34.539Z,1790171974539,"{""ts"":1790084916.06915,""peer"":""zeek"",""metric_type"":""gauge"",""name"":""zeek_timers_pending"",""labels"":[""type""],""label_values"":[""ProfileTimer""],""value"":0.0}",1790171974539062542,1790171974539062542_a08862c6,target_acquisition,unknown,,/opt/zeek/logs/current/telemetry.log,search_man,,detect,search_man,
2026-09-23T13:59:34.539Z,1790171974539,"{""ts"":1790084916.06915,""peer"":""zeek"",""metric_type"":""gauge"",""name"":""zeek_timers_pending"",""labels"":[""type""],""label_values"":[""UnknownProtocolExpire""],""value"":0.0}",1790171974539050447,1790171974539050447_f6ebe023,target_acquisition,unknown,,/opt/zeek/logs/current/telemetry.log,search_man,,detect,search_man,
2026-09-23T13:59:34.539Z,1790171974539,"{""ts"":1790084916.06915,""peer"":""zeek"",""metric_type"":""gauge"",""name"":""zeek_timers_pending"",""labels"":[""type""],""label_values"":[""DNSExpireTimer""],""value"":8.0}",1790171974539041669,1790171974539041669_fb40ec53,target_acquisition,unknown,,/opt/zeek/logs/current/telemetry.log,search_man,,detect,search_man,
2026-09-23T13:59:34.539Z,1790171974539,"{""ts"":1790084916.06915,""peer"":""zeek"",""metric_type"":""gauge"",""name"":""zeek_timers_pending"",""labels"":[""type""],""label_values"":[""IPTunnelInactivityTimer""],""value"":0.0}",1790171974539037025,1790171974539037025_1d3d4842,target_acquisition,unknown,,/opt/zeek/logs/current/telemetry.log,search_man,,detect,search_man,
2026-09-23T13:59:34.538Z,1790171974538,"{""ts"":1790084916.06915,""peer"":""zeek"",""metric_type"":""gauge"",""name"":""zeek_timers_pending"",""labels"":[""type""],""label_values"":[""InterconnTimer""],""value"":0.0}",1790171974538957501,1790171974538957501_9fb4946f,target_acquisition,unknown,,/opt/zeek/logs/current/telemetry.log,search_man,,detect,search_man,
2026-09-23T13:59:34.538Z,1790171974538,"{""ts"":1790084916.06915,""peer"":""zeek"",""metric_type"":""gauge"",""name"":""zeek_timers_pending"",""labels"":[""type""],""label_values"":[""NetWeirdTimer""],""value"":0.0}",1790171974538941838,1790171974538941838_cee4c267,target_acquisition,unknown,,/opt/zeek/logs/current/telemetry.log,search_man,,detect,search_man,
2026-09-23T13:59:34.538Z,1790171974538,"{""ts"":1790084916.06915,""peer"":""zeek"",""metric_type"":""gauge"",""name"":""zeek_timers_pending"",""labels"":[""type""],""label_values"":[""LogFlushWriteBufferTimer""],""value"":1.0}",1790171974538929085,1790171974538929085_98062cb7,target_acquisition,unknown,,/opt/zeek/logs/current/telemetry.log,search_man,,detect,search_man,
2026-09-23T13:59:34.538Z,1790171974538,"{""ts"":1790084916.06915,""peer"":""zeek"",""metric_type"":""gauge"",""name"":""zeek_timers_pending"",""labels"":[""type""],""label_values"":[""ConnectionStatusUpdateTimer""],""value"":0.0}",1790171974538920178,1790171974538920178_f1f9e9c,target_acquisition,unknown,,/opt/zeek/logs/current/telemetry.log,search_man,,detect,search_man,
2026-09-23T13:59:34.538Z,1790171974538,"{""ts"":1790084916.06915,""peer"":""zeek"",""metric_type"":""gauge"",""name"":""zeek_timers_pending"",""labels"":[""type""],""label_values"":[""TCPConnectionExpireTimer""],""value"":7.0}",1790171974538915425,1790171974538915425_24499bec,target_acquisition,unknown,,/opt/zeek/logs/current/telemetry.log,search_man,,detect,search_man,
2026-09-23T13:59:34.538Z,1790171974538,"{""ts"":1790084916.06915,""peer"":""zeek"",""metric_type"":""gauge"",""name"":""zeek_timers_pending"",""labels"":[""type""],""label_values"":[""ConnectionInactivityTimer""],""value"":34.0}",1790171974538847004,1790171974538847004_f8055582,target_acquisition,unknown,,/opt/zeek/logs/current/telemetry.log,search_man,,detect,search_man,
2026-09-23T13:59:34.538Z,1790171974538,"{""ts"":1790084916.06915,""peer"":""zeek"",""metric_type"":""gauge"",""name"":""zeek_timers_pending"",""labels"":[""type""],""label_values"":[""StorageExpire""],""value"":1.0}",1790171974538831582,1790171974538831582_29ac1c2b,target_acquisition,unknown,,/opt/zeek/logs/current/telemetry.log,search_man,,detect,search_man,
2026-09-23T13:59:34.538Z,1790171974538,"{""ts"":1790084916.06915,""peer"":""zeek"",""metric_type"":""gauge"",""name"":""zeek_timers_pending"",""labels"":[""type""],""label_values"":[""FileAnalysisInactivityTimer""],""value"":3.0}",1790171974538819961,1790171974538819961_811576a6,target_acquisition,unknown,,/opt/zeek/logs/current/telemetry.log,search_man,,detect,search_man,
2026-09-23T13:59:34.538Z,1790171974538,"{""ts"":1790084916.06915,""peer"":""zeek"",""metric_type"":""gauge"",""name"":""zeek_timers_pending"",""labels"":[""type""],""label_values"":[""FlowWeirdTimer""],""value"":0.0}",1790171974538811168,1790171974538811168_69c1751e,target_acquisition,unknown,,/opt/zeek/logs/current/telemetry.log,search_man,,detect,search_man,
2026-09-23T13:59:34.538Z,1790171974538,"{""ts"":1790084916.06915,""peer"":""zeek"",""metric_type"":""gauge"",""name"":""zeek_timers_pending"",""labels"":[""type""],""label_values"":[""RotateTimer""],""value"":16.0}",1790171974538806804,1790171974538806804_3c0efdc1,target_acquisition,unknown,,/opt/zeek/logs/current/telemetry.log,search_man,,detect,search_man,
2026-09-23T13:59:34.538Z,1790171974538,"{""ts"":1790084916.06915,""peer"":""zeek"",""metric_type"":""gauge"",""name"":""zeek_timers_pending"",""labels"":[""type""],""label_values"":[""FragTimer""],""value"":0.0}",1790171974538737013,1790171974538737013_43782023,target_acquisition,unknown,,/opt/zeek/logs/current/telemetry.log,search_man,,detect,search_man,
2026-09-23T13:59:34.538Z,1790171974538,"{""ts"":1790084916.06915,""peer"":""zeek"",""metric_type"":""gauge"",""name"":""zeek_timers_pending"",""labels"":[""type""],""label_values"":[""ParentProcessIDCheck""],""value"":0.0}",1790171974538721535,1790171974538721535_29ac1368,target_acquisition,unknown,,/opt/zeek/logs/current/telemetry.log,search_man,,detect,search_man,
2026-09-23T13:59:34.538Z,1790171974538,"{""ts"":1790084916.06915,""peer"":""zeek"",""metric_type"":""gauge"",""name"":""zeek_timers_pending"",""labels"":[""type""],""label_values"":[""TablePublishBatchedChanges""],""value"":0.0}",1790171974538706808,1790171974538706808_b87c1a8f,target_acquisition,unknown,,/opt/zeek/logs/current/telemetry.log,search_man,,detect,search_man,
2026-09-23T13:59:34.538Z,1790171974538,"{""ts"":1790084916.06915,""peer"":""zeek"",""metric_type"":""gauge"",""name"":""zeek_timers_pending"",""labels"":[""type""],""label_values"":[""TimerMgrExpireTimer""],""value"":0.0}",1790171974538689256,1790171974538689256_593a7b75,target_acquisition,unknown,,/opt/zeek/logs/current/telemetry.log,search_man,,detect,search_man,
2026-09-23T13:59:34.538Z,1790171974538,"{""ts"":1790084916.06915,""peer"":""zeek"",""metric_type"":""gauge"",""name"":""zeek_timers_pending"",""labels"":[""type""],""label_values"":[""ThreadHeartbeat""],""value"":1.0}",1790171974538684406,1790171974538684406_34502e79,target_acquisition,unknown,,/opt/zeek/logs/current/telemetry.log,search_man,,detect,search_man,
2026-09-23T13:59:34.538Z,1790171974538,"{""ts"":1790084916.06915,""peer"":""zeek"",""metric_type"":""gauge"",""name"":""zeek_timers_pending"",""labels"":[""type""],""label_values"":[""LogDelayExpire""],""value"":0.0}",1790171974538614994,1790171974538614994_e439360a,target_acquisition,unknown,,/opt/zeek/logs/current/telemetry.log,search_man,,detect,search_man,
2026-09-23T13:59:34.538Z,1790171974538,"{""ts"":1790084916.06915,""peer"":""zeek"",""metric_type"":""gauge"",""name"":""zeek_timers_lag_time_seconds"",""labels"":[],""label_values"":[],""value"":0.0010690689086914063}",1790171974538599802,1790171974538599802_b435f6f5,target_acquisition,unknown,,/opt/zeek/logs/current/telemetry.log,search_man,,detect,search_man,
2026-09-23T13:59:34.538Z,1790171974538,"{""ts"":1790084916.06915,""peer"":""zeek"",""metric_type"":""gauge"",""name"":""zeek_broker_pending_queries"",""labels"":[],""label_values"":[],""value"":0.0}",1790171974538587559,1790171974538587559_59ddff88,target_acquisition,unknown,,/opt/zeek/logs/current/telemetry.log,search_man,,detect,search_man,
2026-09-23T13:59:34.538Z,1790171974538,"{""ts"":1790084916.06915,""peer"":""zeek"",""metric_type"":""gauge"",""name"":""zeek_broker_stores"",""labels"":[],""label_values"":[],""value"":1.0}",1790171974538578180,1790171974538578180_21466f55,target_acquisition,unknown,,/opt/zeek/logs/current/telemetry.log,search_man,,detect,search_man,
2026-09-23T13:59:34.538Z,1790171974538,"{""ts"":1790084916.06915,""peer"":""zeek"",""metric_type"":""gauge"",""name"":""zeek_broker_peers"",""labels"":[],""label_values"":[],""value"":0.0}",1790171974538573678,1790171974538573678_c21571e5,target_acquisition,unknown,,/opt/zeek/logs/current/telemetry.log,search_man,,detect,search_man,
2026-09-23T13:59:34.538Z,1790171974538,"{""ts"":1790084916.06915,""peer"":""zeek"",""metric_type"":""gauge"",""name"":""zeek_msgthread_pending_messages_out_buckets"",""labels"":[""leq""],""label_values"":[""1""],""value"":17.0}",1790171974538505607,1790171974538505607_c107278e,target_acquisition,unknown,,/opt/zeek/logs/current/telemetry.log,search_man,,detect,search_man,
2026-09-23T13:59:34.538Z,1790171974538,"{""ts"":1790084916.06915,""peer"":""zeek"",""metric_type"":""gauge"",""name"":""zeek_msgthread_pending_messages_out_buckets"",""labels"":[""leq""],""label_values"":[""10""],""value"":17.0}",1790171974538490197,1790171974538490197_76af5546,target_acquisition,unknown,,/opt/zeek/logs/current/telemetry.log,search_man,,detect,search_man,
2026-09-23T13:59:34.538Z,1790171974538,"{""ts"":1790084916.06915,""peer"":""zeek"",""metric_type"":""gauge"",""name"":""zeek_msgthread_pending_messages_out_buckets"",""labels"":[""leq""],""label_values"":[""100""],""value"":17.0}",1790171974538473540,1790171974538473540_6d0cc70e,target_acquisition,unknown,,/opt/zeek/logs/current/telemetry.log,search_man,,detect,search_man,
2026-09-23T13:59:34.538Z,1790171974538,"{""ts"":1790084916.06915,""peer"":""zeek"",""metric_type"":""gauge"",""name"":""zeek_msgthread_pending_messages_out_buckets"",""labels"":[""leq""],""label_values"":[""1000""],""value"":17.0}",1790171974538446494,1790171974538446494_c3896bc6,target_acquisition,unknown,,/opt/zeek/logs/current/telemetry.log,search_man,,detect,search_man,
2026-09-23T13:59:34.538Z,1790171974538,"{""ts"":1790084916.06915,""peer"":""zeek"",""metric_type"":""gauge"",""name"":""zeek_msgthread_pending_messages_out_buckets"",""labels"":[""leq""],""label_values"":[""10000""],""value"":17.0}",1790171974538442054,1790171974538442054_e85e328e,target_acquisition,unknown,,/opt/zeek/logs/current/telemetry.log,search_man,,detect,search_man,
2026-09-23T13:59:34.538Z,1790171974538,"{""ts"":1790084916.06915,""peer"":""zeek"",""metric_type"":""gauge"",""name"":""zeek_msgthread_pending_messages_out_buckets"",""labels"":[""leq""],""label_values"":[""inf""],""value"":17.0}",1790171974538373226,1790171974538373226_3040cafa,target_acquisition,unknown,,/opt/zeek/logs/current/telemetry.log,search_man,,detect,search_man,
2026-09-23T13:59:34.538Z,1790171974538,"{""ts"":1790084916.06915,""peer"":""zeek"",""metric_type"":""gauge"",""name"":""zeek_msgthread_pending_messages_in_buckets"",""labels"":[""leq""],""label_values"":[""1""],""value"":17.0}",1790171974538357601,1790171974538357601_e20944d3,target_acquisition,unknown,,/opt/zeek/logs/current/telemetry.log,search_man,,detect,search_man,
2026-09-23T13:59:34.538Z,1790171974538,"{""ts"":1790084916.06915,""peer"":""zeek"",""metric_type"":""gauge"",""name"":""zeek_msgthread_pending_messages_in_buckets"",""labels"":[""leq""],""label_values"":[""10""],""value"":17.0}",1790171974538345944,1790171974538345944_7a4f7859,target_acquisition,unknown,,/opt/zeek/logs/current/telemetry.log,search_man,,detect,search_man,
2026-09-23T13:59:34.538Z,1790171974538,"{""ts"":1790084916.06915,""peer"":""zeek"",""metric_type"":""gauge"",""name"":""zeek_msgthread_pending_messages_in_buckets"",""labels"":[""leq""],""label_values"":[""100""],""value"":17.0}",1790171974538337246,1790171974538337246_953a853b,target_acquisition,unknown,,/opt/zeek/logs/current/telemetry.log,search_man,,detect,search_man,
2026-09-23T13:59:34.538Z,1790171974538,"{""ts"":1790084916.06915,""peer"":""zeek"",""metric_type"":""gauge"",""name"":""zeek_msgthread_pending_messages_in_buckets"",""labels"":[""leq""],""label_values"":[""1000""],""value"":17.0}",1790171974538332817,1790171974538332817_9f52a91,target_acquisition,unknown,,/opt/zeek/logs/current/telemetry.log,search_man,,detect,search_man,
2026-09-23T13:59:34.538Z,1790171974538,"{""ts"":1790084916.06915,""peer"":""zeek"",""metric_type"":""gauge"",""name"":""zeek_msgthread_pending_messages_in_buckets"",""labels"":[""leq""],""label_values"":[""10000""],""value"":17.0}",1790171974538263017,1790171974538263017_dcfcc9c3,target_acquisition,unknown,,/opt/zeek/logs/current/telemetry.log,search_man,,detect,search_man,
2026-09-23T13:59:34.538Z,1790171974538,"{""ts"":1790084916.06915,""peer"":""zeek"",""metric_type"":""gauge"",""name"":""zeek_msgthread_pending_messages_in_buckets"",""labels"":[""leq""],""label_values"":[""inf""],""value"":17.0}",1790171974538247792,1790171974538247792_f1d423db,target_acquisition,unknown,,/opt/zeek/logs/current/telemetry.log,search_man,,detect,search_man,
2026-09-23T13:59:34.538Z,1790171974538,"{""ts"":1790084916.06915,""peer"":""zeek"",""metric_type"":""gauge"",""name"":""zeek_msgthread_pending_out_messages"",""labels"":[],""label_values"":[],""value"":0.0}",1790171974538235013,1790171974538235013_7ccdd981,target_acquisition,unknown,,/opt/zeek/logs/current/telemetry.log,search_man,,detect,search_man,
2026-09-23T13:59:34.538Z,1790171974538,"{""ts"":1790084916.06915,""peer"":""zeek"",""metric_type"":""gauge"",""name"":""zeek_msgthread_pending_in_messages"",""labels"":[],""label_values"":[],""value"":0.0}",1790171974538226012,1790171974538226012_b32d57a,target_acquisition,unknown,,/opt/zeek/logs/current/telemetry.log,search_man,,detect,search_man,
2026-09-23T13:59:34.538Z,1790171974538,"{""ts"":1790084916.06915,""peer"":""zeek"",""metric_type"":""gauge"",""name"":""zeek_msgthread_active_threads"",""labels"":[],""label_values"":[],""value"":17.0}",1790171974538221365,1790171974538221365_fcd50db8,target_acquisition,unknown,,/opt/zeek/logs/current/telemetry.log,search_man,,detect,search_man,
2026-09-23T13:59:34.538Z,1790171974538,"{""ts"":1790084916.06915,""peer"":""zeek"",""metric_type"":""gauge"",""name"":""zeek_net_timestamp_seconds"",""labels"":[],""label_values"":[],""value"":1790084916.06915}",1790171974538152163,1790171974538152163_16b6eff4,target_acquisition,unknown,,/opt/zeek/logs/current/telemetry.log,search_man,,detect,search_man,
2026-09-23T13:59:34.538Z,1790171974538,"{""ts"":1790084916.06915,""peer"":""zeek"",""metric_type"":""gauge"",""name"":""zeek_net_packet_lag_seconds"",""labels"":[],""label_values"":[],""value"":0.4759690761566162}",1790171974538137619,1790171974538137619_b44d048d,target_acquisition,unknown,,/opt/zeek/logs/current/telemetry.log,search_man,,detect,search_man,
2026-09-23T13:59:34.538Z,1790171974538,"{""ts"":1790084916.06915,""peer"":""zeek"",""metric_type"":""gauge"",""name"":""zeek_version_info"",""labels"":[""beta"",""commit"",""debug"",""major"",""minor"",""patch"",""version_number"",""version_string""],""label_values"":[""false"",""0"",""false"",""8"",""2"",""2"",""80202"",""8.2.2""],""value"":1.0}",1790171974538122930,1790171974538122930_f73fec1b,target_acquisition,debug,,/opt/zeek/logs/current/telemetry.log,search_man,,detect,search_man,
2026-09-23T13:59:34.538Z,1790171974538,"{""ts"":1790084916.06915,""peer"":""zeek"",""metric_type"":""counter"",""name"":""zeek_total_sessions_total"",""labels"":[""protocol""],""label_values"":[""tcp""],""value"":785.0}",1790171974538104851,1790171974538104851_4594d8a3,target_acquisition,unknown,,/opt/zeek/logs/current/telemetry.log,search_man,,detect,search_man,
2026-09-23T13:59:34.538Z,1790171974538,"{""ts"":1790084916.06915,""peer"":""zeek"",""metric_type"":""counter"",""name"":""zeek_total_sessions_total"",""labels"":[""protocol""],""label_values"":[""udp""],""value"":1641.0}",1790171974538100328,1790171974538100328_5cbddd07,target_acquisition,unknown,,/opt/zeek/logs/current/telemetry.log,search_man,,detect,search_man,
2026-09-23T13:59:34.538Z,1790171974538,"{""ts"":1790084916.06915,""peer"":""zeek"",""metric_type"":""counter"",""name"":""zeek_total_sessions_total"",""labels"":[""protocol""],""label_values"":[""icmp""],""value"":411.0}",1790171974538012377,1790171974538012377_c1c0bf65,target_acquisition,unknown,,/opt/zeek/logs/current/telemetry.log,search_man,,detect,search_man,
2026-09-23T13:59:34.537Z,1790171974537,"{""ts"":1790084916.06915,""peer"":""zeek"",""metric_type"":""counter"",""name"":""zeek_cluster_zeromq_proxy_backend_bytes_sent_total"",""labels"":[],""label_values"":[],""value"":0.0}",1790171974537997235,1790171974537997235_3c913164,target_acquisition,unknown,,/opt/zeek/logs/current/telemetry.log,search_man,,detect,search_man,
2026-09-23T13:59:34.537Z,1790171974537,"{""ts"":1790084916.06915,""peer"":""zeek"",""metric_type"":""counter"",""name"":""zeek_cluster_zeromq_proxy_backend_messages_sent_total"",""labels"":[],""label_values"":[],""value"":0.0}",1790171974537984948,1790171974537984948_50ab7e3d,target_acquisition,unknown,,/opt/zeek/logs/current/telemetry.log,search_man,,detect,search_man,
2026-09-23T13:59:34.537Z,1790171974537,"{""ts"":1790084916.06915,""peer"":""zeek"",""metric_type"":""counter"",""name"":""zeek_cluster_zeromq_proxy_backend_bytes_received_total"",""labels"":[],""label_values"":[],""value"":52.0}",1790171974537975259,1790171974537975259_c405f27a,target_acquisition,unknown,,/opt/zeek/logs/current/telemetry.log,search_man,,detect,search_man,
2026-09-23T13:59:34.537Z,1790171974537,"{""ts"":1790084916.06915,""peer"":""zeek"",""metric_type"":""counter"",""name"":""zeek_cluster_zeromq_proxy_backend_messages_received_total"",""labels"":[],""label_values"":[],""value"":3.0}",1790171974537970604,1790171974537970604_4bbb7e4b,target_acquisition,unknown,,/opt/zeek/logs/current/telemetry.log,search_man,,detect,search_man,
2026-09-23T13:59:34.537Z,1790171974537,"{""ts"":1790084916.06915,""peer"":""zeek"",""metric_type"":""counter"",""name"":""zeek_cluster_zeromq_proxy_frontend_bytes_sent_total"",""labels"":[],""label_values"":[],""value"":52.0}",1790171974537891802,1790171974537891802_3c270dcb,target_acquisition,unknown,,/opt/zeek/logs/current/telemetry.log,search_man,,detect,search_man,
2026-09-23T13:59:34.537Z,1790171974537,"{""ts"":1790084916.06915,""peer"":""zeek"",""metric_type"":""counter"",""name"":""zeek_cluster_zeromq_proxy_frontend_messages_sent_total"",""labels"":[],""label_values"":[],""value"":3.0}",1790171974537876554,1790171974537876554_5c4d4898,target_acquisition,unknown,,/opt/zeek/logs/current/telemetry.log,search_man,,detect,search_man,
2026-09-23T13:59:34.537Z,1790171974537,"{""ts"":1790084916.06915,""peer"":""zeek"",""metric_type"":""counter"",""name"":""zeek_cluster_zeromq_proxy_frontend_bytes_received_total"",""labels"":[],""label_values"":[],""value"":0.0}",1790171974537864393,1790171974537864393_c1f8fa5f,target_acquisition,unknown,,/opt/zeek/logs/current/telemetry.log,search_man,,detect,search_man,
2026-09-23T13:59:34.537Z,1790171974537,"{""ts"":1790084916.06915,""peer"":""zeek"",""metric_type"":""counter"",""name"":""zeek_cluster_zeromq_proxy_frontend_messages_received_total"",""labels"":[],""label_values"":[],""value"":0.0}",1790171974537855622,1790171974537855622_fa168b5a,target_acquisition,unknown,,/opt/zeek/logs/current/telemetry.log,search_man,,detect,search_man,
2026-09-23T13:59:34.537Z,1790171974537,"{""ts"":1790084916.06915,""peer"":""zeek"",""metric_type"":""counter"",""name"":""zeek_event_handler_invocations_total"",""labels"":[""name""],""label_values"":[""x509_ocsp_ext_signed_certificate_timestamp""],""value"":15.0}",1790171974537851246,1790171974537851246_7bf0f678,target_acquisition,unknown,,/opt/zeek/logs/current/telemetry.log,search_man,,detect,search_man,
2026-09-23T13:59:34.537Z,1790171974537,"{""ts"":1790084916.06915,""peer"":""zeek"",""metric_type"":""counter"",""name"":""zeek_event_handler_invocations_total"",""labels"":[""name""],""label_values"":[""file_hash""],""value"":45.0}",1790171974537782568,1790171974537782568_4ff6d6ce,target_acquisition,unknown,,/opt/zeek/logs/current/telemetry.log,search_man,,detect,search_man,
2026-09-23T13:59:34.537Z,1790171974537,"{""ts"":1790084916.06915,""peer"":""zeek"",""metric_type"":""counter"",""name"":""zeek_event_handler_invocations_total"",""labels"":[""name""],""label_values"":[""x509_certificate""],""value"":15.0}",1790171974537766857,1790171974537766857_ce8bd232,target_acquisition,unknown,,/opt/zeek/logs/current/telemetry.log,search_man,,detect,search_man,
2026-09-23T13:59:34.537Z,1790171974537,"{""ts"":1790084916.06915,""peer"":""zeek"",""metric_type"":""counter"",""name"":""zeek_event_handler_invocations_total"",""labels"":[""name""],""label_values"":[""ntp_message""],""value"":8.0}",1790171974537753772,1790171974537753772_86e22e3a,target_acquisition,unknown,,/opt/zeek/logs/current/telemetry.log,search_man,,detect,search_man,
2026-09-23T13:59:34.537Z,1790171974537,"{""ts"":1790084916.06915,""peer"":""zeek"",""metric_type"":""counter"",""name"":""zeek_event_handler_invocations_total"",""labels"":[""name""],""label_values"":[""QUIC::zero_rtt_packet""],""value"":165.0}",1790171974537722857,1790171974537722857_40b4a264,target_acquisition,unknown,,/opt/zeek/logs/current/telemetry.log,search_man,,detect,search_man,
2026-09-23T13:59:34.537Z,1790171974537,"{""ts"":1790084916.06915,""peer"":""zeek"",""metric_type"":""counter"",""name"":""zeek_event_handler_invocations_total"",""labels"":[""name""],""label_values"":[""ssl_plaintext_data""],""value"":1012.0}",1790171974537718399,1790171974537718399_638b2ab9,target_acquisition,unknown,,/opt/zeek/logs/current/telemetry.log,search_man,,detect,search_man,
2026-09-23T13:59:34.537Z,1790171974537,"{""ts"":1790084916.06915,""peer"":""zeek"",""metric_type"":""counter"",""name"":""zeek_event_handler_invocations_total"",""labels"":[""name""],""label_values"":[""file_sniff""],""value"":15.0}",1790171974537648631,1790171974537648631_2079d5a3,target_acquisition,unknown,,/opt/zeek/logs/current/telemetry.log,search_man,,detect,search_man,
2026-09-23T13:59:34.537Z,1790171974537,"{""ts"":1790084916.06915,""peer"":""zeek"",""metric_type"":""counter"",""name"":""zeek_event_handler_invocations_total"",""labels"":[""name""],""label_values"":[""file_over_new_connection""],""value"":15.0}",1790171974537633168,1790171974537633168_8beee457,target_acquisition,unknown,,/opt/zeek/logs/current/telemetry.log,search_man,,detect,search_man,
2026-09-23T13:59:34.537Z,1790171974537,"{""ts"":1790084916.06915,""peer"":""zeek"",""metric_type"":""counter"",""name"":""zeek_event_handler_invocations_total"",""labels"":[""name""],""label_values"":[""x509_extension""],""value"":125.0}",1790171974537621016,1790171974537621016_5e370444,target_acquisition,unknown,,/opt/zeek/logs/current/telemetry.log,search_man,,detect,search_man,
2026-09-23T13:59:34.537Z,1790171974537,"{""ts"":1790084916.06915,""peer"":""zeek"",""metric_type"":""counter"",""name"":""zeek_event_handler_invocations_total"",""labels"":[""name""],""label_values"":[""file_new""],""value"":15.0}",1790171974537611738,1790171974537611738_3c00ce3d,target_acquisition,unknown,,/opt/zeek/logs/current/telemetry.log,search_man,,detect,search_man,
2026-09-23T13:59:34.537Z,1790171974537,"{""ts"":1790084916.06915,""peer"":""zeek"",""metric_type"":""counter"",""name"":""zeek_event_handler_invocations_total"",""labels"":[""name""],""label_values"":[""ssl_ecdh_server_params""],""value"":5.0}",1790171974537607433,1790171974537607433_71967547,target_acquisition,unknown,,/opt/zeek/logs/current/telemetry.log,search_man,,detect,search_man,
2026-09-23T13:59:34.537Z,1790171974537,"{""ts"":1790084916.06915,""peer"":""zeek"",""metric_type"":""counter"",""name"":""zeek_event_handler_invocations_total"",""labels"":[""name""],""label_values"":[""ssl_extension_application_layer_protocol_negotiation""],""value"":299.0}",1790171974537536392,1790171974537536392_f37102a6,target_acquisition,unknown,,/opt/zeek/logs/current/telemetry.log,search_man,,detect,search_man,
2026-09-23T13:59:34.537Z,1790171974537,"{""ts"":1790084916.06915,""peer"":""zeek"",""metric_type"":""counter"",""name"":""zeek_event_handler_invocations_total"",""labels"":[""name""],""label_values"":[""file_state_remove""],""value"":15.0}",1790171974537511140,1790171974537511140_38ee1873,target_acquisition,unknown,,/opt/zeek/logs/current/telemetry.log,search_man,,detect,search_man,
2026-09-23T13:59:34.537Z,1790171974537,"{""ts"":1790084916.06915,""peer"":""zeek"",""metric_type"":""counter"",""name"":""zeek_event_handler_invocations_total"",""labels"":[""name""],""label_values"":[""dns_message""],""value"":46090.0}",1790171974537498671,1790171974537498671_c9af6950,target_acquisition,unknown,,/opt/zeek/logs/current/telemetry.log,search_man,,detect,search_man,
2026-09-23T13:59:34.537Z,1790171974537,"{""ts"":1790084916.06915,""peer"":""zeek"",""metric_type"":""counter"",""name"":""zeek_event_handler_invocations_total"",""labels"":[""name""],""label_values"":[""ssl_established""],""value"":178.0}",1790171974537489584,1790171974537489584_47a40b69,target_acquisition,unknown,,/opt/zeek/logs/current/telemetry.log,search_man,,detect,search_man,
2026-09-23T13:59:34.537Z,1790171974537,"{""ts"":1790084916.06915,""peer"":""zeek"",""metric_type"":""counter"",""name"":""zeek_event_handler_invocations_total"",""labels"":[""name""],""label_values"":[""dns_AAAA_reply""],""value"":74939.0}",1790171974537485052,1790171974537485052_b262eddb,target_acquisition,unknown,,/opt/zeek/logs/current/telemetry.log,search_man,,detect,search_man,
2026-09-23T13:59:34.537Z,1790171974537,"{""ts"":1790084916.06915,""peer"":""zeek"",""metric_type"":""counter"",""name"":""zeek_event_handler_invocations_total"",""labels"":[""name""],""label_values"":[""ssl_change_cipher_spec""],""value"":364.0}",1790171974537415747,1790171974537415747_994f38a8,target_acquisition,unknown,,/opt/zeek/logs/current/telemetry.log,search_man,,detect,search_man,
2026-09-23T13:59:34.537Z,1790171974537,"{""ts"":1790084916.06915,""peer"":""zeek"",""metric_type"":""counter"",""name"":""zeek_event_handler_invocations_total"",""labels"":[""name""],""label_values"":[""dhcp_message""],""value"":25.0}",1790171974537400660,1790171974537400660_4b6a9550,target_acquisition,unknown,,/opt/zeek/logs/current/telemetry.log,search_man,,detect,search_man,
2026-09-23T13:59:34.537Z,1790171974537,"{""ts"":1790084916.06915,""peer"":""zeek"",""metric_type"":""counter"",""name"":""zeek_event_handler_invocations_total"",""labels"":[""name""],""label_values"":[""ssl_client_hello""],""value"":312.0}",1790171974537388742,1790171974537388742_6b50203f,target_acquisition,unknown,,/opt/zeek/logs/current/telemetry.log,search_man,,detect,search_man,
2026-09-23T13:59:34.537Z,1790171974537,"{""ts"":1790084916.06915,""peer"":""zeek"",""metric_type"":""counter"",""name"":""zeek_event_handler_invocations_total"",""labels"":[""name""],""label_values"":[""zeek_init""],""value"":1.0}",1790171974537379805,1790171974537379805_8ef597d5,target_acquisition,unknown,,/opt/zeek/logs/current/telemetry.log,search_man,,detect,search_man,
2026-09-23T13:59:34.537Z,1790171974537,"{""ts"":1790084916.06915,""peer"":""zeek"",""metric_type"":""counter"",""name"":""zeek_event_handler_invocations_total"",""labels"":[""name""],""label_values"":[""ssl_extension_server_name""],""value"":312.0}",1790171974537375229,1790171974537375229_63407ab6,target_acquisition,unknown,,/opt/zeek/logs/current/telemetry.log,search_man,,detect,search_man,
2026-09-23T13:59:34.537Z,1790171974537,"{""ts"":1790084916.06915,""peer"":""zeek"",""metric_type"":""counter"",""name"":""zeek_event_handler_invocations_total"",""labels"":[""name""],""label_values"":[""known_host_add""],""value"":1.0}",1790171974537304344,1790171974537304344_dd019827,target_acquisition,unknown,,/opt/zeek/logs/current/telemetry.log,search_man,,detect,search_man,
2026-09-23T13:59:34.537Z,1790171974537,"{""ts"":1790084916.06915,""peer"":""zeek"",""metric_type"":""counter"",""name"":""zeek_event_handler_invocations_total"",""labels"":[""name""],""label_values"":[""SumStats::finish_epoch""],""value"":3.0}",1790171974537285033,1790171974537285033_e849db76,target_acquisition,unknown,,/opt/zeek/logs/current/telemetry.log,search_man,,detect,search_man,
2026-09-23T13:59:34.537Z,1790171974537,"{""ts"":1790084916.06915,""peer"":""zeek"",""metric_type"":""counter"",""name"":""zeek_event_handler_invocations_total"",""labels"":[""name""],""label_values"":[""filter_change_tracking""],""value"":35.0}",1790171974537254766,1790171974537254766_47621371,target_acquisition,unknown,,/opt/zeek/logs/current/telemetry.log,search_man,,detect,search_man,
2026-09-23T13:59:34.537Z,1790171974537,"{""ts"":1790084916.06915,""peer"":""zeek"",""metric_type"":""counter"",""name"":""zeek_event_handler_invocations_total"",""labels"":[""name""],""label_values"":[""QUIC::short_header_packet_threshold_crossed""],""value"":1208.0}",1790171974537244247,1790171974537244247_787cb6ca,target_acquisition,unknown,,/opt/zeek/logs/current/telemetry.log,search_man,,detect,search_man,
2026-09-23T13:59:34.537Z,1790171974537,"{""ts"":1790084916.06915,""peer"":""zeek"",""metric_type"":""counter"",""name"":""zeek_event_handler_invocations_total"",""labels"":[""name""],""label_values"":[""Known::host_found""],""value"":194.0}",1790171974537238849,1790171974537238849_aa6872b4,target_acquisition,unknown,,/opt/zeek/logs/current/telemetry.log,search_man,,detect,search_man,
2026-09-23T13:59:34.537Z,1790171974537,"{""ts"":1790084916.06915,""peer"":""zeek"",""metric_type"":""counter"",""name"":""zeek_event_handler_invocations_total"",""labels"":[""name""],""label_values"":[""TrimTraceFile::go""],""value"":1.0}",1790171974537146608,1790171974537146608_32041c8a,target_acquisition,unknown,,/opt/zeek/logs/current/telemetry.log,search_man,,detect,search_man,
2026-09-23T13:59:34.537Z,1790171974537,"{""ts"":1790084916.06915,""peer"":""zeek"",""metric_type"":""counter"",""name"":""zeek_event_handler_invocations_total"",""labels"":[""name""],""label_values"":[""zeek_script_loaded""],""value"":559.0}",1790171974537131557,1790171974537131557_d70a1f66,target_acquisition,unknown,,/opt/zeek/logs/current/telemetry.log,search_man,,detect,search_man,
2026-09-23T13:59:34.537Z,1790171974537,"{""ts"":1790084916.06915,""peer"":""zeek"",""metric_type"":""counter"",""name"":""zeek_event_handler_invocations_total"",""labels"":[""name""],""label_values"":[""dns_SRV_reply""],""value"":24772.0}",1790171974537119674,1790171974537119674_69d26838,target_acquisition,unknown,,/opt/zeek/logs/current/telemetry.log,search_man,,detect,search_man,
2026-09-23T13:59:34.537Z,1790171974537,"{""ts"":1790084916.06915,""peer"":""zeek"",""metric_type"":""counter"",""name"":""zeek_event_handler_invocations_total"",""labels"":[""name""],""label_values"":[""ssl_extension_key_share""],""value"":618.0}",1790171974537110448,1790171974537110448_c18211ad,target_acquisition,unknown,,/opt/zeek/logs/current/telemetry.log,search_man,,detect,search_man,
2026-09-23T13:59:34.537Z,1790171974537,"{""ts"":1790084916.06915,""peer"":""zeek"",""metric_type"":""counter"",""name"":""zeek_event_handler_invocations_total"",""labels"":[""name""],""label_values"":[""new_connection""],""value"":2837.0}",1790171974537105987,1790171974537105987_4feef85f,target_acquisition,unknown,,/opt/zeek/logs/current/telemetry.log,search_man,,detect,search_man,
2026-09-23T13:59:34.537Z,1790171974537,"{""ts"":1790084916.06915,""peer"":""zeek"",""metric_type"":""counter"",""name"":""zeek_event_handler_invocations_total"",""labels"":[""name""],""label_values"":[""known_service_add""],""value"":3.0}",1790171974537037227,1790171974537037227_b48b3122,target_acquisition,unknown,,/opt/zeek/logs/current/telemetry.log,search_man,,detect,search_man,
2026-09-23T13:59:34.537Z,1790171974537,"{""ts"":1790084916.06915,""peer"":""zeek"",""metric_type"":""counter"",""name"":""zeek_event_handler_invocations_total"",""labels"":[""name""],""label_values"":[""dns_CNAME_reply""],""value"":233.0}",1790171974537021602,1790171974537021602_e19dd18b,target_acquisition,unknown,,/opt/zeek/logs/current/telemetry.log,search_man,,detect,search_man,
2026-09-23T13:59:34.537Z,1790171974537,"{""ts"":1790084916.06915,""peer"":""zeek"",""metric_type"":""counter"",""name"":""zeek_event_handler_invocations_total"",""labels"":[""name""],""label_values"":[""connection_established""],""value"":194.0}",1790171974537006951,1790171974537006951_a2605499,target_acquisition,unknown,,/opt/zeek/logs/current/telemetry.log,search_man,,detect,search_man,
2026-09-23T13:59:34.536Z,1790171974536,"{""ts"":1790084916.06915,""peer"":""zeek"",""metric_type"":""counter"",""name"":""zeek_event_handler_invocations_total"",""labels"":[""name""],""label_values"":[""analyzer_confirmation_info""],""value"":1705.0}",1790171974536990206,1790171974536990206_335b3c2e,target_acquisition,unknown,,/opt/zeek/logs/current/telemetry.log,search_man,,detect,search_man,
2026-09-23T13:59:34.536Z,1790171974536,"{""ts"":1790084916.06915,""peer"":""zeek"",""metric_type"":""counter"",""name"":""zeek_event_handler_invocations_total"",""labels"":[""name""],""label_values"":[""service_info_commit""],""value"":703.0}",1790171974536985798,1790171974536985798_7b03a344,target_acquisition,unknown,,/opt/zeek/logs/current/telemetry.log,search_man,,detect,search_man,
2026-09-23T13:59:34.536Z,1790171974536,"{""ts"":1790084916.06915,""peer"":""zeek"",""metric_type"":""counter"",""name"":""zeek_event_handler_invocations_total"",""labels"":[""name""],""label_values"":[""ssl_extension_supported_versions""],""value"":618.0}",1790171974536916281,1790171974536916281_9c1b7be4,target_acquisition,unknown,,/opt/zeek/logs/current/telemetry.log,search_man,,detect,search_man,
2026-09-23T13:59:34.536Z,1790171974536,"{""ts"":1790084916.06915,""peer"":""zeek"",""metric_type"":""counter"",""name"":""zeek_event_handler_invocations_total"",""labels"":[""name""],""label_values"":[""net_stats_update""],""value"":34.0}",1790171974536900626,1790171974536900626_a47e2e40,target_acquisition,unknown,,/opt/zeek/logs/current/telemetry.log,search_man,,detect,search_man,
2026-09-23T13:59:34.536Z,1790171974536,"{""ts"":1790084916.06915,""peer"":""zeek"",""metric_type"":""counter"",""name"":""zeek_event_handler_invocations_total"",""labels"":[""name""],""label_values"":[""CaptureLoss::take_measurement""],""value"":13.0}",1790171974536888890,1790171974536888890_26f75959,target_acquisition,unknown,,/opt/zeek/logs/current/telemetry.log,search_man,,detect,search_man,
2026-09-23T13:59:34.536Z,1790171974536,"{""ts"":1790084916.06915,""peer"":""zeek"",""metric_type"":""counter"",""name"":""zeek_event_handler_invocations_total"",""labels"":[""name""],""label_values"":[""x509_ext_subject_alternative_name""],""value"":5.0}",1790171974536879373,1790171974536879373_a1a7fde8,target_acquisition,unknown,,/opt/zeek/logs/current/telemetry.log,search_man,,detect,search_man,
2026-09-23T13:59:34.536Z,1790171974536,"{""ts"":1790084916.06915,""peer"":""zeek"",""metric_type"":""counter"",""name"":""zeek_event_handler_invocations_total"",""labels"":[""name""],""label_values"":[""dns_end""],""value"":46090.0}",1790171974536874882,1790171974536874882_16c79c36,target_acquisition,unknown,,/opt/zeek/logs/current/telemetry.log,search_man,,detect,search_man,
2026-09-23T13:59:34.536Z,1790171974536,"{""ts"":1790084916.06915,""peer"":""zeek"",""metric_type"":""counter"",""name"":""zeek_event_handler_invocations_total"",""labels"":[""name""],""label_values"":[""dns_PTR_reply""],""value"":151127.0}",1790171974536806243,1790171974536806243_486505cc,target_acquisition,unknown,,/opt/zeek/logs/current/telemetry.log,search_man,,detect,search_man,
2026-09-23T13:59:34.536Z,1790171974536,"{""ts"":1790084916.06915,""peer"":""zeek"",""metric_type"":""counter"",""name"":""zeek_event_handler_invocations_total"",""labels"":[""name""],""label_values"":[""check_stats""],""value"":34.0}",1790171974536790187,1790171974536790187_d5aa38a1,target_acquisition,unknown,,/opt/zeek/logs/current/telemetry.log,search_man,,detect,search_man,
2026-09-23T13:59:34.536Z,1790171974536,"{""ts"":1790084916.06915,""peer"":""zeek"",""metric_type"":""counter"",""name"":""zeek_event_handler_invocations_total"",""labels"":[""name""],""label_values"":[""Cluster::Backend::ZeroMQ::subscription""],""value"":3.0}",1790171974536777170,1790171974536777170_b0513536,target_acquisition,unknown,,/opt/zeek/logs/current/telemetry.log,search_man,,detect,search_man,
2026-09-23T13:59:34.536Z,1790171974536,"{""ts"":1790084916.06915,""peer"":""zeek"",""metric_type"":""counter"",""name"":""zeek_event_handler_invocations_total"",""labels"":[""name""],""label_values"":[""Broker::log_flush""],""value"":9686.0}",1790171974536768027,1790171974536768027_d8298fcb,target_acquisition,unknown,,/opt/zeek/logs/current/telemetry.log,search_man,,detect,search_man,
2026-09-23T13:59:34.536Z,1790171974536,"{""ts"":1790084916.06915,""peer"":""zeek"",""metric_type"":""counter"",""name"":""zeek_event_handler_invocations_total"",""labels"":[""name""],""label_values"":[""dns_rejected""],""value"":348.0}",1790171974536763141,1790171974536763141_426b4995,target_acquisition,unknown,,/opt/zeek/logs/current/telemetry.log,search_man,,detect,search_man,
2026-09-23T13:59:34.536Z,1790171974536,"{""ts"":1790084916.06915,""peer"":""zeek"",""metric_type"":""counter"",""name"":""zeek_event_handler_invocations_total"",""labels"":[""name""],""label_values"":[""ssl_extension""],""value"":5583.0}",1790171974536682026,1790171974536682026_9857d439,target_acquisition,unknown,,/opt/zeek/logs/current/telemetry.log,search_man,,detect,search_man,
2026-09-23T13:59:34.536Z,1790171974536,"{""ts"":1790084916.06915,""peer"":""zeek"",""metric_type"":""counter"",""name"":""zeek_event_handler_invocations_total"",""labels"":[""name""],""label_values"":[""NetControl::init""],""value"":1.0}",1790171974536666177,1790171974536666177_db655767,target_acquisition,unknown,,/opt/zeek/logs/current/telemetry.log,search_man,,detect,search_man,
2026-09-23T13:59:34.536Z,1790171974536,"{""ts"":1790084916.06915,""peer"":""zeek"",""metric_type"":""counter"",""name"":""zeek_event_handler_invocations_total"",""labels"":[""name""],""label_values"":[""Telemetry::log""],""value"":169.0}",1790171974536650663,1790171974536650663_890ad897,target_acquisition,unknown,,/opt/zeek/logs/current/telemetry.log,search_man,,detect,search_man,
2026-09-23T13:59:34.536Z,1790171974536,"{""ts"":1790084916.06915,""peer"":""zeek"",""metric_type"":""counter"",""name"":""zeek_event_handler_invocations_total"",""labels"":[""name""],""label_values"":[""ssl_server_hello""],""value"":311.0}",1790171974536625067,1790171974536625067_3d5f0ee0,target_acquisition,unknown,,/opt/zeek/logs/current/telemetry.log,search_man,,detect,search_man,
2026-09-23T13:59:34.536Z,1790171974536,"{""ts"":1790084916.06915,""peer"":""zeek"",""metric_type"":""counter"",""name"":""zeek_event_handler_invocations_total"",""labels"":[""name""],""label_values"":[""ChecksumOffloading::check""],""value"":2.0}",1790171974536620665,1790171974536620665_f8858146,target_acquisition,unknown,,/opt/zeek/logs/current/telemetry.log,search_man,,detect,search_man,
2026-09-23T13:59:34.536Z,1790171974536,"{""ts"":1790084916.06915,""peer"":""zeek"",""metric_type"":""counter"",""name"":""zeek_event_handler_invocations_total"",""labels"":[""name""],""label_values"":[""QUIC::initial_packet""],""value"":1058.0}",1790171974536551348,1790171974536551348_108379a3,target_acquisition,unknown,,/opt/zeek/logs/current/telemetry.log,search_man,,detect,search_man,
2026-09-23T13:59:34.536Z,1790171974536,"{""ts"":1790084916.06915,""peer"":""zeek"",""metric_type"":""counter"",""name"":""zeek_event_handler_invocations_total"",""labels"":[""name""],""label_values"":[""dns_TXT_reply""],""value"":24772.0}",1790171974536535599,1790171974536535599_11092563,target_acquisition,unknown,,/opt/zeek/logs/current/telemetry.log,search_man,,detect,search_man,
2026-09-23T13:59:34.536Z,1790171974536,"{""ts"":1790084916.06915,""peer"":""zeek"",""metric_type"":""counter"",""name"":""zeek_event_handler_invocations_total"",""labels"":[""name""],""label_values"":[""ssl_handshake_message""],""value"":648.0}",1790171974536522669,1790171974536522669_5dd387f2,target_acquisition,unknown,,/opt/zeek/logs/current/telemetry.log,search_man,,detect,search_man,
2026-09-23T13:59:34.536Z,1790171974536,"{""ts"":1790084916.06915,""peer"":""zeek"",""metric_type"":""counter"",""name"":""zeek_event_handler_invocations_total"",""labels"":[""name""],""label_values"":[""grab_vulnerable_versions""],""value"":4.0}",1790171974536512840,1790171974536512840_c3f1b753,target_acquisition,unknown,,/opt/zeek/logs/current/telemetry.log,search_man,,detect,search_man,
2026-09-23T13:59:34.536Z,1790171974536,"{""ts"":1790084916.06915,""peer"":""zeek"",""metric_type"":""counter"",""name"":""zeek_event_handler_invocations_total"",""labels"":[""name""],""label_values"":[""Cluster::Backend::ZeroMQ::monitoring_event""],""value"":6.0}",1790171974536507291,1790171974536507291_9b0250cf,target_acquisition,unknown,,/opt/zeek/logs/current/telemetry.log,search_man,,detect,search_man,
2026-09-23T13:59:34.536Z,1790171974536,"{""ts"":1790084916.06915,""peer"":""zeek"",""metric_type"":""counter"",""name"":""zeek_event_handler_invocations_total"",""labels"":[""name""],""label_values"":[""dns_A_reply""],""value"":9207.0}",1790171974536408297,1790171974536408297_b227fe4a,target_acquisition,unknown,,/opt/zeek/logs/current/telemetry.log,search_man,,detect,search_man,
2026-09-23T13:59:34.536Z,1790171974536,"{""ts"":1790084916.06915,""peer"":""zeek"",""metric_type"":""counter"",""name"":""zeek_event_handler_invocations_total"",""labels"":[""name""],""label_values"":[""content_gap""],""value"":4.0}",1790171974536392969,1790171974536392969_3a4ea122,target_acquisition,unknown,,/opt/zeek/logs/current/telemetry.log,search_man,,detect,search_man,
2026-09-23T13:59:34.536Z,1790171974536,"{""ts"":1790084916.06915,""peer"":""zeek"",""metric_type"":""counter"",""name"":""zeek_event_handler_invocations_total"",""labels"":[""name""],""label_values"":[""connection_state_remove""],""value"":2803.0}",1790171974536380974,1790171974536380974_bc3182f2,target_acquisition,unknown,,/opt/zeek/logs/current/telemetry.log,search_man,,detect,search_man,
2026-09-23T13:59:34.536Z,1790171974536,"{""ts"":1790084916.06915,""peer"":""zeek"",""metric_type"":""counter"",""name"":""zeek_event_handler_invocations_total"",""labels"":[""name""],""label_values"":[""dns_request""],""value"":70191.0}",1790171974536371451,1790171974536371451_b4bc9d5b,target_acquisition,unknown,,/opt/zeek/logs/current/telemetry.log,search_man,,detect,search_man,
2026-09-23T13:59:34.536Z,1790171974536,"{""ts"":1790084916.06915,""peer"":""zeek"",""metric_type"":""counter"",""name"":""zeek_event_handler_invocations_total"",""labels"":[""name""],""label_values"":[""x509_ext_basic_constraints""],""value"":15.0}",1790171974536366713,1790171974536366713_7df3a228,target_acquisition,unknown,,/opt/zeek/logs/current/telemetry.log,search_man,,detect,search_man,
2026-09-23T13:59:34.536Z,1790171974536,"{""ts"":1790084916.06915,""peer"":""zeek"",""metric_type"":""counter"",""name"":""zeek_event_handler_invocations_total"",""labels"":[""name""],""label_values"":[""DHCP::aggregate_msgs""],""value"":25.0}",1790171974536296491,1790171974536296491_df0df14a,target_acquisition,unknown,,/opt/zeek/logs/current/telemetry.log,search_man,,detect,search_man,
2026-09-23T13:59:34.536Z,1790171974536,"{""ts"":1790084916.06915,""peer"":""zeek"",""metric_type"":""counter"",""name"":""zeek_event_handler_invocations_total"",""labels"":[""name""],""label_values"":[""QUIC::handshake_packet""],""value"":669.0}",1790171974536280883,1790171974536280883_cb6971b1,target_acquisition,unknown,,/opt/zeek/logs/current/telemetry.log,search_man,,detect,search_man,
2026-09-23T13:59:34.536Z,1790171974536,"{""ts"":1790084916.06915,""peer"":""zeek"",""metric_type"":""counter"",""name"":""zeek_event_handler_invocations_total"",""labels"":[""name""],""label_values"":[""conn_weird""],""value"":31.0}",1790171974536267860,1790171974536267860_1b225d28,target_acquisition,unknown,,/opt/zeek/logs/current/telemetry.log,search_man,,detect,search_man,
2026-09-23T13:59:34.536Z,1790171974536,"{""ts"":1790084916.06915,""peer"":""zeek"",""metric_type"":""counter"",""name"":""zeek_event_handler_invocations_total"",""labels"":[""name""],""label_values"":[""connection_flipped""],""value"":1.0}",1790171974536258198,1790171974536258198_9ececa40,target_acquisition,unknown,,/opt/zeek/logs/current/telemetry.log,search_man,,detect,search_man,
2026-09-23T13:59:34.536Z,1790171974536,"{""ts"":1790084916.06915,""peer"":""zeek"",""metric_type"":""counter"",""name"":""zeek_event_handler_invocations_total"",""labels"":[""name""],""label_values"":[""QUIC::discarded_packet""],""value"":3.0}",1790171974536253151,1790171974536253151_7ebea41,target_acquisition,unknown,,/opt/zeek/logs/current/telemetry.log,search_man,,detect,search_man,
2026-09-23T13:59:34.536Z,1790171974536,"{""ts"":1790084916.06915,""peer"":""zeek"",""metric_type"":""counter"",""name"":""zeek_ended_sessions_total"",""labels"":[""reason""],""label_values"":[""inactivity""],""value"":784.0}",1790171974536177784,1790171974536177784_133eff7,target_acquisition,unknown,,/opt/zeek/logs/current/telemetry.log,search_man,,detect,search_man,
2026-09-23T13:59:34.536Z,1790171974536,"{""ts"":1790084916.06915,""peer"":""zeek"",""metric_type"":""counter"",""name"":""zeek_triggers_total"",""labels"":[],""label_values"":[],""value"":0.0}",1790171974536157406,1790171974536157406_2669ca17,target_acquisition,unknown,,/opt/zeek/logs/current/telemetry.log,search_man,,detect,search_man,
2026-09-23T13:59:34.536Z,1790171974536,"{""ts"":1790084916.06915,""peer"":""zeek"",""metric_type"":""counter"",""name"":""zeek_dnsmgr_failed_requests_total"",""labels"":[],""label_values"":[],""value"":0.0}",1790171974536121756,1790171974536121756_5424c3e,target_acquisition,unknown,,/opt/zeek/logs/current/telemetry.log,search_man,,detect,search_man,
2026-09-23T13:59:34.536Z,1790171974536,"{""ts"":1790084916.06915,""peer"":""zeek"",""metric_type"":""counter"",""name"":""zeek_dnsmgr_successful_requests_total"",""labels"":[],""label_values"":[],""value"":0.0}",1790171974536111467,1790171974536111467_332a91bb,target_acquisition,unknown,,/opt/zeek/logs/current/telemetry.log,search_man,,detect,search_man,
2026-09-23T13:59:34.536Z,1790171974536,"{""ts"":1790084916.06915,""peer"":""zeek"",""metric_type"":""counter"",""name"":""zeek_dnsmgr_requests_total"",""labels"":[],""label_values"":[],""value"":0.0}",1790171974536100583,1790171974536100583_52b441c0,target_acquisition,unknown,,/opt/zeek/logs/current/telemetry.log,search_man,,detect,search_man,
2026-09-23T13:59:34.535Z,1790171974535,"{""ts"":1790084916.06915,""peer"":""zeek"",""metric_type"":""counter"",""name"":""zeek_timers_total"",""labels"":[],""label_values"":[],""value"":80800.0}",1790171974535993008,1790171974535993008_4a1774c0,target_acquisition,unknown,,/opt/zeek/logs/current/telemetry.log,search_man,,detect,search_man,
2026-09-23T13:59:34.535Z,1790171974535,"{""ts"":1790084916.06915,""peer"":""zeek"",""metric_type"":""counter"",""name"":""zeek_broker_outgoing_ids_total"",""labels"":[],""label_values"":[],""value"":0.0}",1790171974535974621,1790171974535974621_2605061b,target_acquisition,unknown,,/opt/zeek/logs/current/telemetry.log,search_man,,detect,search_man,
2026-09-23T13:59:34.535Z,1790171974535,"{""ts"":1790084916.06915,""peer"":""zeek"",""metric_type"":""counter"",""name"":""zeek_broker_incoming_ids_total"",""labels"":[],""label_values"":[],""value"":0.0}",1790171974535952549,1790171974535952549_2f1a24a9,target_acquisition,unknown,,/opt/zeek/logs/current/telemetry.log,search_man,,detect,search_man,
2026-09-23T13:59:34.535Z,1790171974535,"{""ts"":1790084916.06915,""peer"":""zeek"",""metric_type"":""counter"",""name"":""zeek_broker_outgoing_logs_total"",""labels"":[],""label_values"":[],""value"":0.0}",1790171974535942976,1790171974535942976_9be73930,target_acquisition,unknown,,/opt/zeek/logs/current/telemetry.log,search_man,,detect,search_man,
2026-09-23T13:59:34.535Z,1790171974535,"{""ts"":1790084916.06915,""peer"":""zeek"",""metric_type"":""counter"",""name"":""zeek_broker_incoming_logs_total"",""labels"":[],""label_values"":[],""value"":0.0}",1790171974535938202,1790171974535938202_51e9eac2,target_acquisition,unknown,,/opt/zeek/logs/current/telemetry.log,search_man,,detect,search_man,
2026-09-23T13:59:34.535Z,1790171974535,"{""ts"":1790084916.06915,""peer"":""zeek"",""metric_type"":""counter"",""name"":""zeek_broker_outgoing_events_total"",""labels"":[],""label_values"":[],""value"":0.0}",1790171974535825342,1790171974535825342_11832a3e,target_acquisition,unknown,,/opt/zeek/logs/current/telemetry.log,search_man,,detect,search_man,
2026-09-23T13:59:34.535Z,1790171974535,"{""ts"":1790084916.06915,""peer"":""zeek"",""metric_type"":""counter"",""name"":""zeek_broker_incoming_events_total"",""labels"":[],""label_values"":[],""value"":0.0}",1790171974535802957,1790171974535802957_8104ad38,target_acquisition,unknown,,/opt/zeek/logs/current/telemetry.log,search_man,,detect,search_man,
2026-09-23T13:59:34.535Z,1790171974535,"{""ts"":1790084916.06915,""peer"":""zeek"",""metric_type"":""counter"",""name"":""zeek_cluster_core_incoming_events_total"",""labels"":[],""label_values"":[],""value"":0.0}",1790171974535787715,1790171974535787715_550a0fd5,target_acquisition,unknown,,/opt/zeek/logs/current/telemetry.log,search_man,,detect,search_man,
2026-09-23T13:59:34.535Z,1790171974535,"{""ts"":1790084916.06915,""peer"":""zeek"",""metric_type"":""counter"",""name"":""zeek_cluster_core_outgoing_events_total"",""labels"":[],""label_values"":[],""value"":4.0}",1790171974535773792,1790171974535773792_fd0c4bbf,target_acquisition,unknown,,/opt/zeek/logs/current/telemetry.log,search_man,,detect,search_man,
2026-09-23T13:59:34.535Z,1790171974535,"{""ts"":1790084916.06915,""peer"":""zeek"",""metric_type"":""counter"",""name"":""zeek_cluster_zeromq_msg_errors_total"",""labels"":[],""label_values"":[],""value"":0.0}",1790171974535750064,1790171974535750064_cf97c6b7,target_acquisition,unknown,,/opt/zeek/logs/current/telemetry.log,search_man,,detect,search_man,
2026-09-23T13:59:34.535Z,1790171974535,"{""ts"":1790084916.06915,""peer"":""zeek"",""metric_type"":""counter"",""name"":""zeek_cluster_zeromq_onloop_drops_total"",""labels"":[],""label_values"":[],""value"":0.0}",1790171974535563817,1790171974535563817_a4c377e0,target_acquisition,unknown,,/opt/zeek/logs/current/telemetry.log,search_man,,detect,search_man,
2026-09-23T13:59:34.535Z,1790171974535,"{""ts"":1790084916.06915,""peer"":""zeek"",""metric_type"":""counter"",""name"":""zeek_cluster_zeromq_xpub_drops_total"",""labels"":[],""label_values"":[],""value"":0.0}",1790171974535519030,1790171974535519030_a6c73e0c,target_acquisition,unknown,,/opt/zeek/logs/current/telemetry.log,search_man,,detect,search_man,
2026-09-23T13:59:34.535Z,1790171974535,"{""ts"":1790084916.06915,""peer"":""zeek"",""metric_type"":""counter"",""name"":""zeek_cluster_onloop_queue_blocks_total"",""labels"":[""tag""],""label_values"":[""ZeroMQ""],""value"":0.0}",1790171974535489685,1790171974535489685_11a5ee91,target_acquisition,unknown,,/opt/zeek/logs/current/telemetry.log,search_man,,detect,search_man,
2026-09-23T13:59:34.535Z,1790171974535,"{""ts"":1790084916.06915,""peer"":""zeek"",""metric_type"":""counter"",""name"":""zeek_cluster_onloop_queue_blocks_total"",""labels"":[""tag""],""label_values"":[""WebSocketEventDispatcher:127.0.0.1:27759""],""value"":0.0}",1790171974535420639,1790171974535420639_db9d8be4,target_acquisition,unknown,,/opt/zeek/logs/current/telemetry.log,search_man,,detect,search_man,
2026-09-23T13:59:34.535Z,1790171974535,"{""ts"":1790084916.06915,""peer"":""zeek"",""metric_type"":""counter"",""name"":""zeek_msgthread_out_messages_total"",""labels"":[],""label_values"":[],""value"":32.0}",1790171974535398770,1790171974535398770_1757aeb4,target_acquisition,unknown,,/opt/zeek/logs/current/telemetry.log,search_man,,detect,search_man,
2026-09-23T13:59:34.535Z,1790171974535,"{""ts"":1790084916.06915,""peer"":""zeek"",""metric_type"":""counter"",""name"":""zeek_msgthread_in_messages_total"",""labels"":[],""label_values"":[],""value"":21020.0}",1790171974535372752,1790171974535372752_5aa8ac97,target_acquisition,unknown,,/opt/zeek/logs/current/telemetry.log,search_man,,detect,search_man,
2026-09-23T13:59:34.535Z,1790171974535,"{""ts"":1790084916.06915,""peer"":""zeek"",""metric_type"":""counter"",""name"":""zeek_msgthread_threads_total"",""labels"":[],""label_values"":[],""value"":17.0}",1790171974535340588,1790171974535340588_3ac1a57f,target_acquisition,unknown,,/opt/zeek/logs/current/telemetry.log,search_man,,detect,search_man,
2026-09-23T13:59:34.535Z,1790171974535,"{""ts"":1790084916.06915,""peer"":""zeek"",""metric_type"":""counter"",""name"":""zeek_net_link_packets_total"",""labels"":[],""label_values"":[],""value"":148345.0}",1790171974535298927,1790171974535298927_32065bc9,target_acquisition,unknown,,/opt/zeek/logs/current/telemetry.log,search_man,,detect,search_man,
2026-09-23T13:59:34.535Z,1790171974535,"{""ts"":1790084916.06915,""peer"":""zeek"",""metric_type"":""counter"",""name"":""zeek_net_dropped_packets_total"",""labels"":[],""label_values"":[],""value"":1074.0}",1790171974535182690,1790171974535182690_676d6398,target_acquisition,unknown,,/opt/zeek/logs/current/telemetry.log,search_man,,detect,search_man,
2026-09-23T13:59:34.535Z,1790171974535,"{""ts"":1790084916.06915,""peer"":""zeek"",""metric_type"":""counter"",""name"":""zeek_net_received_packets_total"",""labels"":[],""label_values"":[],""value"":147263.0}",1790171974535166858,1790171974535166858_c9748e5c,target_acquisition,unknown,,/opt/zeek/logs/current/telemetry.log,search_man,,detect,search_man,
2026-09-23T13:59:34.535Z,1790171974535,"{""ts"":1790084916.06915,""peer"":""zeek"",""metric_type"":""counter"",""name"":""zeek_net_received_bytes_total"",""labels"":[],""label_values"":[],""value"":99460214.0}",1790171974535154945,1790171974535154945_785535c2,target_acquisition,unknown,,/opt/zeek/logs/current/telemetry.log,search_man,,detect,search_man,
2026-09-23T13:59:34.535Z,1790171974535,"{""ts"":1790084916.06915,""peer"":""zeek"",""metric_type"":""counter"",""name"":""zeek_log_writer_truncated_containers_total"",""labels"":[""filter_name"",""module"",""path"",""stream"",""writer""],""label_values"":[""default"",""QUIC"",""quic"",""QUIC::LOG"",""Log::WRITER_ASCII""],""value"":0.0}",1790171974535144370,1790171974535144370_9485dfa,target_acquisition,unknown,,/opt/zeek/logs/current/telemetry.log,search_man,,detect,search_man,
2026-09-23T13:59:34.535Z,1790171974535,"{""ts"":1790084916.06915,""peer"":""zeek"",""metric_type"":""counter"",""name"":""zeek_log_writer_truncated_containers_total"",""labels"":[""filter_name"",""module"",""path"",""stream"",""writer""],""label_values"":[""default"",""Known"",""known_hosts"",""Known::HOSTS_LOG"",""Log::WRITER_ASCII""],""value"":0.0}",1790171974535139420,1790171974535139420_d9ef99fd,target_acquisition,unknown,,/opt/zeek/logs/current/telemetry.log,search_man,,detect,search_man,
2026-09-23T13:59:34.535Z,1790171974535,"{""ts"":1790084916.06915,""peer"":""zeek"",""metric_type"":""counter"",""name"":""zeek_log_writer_truncated_containers_total"",""labels"":[""filter_name"",""module"",""path"",""stream"",""writer""],""label_values"":[""default"",""X509"",""x509"",""X509::LOG"",""Log::WRITER_ASCII""],""value"":0.0}",1790171974535050394,1790171974535050394_faa7bc60,target_acquisition,unknown,,/opt/zeek/logs/current/telemetry.log,search_man,,detect,search_man,
2026-09-23T13:59:34.535Z,1790171974535,"{""ts"":1790084916.06915,""peer"":""zeek"",""metric_type"":""counter"",""name"":""zeek_log_writer_truncated_containers_total"",""labels"":[""filter_name"",""module"",""path"",""stream"",""writer""],""label_values"":[""default"",""NTP"",""ntp"",""NTP::LOG"",""Log::WRITER_ASCII""],""value"":0.0}",1790171974535034538,1790171974535034538_1229bedc,target_acquisition,unknown,,/opt/zeek/logs/current/telemetry.log,search_man,,detect,search_man,
2026-09-23T13:59:34.535Z,1790171974535,"{""ts"":1790084916.06915,""peer"":""zeek"",""metric_type"":""counter"",""name"":""zeek_log_writer_truncated_containers_total"",""labels"":[""filter_name"",""module"",""path"",""stream"",""writer""],""label_values"":[""default"",""SSL"",""ssl"",""SSL::LOG"",""Log::WRITER_ASCII""],""value"":0.0}",1790171974535021913,1790171974535021913_10afd9d4,target_acquisition,unknown,,/opt/zeek/logs/current/telemetry.log,search_man,,detect,search_man,
2026-09-23T13:59:34.535Z,1790171974535,"{""ts"":1790084916.06915,""peer"":""zeek"",""metric_type"":""counter"",""name"":""zeek_log_writer_truncated_containers_total"",""labels"":[""filter_name"",""module"",""path"",""stream"",""writer""],""label_values"":[""default"",""Weird"",""weird"",""Weird::LOG"",""Log::WRITER_ASCII""],""value"":0.0}",1790171974535012876,1790171974535012876_71736cd3,target_acquisition,unknown,,/opt/zeek/logs/current/telemetry.log,search_man,,detect,search_man,
2026-09-23T13:59:34.535Z,1790171974535,"{""ts"":1790084916.06915,""peer"":""zeek"",""metric_type"":""counter"",""name"":""zeek_log_writer_truncated_containers_total"",""labels"":[""filter_name"",""module"",""path"",""stream"",""writer""],""label_values"":[""default"",""CaptureLoss"",""capture_loss"",""CaptureLoss::LOG"",""Log::WRITER_ASCII""],""value"":0.0}",1790171974535007858,1790171974535007858_dae2d2a2,target_acquisition,unknown,,/opt/zeek/logs/current/telemetry.log,search_man,,detect,search_man,
2026-09-23T13:59:34.534Z,1790171974534,"{""ts"":1790084916.06915,""peer"":""zeek"",""metric_type"":""counter"",""name"":""zeek_log_writer_truncated_containers_total"",""labels"":[""filter_name"",""module"",""path"",""stream"",""writer""],""label_values"":[""default"",""Notice"",""notice"",""Notice::LOG"",""Log::WRITER_ASCII""],""value"":0.0}",1790171974534937574,1790171974534937574_23e184d0,target_acquisition,unknown,,/opt/zeek/logs/current/telemetry.log,search_man,,detect,search_man,
2026-09-23T13:59:34.534Z,1790171974534,"{""ts"":1790084916.06915,""peer"":""zeek"",""metric_type"":""counter"",""name"":""zeek_log_writer_truncated_containers_total"",""labels"":[""filter_name"",""module"",""path"",""stream"",""writer""],""label_values"":[""default"",""Conn"",""conn"",""Conn::LOG"",""Log::WRITER_ASCII""],""value"":0.0}",1790171974534920092,1790171974534920092_93184aa6,target_acquisition,unknown,,/opt/zeek/logs/current/telemetry.log,search_man,,detect,search_man,
2026-09-23T13:59:34.534Z,1790171974534,"{""ts"":1790084916.06915,""peer"":""zeek"",""metric_type"":""counter"",""name"":""zeek_log_writer_truncated_containers_total"",""labels"":[""filter_name"",""module"",""path"",""stream"",""writer""],""label_values"":[""default"",""Known"",""known_services"",""Known::SERVICES_LOG"",""Log::WRITER_ASCII""],""value"":0.0}",1790171974534878956,1790171974534878956_a4155641,target_acquisition,unknown,,/opt/zeek/logs/current/telemetry.log,search_man,,detect,search_man,
2026-09-23T13:59:34.534Z,1790171974534,"{""ts"":1790084916.06915,""peer"":""zeek"",""metric_type"":""counter"",""name"":""zeek_log_writer_truncated_containers_total"",""labels"":[""filter_name"",""module"",""path"",""stream"",""writer""],""label_values"":[""default"",""DNS"",""dns"",""DNS::LOG"",""Log::WRITER_ASCII""],""value"":0.0}",1790171974534868785,1790171974534868785_a22e53a9,target_acquisition,unknown,,/opt/zeek/logs/current/telemetry.log,search_man,,detect,search_man,
2026-09-23T13:59:34.534Z,1790171974534,"{""ts"":1790084916.06915,""peer"":""zeek"",""metric_type"":""counter"",""name"":""zeek_log_writer_truncated_containers_total"",""labels"":[""filter_name"",""module"",""path"",""stream"",""writer""],""label_values"":[""default"",""Stats"",""stats"",""Stats::LOG"",""Log::WRITER_ASCII""],""value"":0.0}",1790171974534864079,1790171974534864079_2d46997d,target_acquisition,unknown,,/opt/zeek/logs/current/telemetry.log,search_man,,detect,search_man,
2026-09-23T13:59:34.534Z,1790171974534,"{""ts"":1790084916.06915,""peer"":""zeek"",""metric_type"":""counter"",""name"":""zeek_log_writer_truncated_containers_total"",""labels"":[""filter_name"",""module"",""path"",""stream"",""writer""],""label_values"":[""default"",""Telemetry"",""telemetry"",""Telemetry::LOG"",""Log::WRITER_ASCII""],""value"":0.0}",1790171974534792797,1790171974534792797_f5bd0cbd,target_acquisition,unknown,,/opt/zeek/logs/current/telemetry.log,search_man,,detect,search_man,
2026-09-23T13:59:34.534Z,1790171974534,"{""ts"":1790084916.06915,""peer"":""zeek"",""metric_type"":""counter"",""name"":""zeek_log_writer_truncated_containers_total"",""labels"":[""filter_name"",""module"",""path"",""stream"",""writer""],""label_values"":[""default"",""LoadedScripts"",""loaded_scripts"",""LoadedScripts::LOG"",""Log::WRITER_ASCII""],""value"":0.0}",1790171974534776520,1790171974534776520_99cf5370,target_acquisition,unknown,,/opt/zeek/logs/current/telemetry.log,search_man,,detect,search_man,
2026-09-23T13:59:34.534Z,1790171974534,"{""ts"":1790084916.06915,""peer"":""zeek"",""metric_type"":""counter"",""name"":""zeek_log_writer_truncated_containers_total"",""labels"":[""filter_name"",""module"",""path"",""stream"",""writer""],""label_values"":[""default"",""PacketFilter"",""packet_filter"",""PacketFilter::LOG"",""Log::WRITER_ASCII""],""value"":0.0}",1790171974534763311,1790171974534763311_7e49baef,target_acquisition,unknown,,/opt/zeek/logs/current/telemetry.log,search_man,,detect,search_man,
2026-09-23T13:59:34.534Z,1790171974534,"{""ts"":1790084916.06915,""peer"":""zeek"",""metric_type"":""counter"",""name"":""zeek_log_writer_truncated_containers_total"",""labels"":[""filter_name"",""module"",""path"",""stream"",""writer""],""label_values"":[""default"",""DHCP"",""dhcp"",""DHCP::LOG"",""Log::WRITER_ASCII""],""value"":0.0}",1790171974534753184,1790171974534753184_7714bab5,target_acquisition,unknown,,/opt/zeek/logs/current/telemetry.log,search_man,,detect,search_man,
2026-09-23T13:59:34.534Z,1790171974534,"{""ts"":1790084916.06915,""peer"":""zeek"",""metric_type"":""counter"",""name"":""zeek_log_writer_truncated_string_fields_total"",""labels"":[""filter_name"",""module"",""path"",""stream"",""writer""],""label_values"":[""default"",""QUIC"",""quic"",""QUIC::LOG"",""Log::WRITER_ASCII""],""value"":0.0}",1790171974534747264,1790171974534747264_a6b49599,target_acquisition,unknown,,/opt/zeek/logs/current/telemetry.log,search_man,,detect,search_man,
2026-09-23T13:59:34.534Z,1790171974534,"{""ts"":1790084916.06915,""peer"":""zeek"",""metric_type"":""counter"",""name"":""zeek_log_writer_truncated_string_fields_total"",""labels"":[""filter_name"",""module"",""path"",""stream"",""writer""],""label_values"":[""default"",""Known"",""known_hosts"",""Known::HOSTS_LOG"",""Log::WRITER_ASCII""],""value"":0.0}",1790171974534647775,1790171974534647775_9cd6ac74,target_acquisition,unknown,,/opt/zeek/logs/current/telemetry.log,search_man,,detect,search_man,
2026-09-23T13:59:34.534Z,1790171974534,"{""ts"":1790084916.06915,""peer"":""zeek"",""metric_type"":""counter"",""name"":""zeek_log_writer_truncated_string_fields_total"",""labels"":[""filter_name"",""module"",""path"",""stream"",""writer""],""label_values"":[""default"",""X509"",""x509"",""X509::LOG"",""Log::WRITER_ASCII""],""value"":0.0}",1790171974534631969,1790171974534631969_9bfcef1b,target_acquisition,unknown,,/opt/zeek/logs/current/telemetry.log,search_man,,detect,search_man,
2026-09-23T13:59:34.534Z,1790171974534,"{""ts"":1790084916.06915,""peer"":""zeek"",""metric_type"":""counter"",""name"":""zeek_log_writer_truncated_string_fields_total"",""labels"":[""filter_name"",""module"",""path"",""stream"",""writer""],""label_values"":[""default"",""NTP"",""ntp"",""NTP::LOG"",""Log::WRITER_ASCII""],""value"":0.0}",1790171974534618887,1790171974534618887_b2db8fe5,target_acquisition,unknown,,/opt/zeek/logs/current/telemetry.log,search_man,,detect,search_man,
2026-09-23T13:59:34.534Z,1790171974534,"{""ts"":1790084916.06915,""peer"":""zeek"",""metric_type"":""counter"",""name"":""zeek_log_writer_truncated_string_fields_total"",""labels"":[""filter_name"",""module"",""path"",""stream"",""writer""],""label_values"":[""default"",""SSL"",""ssl"",""SSL::LOG"",""Log::WRITER_ASCII""],""value"":0.0}",1790171974534605082,1790171974534605082_a3257f41,target_acquisition,unknown,,/opt/zeek/logs/current/telemetry.log,search_man,,detect,search_man,
2026-09-23T13:59:34.534Z,1790171974534,"{""ts"":1790084916.06915,""peer"":""zeek"",""metric_type"":""counter"",""name"":""zeek_log_writer_truncated_string_fields_total"",""labels"":[""filter_name"",""module"",""path"",""stream"",""writer""],""label_values"":[""default"",""Weird"",""weird"",""Weird::LOG"",""Log::WRITER_ASCII""],""value"":0.0}",1790171974534539263,1790171974534539263_59ecbb62,target_acquisition,unknown,,/opt/zeek/logs/current/telemetry.log,search_man,,detect,search_man,
2026-09-23T13:59:34.534Z,1790171974534,"{""ts"":1790084916.06915,""peer"":""zeek"",""metric_type"":""counter"",""name"":""zeek_log_writer_truncated_string_fields_total"",""labels"":[""filter_name"",""module"",""path"",""stream"",""writer""],""label_values"":[""default"",""CaptureLoss"",""capture_loss"",""CaptureLoss::LOG"",""Log::WRITER_ASCII""],""value"":0.0}",1790171974534467659,1790171974534467659_533ed4fd,target_acquisition,unknown,,/opt/zeek/logs/current/telemetry.log,search_man,,detect,search_man,
2026-09-23T13:59:34.534Z,1790171974534,"{""ts"":1790084916.06915,""peer"":""zeek"",""metric_type"":""counter"",""name"":""zeek_log_writer_truncated_string_fields_total"",""labels"":[""filter_name"",""module"",""path"",""stream"",""writer""],""label_values"":[""default"",""Notice"",""notice"",""Notice::LOG"",""Log::WRITER_ASCII""],""value"":0.0}",1790171974534444072,1790171974534444072_e85be3f3,target_acquisition,unknown,,/opt/zeek/logs/current/telemetry.log,search_man,,detect,search_man,
2026-09-23T13:59:34.534Z,1790171974534,"{""ts"":1790084916.06915,""peer"":""zeek"",""metric_type"":""counter"",""name"":""zeek_log_writer_truncated_string_fields_total"",""labels"":[""filter_name"",""module"",""path"",""stream"",""writer""],""label_values"":[""default"",""Conn"",""conn"",""Conn::LOG"",""Log::WRITER_ASCII""],""value"":0.0}",1790171974534395069,1790171974534395069_adedfd85,target_acquisition,unknown,,/opt/zeek/logs/current/telemetry.log,search_man,,detect,search_man,
2026-09-23T13:59:34.534Z,1790171974534,"{""ts"":1790084916.06915,""peer"":""zeek"",""metric_type"":""counter"",""name"":""zeek_log_writer_truncated_string_fields_total"",""labels"":[""filter_name"",""module"",""path"",""stream"",""writer""],""label_values"":[""default"",""Known"",""known_services"",""Known::SERVICES_LOG"",""Log::WRITER_ASCII""],""value"":0.0}",1790171974534377773,1790171974534377773_1dce1160,target_acquisition,unknown,,/opt/zeek/logs/current/telemetry.log,search_man,,detect,search_man,
2026-09-23T13:59:34.534Z,1790171974534,"{""ts"":1790084916.06915,""peer"":""zeek"",""metric_type"":""counter"",""name"":""zeek_log_writer_truncated_string_fields_total"",""labels"":[""filter_name"",""module"",""path"",""stream"",""writer""],""label_values"":[""default"",""DNS"",""dns"",""DNS::LOG"",""Log::WRITER_ASCII""],""value"":0.0}",1790171974534360102,1790171974534360102_8f0e26ac,target_acquisition,unknown,,/opt/zeek/logs/current/telemetry.log,search_man,,detect,search_man,
2026-09-23T13:59:34.534Z,1790171974534,"{""ts"":1790084916.06915,""peer"":""zeek"",""metric_type"":""counter"",""name"":""zeek_log_writer_truncated_string_fields_total"",""labels"":[""filter_name"",""module"",""path"",""stream"",""writer""],""label_values"":[""default"",""Stats"",""stats"",""Stats::LOG"",""Log::WRITER_ASCII""],""value"":0.0}",1790171974534181001,1790171974534181001_952ccd14,target_acquisition,unknown,,/opt/zeek/logs/current/telemetry.log,search_man,,detect,search_man,
2026-09-23T13:59:34.534Z,1790171974534,"{""ts"":1790084916.06915,""peer"":""zeek"",""metric_type"":""counter"",""name"":""zeek_log_writer_truncated_string_fields_total"",""labels"":[""filter_name"",""module"",""path"",""stream"",""writer""],""label_values"":[""default"",""Telemetry"",""telemetry"",""Telemetry::LOG"",""Log::WRITER_ASCII""],""value"":0.0}",1790171974534164768,1790171974534164768_52d11cc0,target_acquisition,unknown,,/opt/zeek/logs/current/telemetry.log,search_man,,detect,search_man,
2026-09-23T13:59:34.534Z,1790171974534,"{""ts"":1790084916.06915,""peer"":""zeek"",""metric_type"":""counter"",""name"":""zeek_log_writer_truncated_string_fields_total"",""labels"":[""filter_name"",""module"",""path"",""stream"",""writer""],""label_values"":[""default"",""LoadedScripts"",""loaded_scripts"",""LoadedScripts::LOG"",""Log::WRITER_ASCII""],""value"":0.0}",1790171974534151471,1790171974534151471_9f8e25d7,target_acquisition,unknown,,/opt/zeek/logs/current/telemetry.log,search_man,,detect,search_man,
2026-09-23T13:59:34.534Z,1790171974534,"{""ts"":1790084916.06915,""peer"":""zeek"",""metric_type"":""counter"",""name"":""zeek_log_writer_truncated_string_fields_total"",""labels"":[""filter_name"",""module"",""path"",""stream"",""writer""],""label_values"":[""default"",""PacketFilter"",""packet_filter"",""PacketFilter::LOG"",""Log::WRITER_ASCII""],""value"":0.0}",1790171974534141800,1790171974534141800_96dbe586,target_acquisition,unknown,,/opt/zeek/logs/current/telemetry.log,search_man,,detect,search_man,
2026-09-23T13:59:34.534Z,1790171974534,"{""ts"":1790084916.06915,""peer"":""zeek"",""metric_type"":""counter"",""name"":""zeek_log_writer_truncated_string_fields_total"",""labels"":[""filter_name"",""module"",""path"",""stream"",""writer""],""label_values"":[""default"",""DHCP"",""dhcp"",""DHCP::LOG"",""Log::WRITER_ASCII""],""value"":0.0}",1790171974534136087,1790171974534136087_99f6347a,target_acquisition,unknown,,/opt/zeek/logs/current/telemetry.log,search_man,,detect,search_man,
2026-09-23T13:59:34.534Z,1790171974534,"{""ts"":1790084916.06915,""peer"":""zeek"",""metric_type"":""counter"",""name"":""zeek_log_writer_discarded_writes_total"",""labels"":[""filter_name"",""module"",""path"",""stream"",""writer""],""label_values"":[""default"",""QUIC"",""quic"",""QUIC::LOG"",""Log::WRITER_ASCII""],""value"":0.0}",1790171974534034868,1790171974534034868_8ae2a1a9,target_acquisition,unknown,,/opt/zeek/logs/current/telemetry.log,search_man,,detect,search_man,
2026-09-23T13:59:34.534Z,1790171974534,"{""ts"":1790084916.06915,""peer"":""zeek"",""metric_type"":""counter"",""name"":""zeek_log_writer_discarded_writes_total"",""labels"":[""filter_name"",""module"",""path"",""stream"",""writer""],""label_values"":[""default"",""Known"",""known_hosts"",""Known::HOSTS_LOG"",""Log::WRITER_ASCII""],""value"":0.0}",1790171974534016054,1790171974534016054_d562c3c4,target_acquisition,unknown,,/opt/zeek/logs/current/telemetry.log,search_man,,detect,search_man,
2026-09-23T13:59:34.533Z,1790171974533,"{""ts"":1790084916.06915,""peer"":""zeek"",""metric_type"":""counter"",""name"":""zeek_log_writer_discarded_writes_total"",""labels"":[""filter_name"",""module"",""path"",""stream"",""writer""],""label_values"":[""default"",""X509"",""x509"",""X509::LOG"",""Log::WRITER_ASCII""],""value"":0.0}",1790171974533967133,1790171974533967133_654cd4eb,target_acquisition,unknown,,/opt/zeek/logs/current/telemetry.log,search_man,,detect,search_man,
2026-09-23T13:59:34.533Z,1790171974533,"{""ts"":1790084916.06915,""peer"":""zeek"",""metric_type"":""counter"",""name"":""zeek_log_writer_discarded_writes_total"",""labels"":[""filter_name"",""module"",""path"",""stream"",""writer""],""label_values"":[""default"",""NTP"",""ntp"",""NTP::LOG"",""Log::WRITER_ASCII""],""value"":0.0}",1790171974533961125,1790171974533961125_c539a15,target_acquisition,unknown,,/opt/zeek/logs/current/telemetry.log,search_man,,detect,search_man,
2026-09-23T13:59:34.533Z,1790171974533,"{""ts"":1790084916.06915,""peer"":""zeek"",""metric_type"":""counter"",""name"":""zeek_log_writer_discarded_writes_total"",""labels"":[""filter_name"",""module"",""path"",""stream"",""writer""],""label_values"":[""default"",""SSL"",""ssl"",""SSL::LOG"",""Log::WRITER_ASCII""],""value"":0.0}",1790171974533843889,1790171974533843889_b17c031,target_acquisition,unknown,,/opt/zeek/logs/current/telemetry.log,search_man,,detect,search_man,
2026-09-23T13:59:34.533Z,1790171974533,"{""ts"":1790084916.06915,""peer"":""zeek"",""metric_type"":""counter"",""name"":""zeek_log_writer_discarded_writes_total"",""labels"":[""filter_name"",""module"",""path"",""stream"",""writer""],""label_values"":[""default"",""Weird"",""weird"",""Weird::LOG"",""Log::WRITER_ASCII""],""value"":0.0}",1790171974533828013,1790171974533828013_7dac5812,target_acquisition,unknown,,/opt/zeek/logs/current/telemetry.log,search_man,,detect,search_man,
2026-09-23T13:59:34.533Z,1790171974533,"{""ts"":1790084916.06915,""peer"":""zeek"",""metric_type"":""counter"",""name"":""zeek_log_writer_discarded_writes_total"",""labels"":[""filter_name"",""module"",""path"",""stream"",""writer""],""label_values"":[""default"",""CaptureLoss"",""capture_loss"",""CaptureLoss::LOG"",""Log::WRITER_ASCII""],""value"":0.0}",1790171974533812714,1790171974533812714_223cc3ed,target_acquisition,unknown,,/opt/zeek/logs/current/telemetry.log,search_man,,detect,search_man,
2026-09-23T13:59:34.533Z,1790171974533,"{""ts"":1790084916.06915,""peer"":""zeek"",""metric_type"":""counter"",""name"":""zeek_log_writer_discarded_writes_total"",""labels"":[""filter_name"",""module"",""path"",""stream"",""writer""],""label_values"":[""default"",""Notice"",""notice"",""Notice::LOG"",""Log::WRITER_ASCII""],""value"":0.0}",1790171974533743185,1790171974533743185_267ff1e3,target_acquisition,unknown,,/opt/zeek/logs/current/telemetry.log,search_man,,detect,search_man,
2026-09-23T13:59:34.533Z,1790171974533,"{""ts"":1790084916.06915,""peer"":""zeek"",""metric_type"":""counter"",""name"":""zeek_log_writer_discarded_writes_total"",""labels"":[""filter_name"",""module"",""path"",""stream"",""writer""],""label_values"":[""default"",""Conn"",""conn"",""Conn::LOG"",""Log::WRITER_ASCII""],""value"":0.0}",1790171974533729472,1790171974533729472_ecafb415,target_acquisition,unknown,,/opt/zeek/logs/current/telemetry.log,search_man,,detect,search_man,
2026-09-23T13:59:34.533Z,1790171974533,"{""ts"":1790084916.06915,""peer"":""zeek"",""metric_type"":""counter"",""name"":""zeek_log_writer_discarded_writes_total"",""labels"":[""filter_name"",""module"",""path"",""stream"",""writer""],""label_values"":[""default"",""Known"",""known_services"",""Known::SERVICES_LOG"",""Log::WRITER_ASCII""],""value"":0.0}",1790171974533492121,1790171974533492121_2ea017b0,target_acquisition,unknown,,/opt/zeek/logs/current/telemetry.log,search_man,,detect,search_man,
2026-09-23T13:59:34.533Z,1790171974533,"{""ts"":1790084916.06915,""peer"":""zeek"",""metric_type"":""counter"",""name"":""zeek_log_writer_discarded_writes_total"",""labels"":[""filter_name"",""module"",""path"",""stream"",""writer""],""label_values"":[""default"",""DNS"",""dns"",""DNS::LOG"",""Log::WRITER_ASCII""],""value"":0.0}",1790171974533424268,1790171974533424268_fc483cbc,target_acquisition,unknown,,/opt/zeek/logs/current/telemetry.log,search_man,,detect,search_man,
2026-09-23T13:59:34.533Z,1790171974533,"{""ts"":1790084916.06915,""peer"":""zeek"",""metric_type"":""counter"",""name"":""zeek_log_writer_discarded_writes_total"",""labels"":[""filter_name"",""module"",""path"",""stream"",""writer""],""label_values"":[""default"",""Stats"",""stats"",""Stats::LOG"",""Log::WRITER_ASCII""],""value"":0.0}",1790171974533190329,1790171974533190329_e1504184,target_acquisition,unknown,,/opt/zeek/logs/current/telemetry.log,search_man,,detect,search_man,
2026-09-23T13:59:34.533Z,1790171974533,"{""ts"":1790084916.06915,""peer"":""zeek"",""metric_type"":""counter"",""name"":""zeek_log_writer_discarded_writes_total"",""labels"":[""filter_name"",""module"",""path"",""stream"",""writer""],""label_values"":[""default"",""Telemetry"",""telemetry"",""Telemetry::LOG"",""Log::WRITER_ASCII""],""value"":0.0}",1790171974533180175,1790171974533180175_279d0bf0,target_acquisition,unknown,,/opt/zeek/logs/current/telemetry.log,search_man,,detect,search_man,
2026-09-23T13:59:34.533Z,1790171974533,"{""ts"":1790084916.06915,""peer"":""zeek"",""metric_type"":""counter"",""name"":""zeek_log_writer_discarded_writes_total"",""labels"":[""filter_name"",""module"",""path"",""stream"",""writer""],""label_values"":[""default"",""LoadedScripts"",""loaded_scripts"",""LoadedScripts::LOG"",""Log::WRITER_ASCII""],""value"":0.0}",1790171974533174986,1790171974533174986_4676f67,target_acquisition,unknown,,/opt/zeek/logs/current/telemetry.log,search_man,,detect,search_man,
2026-09-23T13:59:34.533Z,1790171974533,"{""ts"":1790084916.06915,""peer"":""zeek"",""metric_type"":""counter"",""name"":""zeek_log_writer_discarded_writes_total"",""labels"":[""filter_name"",""module"",""path"",""stream"",""writer""],""label_values"":[""default"",""PacketFilter"",""packet_filter"",""PacketFilter::LOG"",""Log::WRITER_ASCII""],""value"":0.0}",1790171974533089537,1790171974533089537_baee5116,target_acquisition,unknown,,/opt/zeek/logs/current/telemetry.log,search_man,,detect,search_man,
2026-09-23T13:59:34.533Z,1790171974533,"{""ts"":1790084916.06915,""peer"":""zeek"",""metric_type"":""counter"",""name"":""zeek_log_writer_discarded_writes_total"",""labels"":[""filter_name"",""module"",""path"",""stream"",""writer""],""label_values"":[""default"",""DHCP"",""dhcp"",""DHCP::LOG"",""Log::WRITER_ASCII""],""value"":0.0}",1790171974533055186,1790171974533055186_7e9cb0aa,target_acquisition,unknown,,/opt/zeek/logs/current/telemetry.log,search_man,,detect,search_man,
2026-09-23T13:59:34.533Z,1790171974533,"{""ts"":1790084916.06915,""peer"":""zeek"",""metric_type"":""counter"",""name"":""zeek_log_writer_writes_total"",""labels"":[""filter_name"",""module"",""path"",""stream"",""writer""],""label_values"":[""default"",""QUIC"",""quic"",""QUIC::LOG"",""Log::WRITER_ASCII""],""value"":120.0}",1790171974533042970,1790171974533042970_201baf3e,target_acquisition,unknown,,/opt/zeek/logs/current/telemetry.log,search_man,,detect,search_man,
2026-09-23T13:59:34.533Z,1790171974533,"{""ts"":1790084916.06915,""peer"":""zeek"",""metric_type"":""counter"",""name"":""zeek_log_writer_writes_total"",""labels"":[""filter_name"",""module"",""path"",""stream"",""writer""],""label_values"":[""default"",""Known"",""known_hosts"",""Known::HOSTS_LOG"",""Log::WRITER_ASCII""],""value"":1.0}",1790171974533033108,1790171974533033108_90ce63ad,target_acquisition,unknown,,/opt/zeek/logs/current/telemetry.log,search_man,,detect,search_man,
2026-09-23T13:59:34.533Z,1790171974533,"{""ts"":1790084916.06915,""peer"":""zeek"",""metric_type"":""counter"",""name"":""zeek_log_writer_writes_total"",""labels"":[""filter_name"",""module"",""path"",""stream"",""writer""],""label_values"":[""default"",""X509"",""x509"",""X509::LOG"",""Log::WRITER_ASCII""],""value"":2.0}",1790171974533027563,1790171974533027563_68f2ebc1,target_acquisition,unknown,,/opt/zeek/logs/current/telemetry.log,search_man,,detect,search_man,
2026-09-23T13:59:34.532Z,1790171974532,"{""ts"":1790084916.06915,""peer"":""zeek"",""metric_type"":""counter"",""name"":""zeek_log_writer_writes_total"",""labels"":[""filter_name"",""module"",""path"",""stream"",""writer""],""label_values"":[""default"",""NTP"",""ntp"",""NTP::LOG"",""Log::WRITER_ASCII""],""value"":8.0}",1790171974532953104,1790171974532953104_bf550ddd,target_acquisition,unknown,,/opt/zeek/logs/current/telemetry.log,search_man,,detect,search_man,
2026-09-23T13:59:34.532Z,1790171974532,"{""ts"":1790084916.06915,""peer"":""zeek"",""metric_type"":""counter"",""name"":""zeek_log_writer_writes_total"",""labels"":[""filter_name"",""module"",""path"",""stream"",""writer""],""label_values"":[""default"",""SSL"",""ssl"",""SSL::LOG"",""Log::WRITER_ASCII""],""value"":307.0}",1790171974532927958,1790171974532927958_fa40a245,target_acquisition,unknown,,/opt/zeek/logs/current/telemetry.log,search_man,,detect,search_man,
2026-09-23T13:59:34.532Z,1790171974532,"{""ts"":1790084916.06915,""peer"":""zeek"",""metric_type"":""counter"",""name"":""zeek_log_writer_writes_total"",""labels"":[""filter_name"",""module"",""path"",""stream"",""writer""],""label_values"":[""default"",""Weird"",""weird"",""Weird::LOG"",""Log::WRITER_ASCII""],""value"":6.0}",1790171974532893926,1790171974532893926_4ba827bc,target_acquisition,unknown,,/opt/zeek/logs/current/telemetry.log,search_man,,detect,search_man,
2026-09-23T13:59:34.532Z,1790171974532,"{""ts"":1790084916.06915,""peer"":""zeek"",""metric_type"":""counter"",""name"":""zeek_log_writer_writes_total"",""labels"":[""filter_name"",""module"",""path"",""stream"",""writer""],""label_values"":[""default"",""CaptureLoss"",""capture_loss"",""CaptureLoss::LOG"",""Log::WRITER_ASCII""],""value"":12.0}",1790171974532873268,1790171974532873268_7633d55a,target_acquisition,unknown,,/opt/zeek/logs/current/telemetry.log,search_man,,detect,search_man,
2026-09-23T13:59:34.532Z,1790171974532,"{""ts"":1790084916.06915,""peer"":""zeek"",""metric_type"":""counter"",""name"":""zeek_log_writer_writes_total"",""labels"":[""filter_name"",""module"",""path"",""stream"",""writer""],""label_values"":[""default"",""Notice"",""notice"",""Notice::LOG"",""Log::WRITER_ASCII""],""value"":3.0}",1790171974532868220,1790171974532868220_95be4c60,target_acquisition,unknown,,/opt/zeek/logs/current/telemetry.log,search_man,,detect,search_man,
2026-09-23T13:59:34.532Z,1790171974532,"{""ts"":1790084916.06915,""peer"":""zeek"",""metric_type"":""counter"",""name"":""zeek_log_writer_writes_total"",""labels"":[""filter_name"",""module"",""path"",""stream"",""writer""],""label_values"":[""default"",""Conn"",""conn"",""Conn::LOG"",""Log::WRITER_ASCII""],""value"":2803.0}",1790171974532796620,1790171974532796620_c31a26,target_acquisition,unknown,,/opt/zeek/logs/current/telemetry.log,search_man,,detect,search_man,
2026-09-23T13:59:34.532Z,1790171974532,"{""ts"":1790084916.06915,""peer"":""zeek"",""metric_type"":""counter"",""name"":""zeek_log_writer_writes_total"",""labels"":[""filter_name"",""module"",""path"",""stream"",""writer""],""label_values"":[""default"",""Known"",""known_services"",""Known::SERVICES_LOG"",""Log::WRITER_ASCII""],""value"":2.0}",1790171974532780367,1790171974532780367_ad94494a,target_acquisition,unknown,,/opt/zeek/logs/current/telemetry.log,search_man,,detect,search_man,
2026-09-23T13:59:34.532Z,1790171974532,"{""ts"":1790084916.06915,""peer"":""zeek"",""metric_type"":""counter"",""name"":""zeek_log_writer_writes_total"",""labels"":[""filter_name"",""module"",""path"",""stream"",""writer""],""label_values"":[""default"",""DNS"",""dns"",""DNS::LOG"",""Log::WRITER_ASCII""],""value"":26686.0}",1790171974532767859,1790171974532767859_bae99e54,target_acquisition,unknown,,/opt/zeek/logs/current/telemetry.log,search_man,,detect,search_man,
2026-09-23T13:59:34.532Z,1790171974532,"{""ts"":1790084916.06915,""peer"":""zeek"",""metric_type"":""counter"",""name"":""zeek_log_writer_writes_total"",""labels"":[""filter_name"",""module"",""path"",""stream"",""writer""],""label_values"":[""default"",""Stats"",""stats"",""Stats::LOG"",""Log::WRITER_ASCII""],""value"":34.0}",1790171974532758403,1790171974532758403_9a0bd109,target_acquisition,unknown,,/opt/zeek/logs/current/telemetry.log,search_man,,detect,search_man,
2026-09-23T13:59:34.532Z,1790171974532,"{""ts"":1790084916.06915,""peer"":""zeek"",""metric_type"":""counter"",""name"":""zeek_log_writer_writes_total"",""labels"":[""filter_name"",""module"",""path"",""stream"",""writer""],""label_values"":[""default"",""Telemetry"",""telemetry"",""Telemetry::LOG"",""Log::WRITER_ASCII""],""value"":42007.0}",1790171974532753388,1790171974532753388_1a78c0e5,target_acquisition,unknown,,/opt/zeek/logs/current/telemetry.log,search_man,,detect,search_man,
2026-09-23T13:59:34.532Z,1790171974532,"{""ts"":1790084916.06915,""peer"":""zeek"",""metric_type"":""counter"",""name"":""zeek_log_writer_writes_total"",""labels"":[""filter_name"",""module"",""path"",""stream"",""writer""],""label_values"":[""default"",""LoadedScripts"",""loaded_scripts"",""LoadedScripts::LOG"",""Log::WRITER_ASCII""],""value"":559.0}",1790171974532680179,1790171974532680179_d97ca984,target_acquisition,unknown,,/opt/zeek/logs/current/telemetry.log,search_man,,detect,search_man,
2026-09-23T13:59:34.532Z,1790171974532,"{""ts"":1790084916.06915,""peer"":""zeek"",""metric_type"":""counter"",""name"":""zeek_log_writer_writes_total"",""labels"":[""filter_name"",""module"",""path"",""stream"",""writer""],""label_values"":[""default"",""PacketFilter"",""packet_filter"",""PacketFilter::LOG"",""Log::WRITER_ASCII""],""value"":1.0}",1790171974532663528,1790171974532663528_6ccb88ef,target_acquisition,unknown,,/opt/zeek/logs/current/telemetry.log,search_man,,detect,search_man,
2026-09-23T13:59:34.532Z,1790171974532,"{""ts"":1790084916.06915,""peer"":""zeek"",""metric_type"":""counter"",""name"":""zeek_log_writer_writes_total"",""labels"":[""filter_name"",""module"",""path"",""stream"",""writer""],""label_values"":[""default"",""DHCP"",""dhcp"",""DHCP::LOG"",""Log::WRITER_ASCII""],""value"":16.0}",1790171974532649647,1790171974532649647_97ac699f,target_acquisition,unknown,,/opt/zeek/logs/current/telemetry.log,search_man,,detect,search_man,
2026-09-23T13:59:34.532Z,1790171974532,"{""ts"":1790084916.06915,""peer"":""zeek"",""metric_type"":""counter"",""name"":""zeek_log_stream_writes_total"",""labels"":[""module"",""stream""],""label_values"":[""Files"",""Files::LOG""],""value"":15.0}",1790171974532636774,1790171974532636774_ceb98014,target_acquisition,unknown,,/opt/zeek/logs/current/telemetry.log,search_man,,detect,search_man,
2026-09-23T13:59:34.532Z,1790171974532,"{""ts"":1790084916.06915,""peer"":""zeek"",""metric_type"":""counter"",""name"":""zeek_log_stream_writes_total"",""labels"":[""module"",""stream""],""label_values"":[""Stats"",""Stats::LOG""],""value"":34.0}",1790171974532614816,1790171974532614816_bc5b6b77,target_acquisition,unknown,,/opt/zeek/logs/current/telemetry.log,search_man,,detect,search_man,
2026-09-23T13:59:34.532Z,1790171974532,"{""ts"":1790084916.06915,""peer"":""zeek"",""metric_type"":""counter"",""name"":""zeek_log_stream_writes_total"",""labels"":[""module"",""stream""],""label_values"":[""X509"",""X509::LOG""],""value"":4.0}",1790171974532539397,1790171974532539397_3ad4bcc6,target_acquisition,unknown,,/opt/zeek/logs/current/telemetry.log,search_man,,detect,search_man,
2026-09-23T13:59:34.532Z,1790171974532,"{""ts"":1790084916.06915,""peer"":""zeek"",""metric_type"":""counter"",""name"":""zeek_log_stream_writes_total"",""labels"":[""module"",""stream""],""label_values"":[""Known"",""Known::HOSTS_LOG""],""value"":1.0}",1790171974532505724,1790171974532505724_6e714893,target_acquisition,unknown,,/opt/zeek/logs/current/telemetry.log,search_man,,detect,search_man,
2026-09-23T13:59:34.532Z,1790171974532,"{""ts"":1790084916.06915,""peer"":""zeek"",""metric_type"":""counter"",""name"":""zeek_log_stream_writes_total"",""labels"":[""module"",""stream""],""label_values"":[""CaptureLoss"",""CaptureLoss::LOG""],""value"":12.0}",1790171974532493546,1790171974532493546_9549addb,target_acquisition,unknown,,/opt/zeek/logs/current/telemetry.log,search_man,,detect,search_man,
2026-09-23T13:59:34.532Z,1790171974532,"{""ts"":1790084916.06915,""peer"":""zeek"",""metric_type"":""counter"",""name"":""zeek_log_stream_writes_total"",""labels"":[""module"",""stream""],""label_values"":[""Notice"",""Notice::LOG""],""value"":3.0}",1790171974532483666,1790171974532483666_65362e81,target_acquisition,unknown,,/opt/zeek/logs/current/telemetry.log,search_man,,detect,search_man,
2026-09-23T13:59:34.532Z,1790171974532,"{""ts"":1790084916.06915,""peer"":""zeek"",""metric_type"":""counter"",""name"":""zeek_log_stream_writes_total"",""labels"":[""module"",""stream""],""label_values"":[""SSL"",""SSL::LOG""],""value"":307.0}",1790171974532479090,1790171974532479090_d67db9f2,target_acquisition,unknown,,/opt/zeek/logs/current/telemetry.log,search_man,,detect,search_man,
2026-09-23T13:59:34.532Z,1790171974532,"{""ts"":1790084916.06915,""peer"":""zeek"",""metric_type"":""counter"",""name"":""zeek_log_stream_writes_total"",""labels"":[""module"",""stream""],""label_values"":[""Known"",""Known::SERVICES_LOG""],""value"":2.0}",1790171974532407782,1790171974532407782_4d11ce0d,target_acquisition,unknown,,/opt/zeek/logs/current/telemetry.log,search_man,,detect,search_man,
2026-09-23T13:59:34.532Z,1790171974532,"{""ts"":1790084916.06915,""peer"":""zeek"",""metric_type"":""counter"",""name"":""zeek_log_stream_writes_total"",""labels"":[""module"",""stream""],""label_values"":[""DHCP"",""DHCP::LOG""],""value"":16.0}",1790171974532383355,1790171974532383355_1bfae939,target_acquisition,unknown,,/opt/zeek/logs/current/telemetry.log,search_man,,detect,search_man,
2026-09-23T13:59:34.532Z,1790171974532,"{""ts"":1790084916.06915,""peer"":""zeek"",""metric_type"":""counter"",""name"":""zeek_log_stream_writes_total"",""labels"":[""module"",""stream""],""label_values"":[""Conn"",""Conn::LOG""],""value"":2803.0}",1790171974532370343,1790171974532370343_fe452faf,target_acquisition,unknown,,/opt/zeek/logs/current/telemetry.log,search_man,,detect,search_man,
2026-09-23T13:59:34.532Z,1790171974532,"{""ts"":1790084916.06915,""peer"":""zeek"",""metric_type"":""counter"",""name"":""zeek_log_stream_writes_total"",""labels"":[""module"",""stream""],""label_values"":[""DNS"",""DNS::LOG""],""value"":26686.0}",1790171974532361144,1790171974532361144_7c7c57c6,target_acquisition,unknown,,/opt/zeek/logs/current/telemetry.log,search_man,,detect,search_man,
2026-09-23T13:59:34.532Z,1790171974532,"{""ts"":1790084916.06915,""peer"":""zeek"",""metric_type"":""counter"",""name"":""zeek_log_stream_writes_total"",""labels"":[""module"",""stream""],""label_values"":[""Telemetry"",""Telemetry::LOG""],""value"":42007.0}",1790171974532356250,1790171974532356250_3dab246f,target_acquisition,unknown,,/opt/zeek/logs/current/telemetry.log,search_man,,detect,search_man,
2026-09-23T13:59:34.532Z,1790171974532,"{""ts"":1790084916.06915,""peer"":""zeek"",""metric_type"":""counter"",""name"":""zeek_log_stream_writes_total"",""labels"":[""module"",""stream""],""label_values"":[""LoadedScripts"",""LoadedScripts::LOG""],""value"":559.0}",1790171974532286099,1790171974532286099_a451bc39,target_acquisition,unknown,,/opt/zeek/logs/current/telemetry.log,search_man,,detect,search_man,
2026-09-23T13:59:34.532Z,1790171974532,"{""ts"":1790084916.06915,""peer"":""zeek"",""metric_type"":""counter"",""name"":""zeek_log_stream_writes_total"",""labels"":[""module"",""stream""],""label_values"":[""PacketFilter"",""PacketFilter::LOG""],""value"":1.0}",1790171974532270370,1790171974532270370_be30014b,target_acquisition,unknown,,/opt/zeek/logs/current/telemetry.log,search_man,,detect,search_man,
2026-09-23T13:59:34.532Z,1790171974532,"{""ts"":1790084916.06915,""peer"":""zeek"",""metric_type"":""counter"",""name"":""zeek_log_stream_writes_total"",""labels"":[""module"",""stream""],""label_values"":[""QUIC"",""QUIC::LOG""],""value"":120.0}",1790171974532258175,1790171974532258175_ed4e57f5,target_acquisition,unknown,,/opt/zeek/logs/current/telemetry.log,search_man,,detect,search_man,
2026-09-23T13:59:34.532Z,1790171974532,"{""ts"":1790084916.06915,""peer"":""zeek"",""metric_type"":""counter"",""name"":""zeek_log_stream_writes_total"",""labels"":[""module"",""stream""],""label_values"":[""Weird"",""Weird::LOG""],""value"":6.0}",1790171974532248875,1790171974532248875_e9db5fa0,target_acquisition,unknown,,/opt/zeek/logs/current/telemetry.log,search_man,,detect,search_man,
2026-09-23T13:59:34.532Z,1790171974532,"{""ts"":1790084916.06915,""peer"":""zeek"",""metric_type"":""counter"",""name"":""zeek_log_stream_writes_total"",""labels"":[""module"",""stream""],""label_values"":[""NTP"",""NTP::LOG""],""value"":8.0}",1790171974532244179,1790171974532244179_fe7bf82,target_acquisition,unknown,,/opt/zeek/logs/current/telemetry.log,search_man,,detect,search_man,
2026-09-23T13:59:34.532Z,1790171974532,"{""ts"":1790084916.06915,""peer"":""zeek"",""metric_type"":""gauge"",""name"":""process_start_time_seconds"",""labels"":[],""label_values"":[],""value"":1790074749.905205}",1790171974532172593,1790171974532172593_59225d9b,target_acquisition,unknown,,/opt/zeek/logs/current/telemetry.log,search_man,,detect,search_man,
2026-09-23T13:59:34.532Z,1790171974532,"{""ts"":1790084916.06915,""peer"":""zeek"",""metric_type"":""gauge"",""name"":""process_open_fds"",""labels"":[],""label_values"":[],""value"":110.0}",1790171974532156944,1790171974532156944_b26fdf86,target_acquisition,unknown,,/opt/zeek/logs/current/telemetry.log,search_man,,detect,search_man,
2026-09-23T13:59:34.532Z,1790171974532,"{""ts"":1790084916.06915,""peer"":""zeek"",""metric_type"":""gauge"",""name"":""process_virtual_memory_bytes"",""labels"":[],""label_values"":[],""value"":1632182272.0}",1790171974532144041,1790171974532144041_5502be63,target_acquisition,unknown,,/opt/zeek/logs/current/telemetry.log,search_man,,detect,search_man,
2026-09-23T13:59:34.532Z,1790171974532,"{""ts"":1790084916.06915,""peer"":""zeek"",""metric_type"":""gauge"",""name"":""process_resident_memory_bytes"",""labels"":[],""label_values"":[],""value"":172580864.0}",1790171974532134712,1790171974532134712_c323341f,target_acquisition,unknown,,/opt/zeek/logs/current/telemetry.log,search_man,,detect,search_man,
2026-09-23T13:59:34.532Z,1790171974532,"{""ts"":1790084916.06915,""peer"":""zeek"",""metric_type"":""counter"",""name"":""process_cpu_system_seconds_total"",""labels"":[],""label_values"":[],""value"":33.09}",1790171974532130095,1790171974532130095_a1a8ddbd,target_acquisition,unknown,,/opt/zeek/logs/current/telemetry.log,search_man,,detect,search_man,
2026-09-23T13:59:34.532Z,1790171974532,"{""ts"":1790084916.06915,""peer"":""zeek"",""metric_type"":""counter"",""name"":""process_cpu_user_seconds_total"",""labels"":[],""label_values"":[],""value"":66.07}",1790171974532060981,1790171974532060981_ffd8c7cb,target_acquisition,unknown,,/opt/zeek/logs/current/telemetry.log,search_man,,detect,search_man,
2026-09-23T13:59:34.532Z,1790171974532,"{""ts"":1790084856.068081,""peer"":""zeek"",""metric_type"":""gauge"",""name"":""zeek_active_sessions"",""labels"":[""protocol""],""label_values"":[""tcp""],""value"":4.0}",1790171974532045562,1790171974532045562_66b90d4c,target_acquisition,unknown,,/opt/zeek/logs/current/telemetry.log,search_man,,detect,search_man,
2026-09-23T13:59:34.532Z,1790171974532,"{""ts"":1790084856.068081,""peer"":""zeek"",""metric_type"":""gauge"",""name"":""zeek_active_sessions"",""labels"":[""protocol""],""label_values"":[""udp""],""value"":11.0}",1790171974532032597,1790171974532032597_51e5282,target_acquisition,unknown,,/opt/zeek/logs/current/telemetry.log,search_man,,detect,search_man,
2026-09-23T13:59:34.532Z,1790171974532,"{""ts"":1790084856.068081,""peer"":""zeek"",""metric_type"":""gauge"",""name"":""zeek_active_sessions"",""labels"":[""protocol""],""label_values"":[""icmp""],""value"":6.0}",1790171974532022836,1790171974532022836_662c0bf2,target_acquisition,unknown,,/opt/zeek/logs/current/telemetry.log,search_man,,detect,search_man,
2026-09-23T13:59:34.532Z,1790171974532,"{""ts"":1790084856.068081,""peer"":""zeek"",""metric_type"":""gauge"",""name"":""zeek_pending_triggers"",""labels"":[],""label_values"":[],""value"":0.0}",1790171974532018074,1790171974532018074_62068c6c,target_acquisition,unknown,,/opt/zeek/logs/current/telemetry.log,search_man,,detect,search_man,
2026-09-23T13:59:34.531Z,1790171974531,"{""ts"":1790084856.068081,""peer"":""zeek"",""metric_type"":""gauge"",""name"":""zeek_dnsmgr_cache_entries"",""labels"":[""type""],""label_values"":[""host""],""value"":0.0}",1790171974531934298,1790171974531934298_ae7c956,target_acquisition,unknown,,/opt/zeek/logs/current/telemetry.log,search_man,,detect,search_man,
2026-09-23T13:59:34.531Z,1790171974531,"{""ts"":1790084856.068081,""peer"":""zeek"",""metric_type"":""gauge"",""name"":""zeek_dnsmgr_cache_entries"",""labels"":[""type""],""label_values"":[""address""],""value"":0.0}",1790171974531918417,1790171974531918417_fa3d8630,target_acquisition,unknown,,/opt/zeek/logs/current/telemetry.log,search_man,,detect,search_man,
2026-09-23T13:59:34.531Z,1790171974531,"{""ts"":1790084856.068081,""peer"":""zeek"",""metric_type"":""gauge"",""name"":""zeek_dnsmgr_cache_entries"",""labels"":[""type""],""label_values"":[""text""],""value"":0.0}",1790171974531904936,1790171974531904936_16f85135,target_acquisition,unknown,,/opt/zeek/logs/current/telemetry.log,search_man,,detect,search_man,
2026-09-23T13:59:34.531Z,1790171974531,"{""ts"":1790084856.068081,""peer"":""zeek"",""metric_type"":""gauge"",""name"":""zeek_dnsmgr_pending_asyncs_requests"",""labels"":[],""label_values"":[],""value"":0.0}",1790171974531895773,1790171974531895773_beb2f39,target_acquisition,unknown,,/opt/zeek/logs/current/telemetry.log,search_man,,detect,search_man,
2026-09-23T13:59:34.531Z,1790171974531,"{""ts"":1790084856.068081,""peer"":""zeek"",""metric_type"":""gauge"",""name"":""zeek_timers_pending"",""labels"":[""type""],""label_values"":[""TCPConnectionPartialClose""],""value"":0.0}",1790171974531891091,1790171974531891091_6feaad1,target_acquisition,unknown,,/opt/zeek/logs/current/telemetry.log,search_man,,detect,search_man,
2026-09-23T13:59:34.531Z,1790171974531,"{""ts"":1790084856.068081,""peer"":""zeek"",""metric_type"":""gauge"",""name"":""zeek_timers_pending"",""labels"":[""type""],""label_values"":[""TCPConnectionAttemptTimer""],""value"":0.0}",1790171974531817336,1790171974531817336_892f9312,target_acquisition,unknown,,/opt/zeek/logs/current/telemetry.log,search_man,,detect,search_man,
2026-09-23T13:59:34.531Z,1790171974531,"{""ts"":1790084856.068081,""peer"":""zeek"",""metric_type"":""gauge"",""name"":""zeek_timers_pending"",""labels"":[""type""],""label_values"":[""TableValTimer""],""value"":36.0}",1790171974531791554,1790171974531791554_e0f48b68,target_acquisition,unknown,,/opt/zeek/logs/current/telemetry.log,search_man,,detect,search_man,
2026-09-23T13:59:34.531Z,1790171974531,"{""ts"":1790084856.068081,""peer"":""zeek"",""metric_type"":""gauge"",""name"":""zeek_timers_pending"",""labels"":[""type""],""label_values"":[""TriggerTimer""],""value"":0.0}",1790171974531778651,1790171974531778651_2ef81874,target_acquisition,unknown,,/opt/zeek/logs/current/telemetry.log,search_man,,detect,search_man,
2026-09-23T13:59:34.531Z,1790171974531,"{""ts"":1790084856.068081,""peer"":""zeek"",""metric_type"":""gauge"",""name"":""zeek_timers_pending"",""labels"":[""type""],""label_values"":[""ConnectionDeleteTimer""],""value"":1.0}",1790171974531768954,1790171974531768954_5314e7b0,target_acquisition,unknown,,/opt/zeek/logs/current/telemetry.log,search_man,,detect,search_man,
2026-09-23T13:59:34.531Z,1790171974531,"{""ts"":1790084856.068081,""peer"":""zeek"",""metric_type"":""gauge"",""name"":""zeek_timers_pending"",""labels"":[""type""],""label_values"":[""RPCExpireTimer""],""value"":0.0}",1790171974531764172,1790171974531764172_61a3a688,target_acquisition,unknown,,/opt/zeek/logs/current/telemetry.log,search_man,,detect,search_man,
2026-09-23T13:59:34.531Z,1790171974531,"{""ts"":1790084856.068081,""peer"":""zeek"",""metric_type"":""gauge"",""name"":""zeek_timers_pending"",""labels"":[""type""],""label_values"":[""NTPExpireTimer""],""value"":0.0}",1790171974531693703,1790171974531693703_80e735cd,target_acquisition,unknown,,/opt/zeek/logs/current/telemetry.log,search_man,,detect,search_man,
2026-09-23T13:59:34.531Z,1790171974531,"{""ts"":1790084856.068081,""peer"":""zeek"",""metric_type"":""gauge"",""name"":""zeek_timers_pending"",""labels"":[""type""],""label_values"":[""ScheduleTimer""],""value"":6.0}",1790171974531677895,1790171974531677895_f8904491,target_acquisition,unknown,,/opt/zeek/logs/current/telemetry.log,search_man,,detect,search_man,
2026-09-23T13:59:34.531Z,1790171974531,"{""ts"":1790084856.068081,""peer"":""zeek"",""metric_type"":""gauge"",""name"":""zeek_timers_pending"",""labels"":[""type""],""label_values"":[""TCPConnectionDeleteTimer""],""value"":0.0}",1790171974531665369,1790171974531665369_286ad414,target_acquisition,unknown,,/opt/zeek/logs/current/telemetry.log,search_man,,detect,search_man,
2026-09-23T13:59:34.531Z,1790171974531,"{""ts"":1790084856.068081,""peer"":""zeek"",""metric_type"":""gauge"",""name"":""zeek_timers_pending"",""labels"":[""type""],""label_values"":[""ConnTupleWeirdTimer""],""value"":0.0}",1790171974531655056,1790171974531655056_17dfda7,target_acquisition,unknown,,/opt/zeek/logs/current/telemetry.log,search_man,,detect,search_man,
2026-09-23T13:59:34.531Z,1790171974531,"{""ts"":1790084856.068081,""peer"":""zeek"",""metric_type"":""gauge"",""name"":""zeek_timers_pending"",""labels"":[""type""],""label_values"":[""TCPConnectionResetTimer""],""value"":0.0}",1790171974531649699,1790171974531649699_eb69c34c,target_acquisition,unknown,,/opt/zeek/logs/current/telemetry.log,search_man,,detect,search_man,
2026-09-23T13:59:34.531Z,1790171974531,"{""ts"":1790084856.068081,""peer"":""zeek"",""metric_type"":""gauge"",""name"":""zeek_timers_pending"",""labels"":[""type""],""label_values"":[""RemoveConnection""],""value"":0.0}",1790171974531549282,1790171974531549282_1ead205b,target_acquisition,unknown,,/opt/zeek/logs/current/telemetry.log,search_man,,detect,search_man,
2026-09-23T13:59:34.531Z,1790171974531,"{""ts"":1790084856.068081,""peer"":""zeek"",""metric_type"":""gauge"",""name"":""zeek_timers_pending"",""labels"":[""type""],""label_values"":[""NetworkTimer""],""value"":0.0}",1790171974531531918,1790171974531531918_b0e6ac7e,target_acquisition,unknown,,/opt/zeek/logs/current/telemetry.log,search_man,,detect,search_man,
2026-09-23T13:59:34.531Z,1790171974531,"{""ts"":1790084856.068081,""peer"":""zeek"",""metric_type"":""gauge"",""name"":""zeek_timers_pending"",""labels"":[""type""],""label_values"":[""NetbiosExpireTimer""],""value"":0.0}",1790171974531518968,1790171974531518968_3f02a2ab,target_acquisition,unknown,,/opt/zeek/logs/current/telemetry.log,search_man,,detect,search_man,
2026-09-23T13:59:34.531Z,1790171974531,"{""ts"":1790084856.068081,""peer"":""zeek"",""metric_type"":""gauge"",""name"":""zeek_timers_pending"",""labels"":[""type""],""label_values"":[""BackdoorTimer""],""value"":0.0}",1790171974531508864,1790171974531508864_72ed34bd,target_acquisition,unknown,,/opt/zeek/logs/current/telemetry.log,search_man,,detect,search_man,
2026-09-23T13:59:34.531Z,1790171974531,"{""ts"":1790084856.068081,""peer"":""zeek"",""metric_type"":""gauge"",""name"":""zeek_timers_pending"",""labels"":[""type""],""label_values"":[""BreakpointTimer""],""value"":0.0}",1790171974531474914,1790171974531474914_e8c41ba1,target_acquisition,unknown,,/opt/zeek/logs/current/telemetry.log,search_man,,detect,search_man,
2026-09-23T13:59:34.531Z,1790171974531,"{""ts"":1790084856.068081,""peer"":""zeek"",""metric_type"":""gauge"",""name"":""zeek_timers_pending"",""labels"":[""type""],""label_values"":[""ConnectionExpireTimer""],""value"":0.0}",1790171974531400609,1790171974531400609_3921a0b5,target_acquisition,unknown,,/opt/zeek/logs/current/telemetry.log,search_man,,detect,search_man,
2026-09-23T13:59:34.531Z,1790171974531,"{""ts"":1790084856.068081,""peer"":""zeek"",""metric_type"":""gauge"",""name"":""zeek_timers_pending"",""labels"":[""type""],""label_values"":[""ProfileTimer""],""value"":0.0}",1790171974531234339,1790171974531234339_54978215,target_acquisition,unknown,,/opt/zeek/logs/current/telemetry.log,search_man,,detect,search_man,
2026-09-23T13:59:34.531Z,1790171974531,"{""ts"":1790084856.068081,""peer"":""zeek"",""metric_type"":""gauge"",""name"":""zeek_timers_pending"",""labels"":[""type""],""label_values"":[""UnknownProtocolExpire""],""value"":0.0}",1790171974531221357,1790171974531221357_e98ff80e,target_acquisition,unknown,,/opt/zeek/logs/current/telemetry.log,search_man,,detect,search_man,
2026-09-23T13:59:34.531Z,1790171974531,"{""ts"":1790084856.068081,""peer"":""zeek"",""metric_type"":""gauge"",""name"":""zeek_timers_pending"",""labels"":[""type""],""label_values"":[""DNSExpireTimer""],""value"":4.0}",1790171974531211610,1790171974531211610_eef196b4,target_acquisition,unknown,,/opt/zeek/logs/current/telemetry.log,search_man,,detect,search_man,
2026-09-23T13:59:34.531Z,1790171974531,"{""ts"":1790084856.068081,""peer"":""zeek"",""metric_type"":""gauge"",""name"":""zeek_timers_pending"",""labels"":[""type""],""label_values"":[""IPTunnelInactivityTimer""],""value"":0.0}",1790171974531206887,1790171974531206887_873ca347,target_acquisition,unknown,,/opt/zeek/logs/current/telemetry.log,search_man,,detect,search_man,
2026-09-23T13:59:34.531Z,1790171974531,"{""ts"":1790084856.068081,""peer"":""zeek"",""metric_type"":""gauge"",""name"":""zeek_timers_pending"",""labels"":[""type""],""label_values"":[""InterconnTimer""],""value"":0.0}",1790171974531136117,1790171974531136117_2947e14,target_acquisition,unknown,,/opt/zeek/logs/current/telemetry.log,search_man,,detect,search_man,
2026-09-23T13:59:34.531Z,1790171974531,"{""ts"":1790084856.068081,""peer"":""zeek"",""metric_type"":""gauge"",""name"":""zeek_timers_pending"",""labels"":[""type""],""label_values"":[""NetWeirdTimer""],""value"":0.0}",1790171974531120683,1790171974531120683_32107b7a,target_acquisition,unknown,,/opt/zeek/logs/current/telemetry.log,search_man,,detect,search_man,
2026-09-23T13:59:34.531Z,1790171974531,"{""ts"":1790084856.068081,""peer"":""zeek"",""metric_type"":""gauge"",""name"":""zeek_timers_pending"",""labels"":[""type""],""label_values"":[""LogFlushWriteBufferTimer""],""value"":1.0}",1790171974531108007,1790171974531108007_72a1fac4,target_acquisition,unknown,,/opt/zeek/logs/current/telemetry.log,search_man,,detect,search_man,
2026-09-23T13:59:34.531Z,1790171974531,"{""ts"":1790084856.068081,""peer"":""zeek"",""metric_type"":""gauge"",""name"":""zeek_timers_pending"",""labels"":[""type""],""label_values"":[""ConnectionStatusUpdateTimer""],""value"":0.0}",1790171974531098693,1790171974531098693_bdedb0fd,target_acquisition,unknown,,/opt/zeek/logs/current/telemetry.log,search_man,,detect,search_man,
2026-09-23T13:59:34.531Z,1790171974531,"{""ts"":1790084856.068081,""peer"":""zeek"",""metric_type"":""gauge"",""name"":""zeek_timers_pending"",""labels"":[""type""],""label_values"":[""TCPConnectionExpireTimer""],""value"":3.0}",1790171974531093917,1790171974531093917_7cadf3df,target_acquisition,unknown,,/opt/zeek/logs/current/telemetry.log,search_man,,detect,search_man,
2026-09-23T13:59:34.531Z,1790171974531,"{""ts"":1790084856.068081,""peer"":""zeek"",""metric_type"":""gauge"",""name"":""zeek_timers_pending"",""labels"":[""type""],""label_values"":[""ConnectionInactivityTimer""],""value"":21.0}",1790171974531020156,1790171974531020156_1ac739f7,target_acquisition,unknown,,/opt/zeek/logs/current/telemetry.log,search_man,,detect,search_man,
2026-09-23T13:59:34.530Z,1790171974530,"{""ts"":1790084856.068081,""peer"":""zeek"",""metric_type"":""gauge"",""name"":""zeek_timers_pending"",""labels"":[""type""],""label_values"":[""StorageExpire""],""value"":1.0}",1790171974530996139,1790171974530996139_aa271f8a,target_acquisition,unknown,,/opt/zeek/logs/current/telemetry.log,search_man,,detect,search_man,
2026-09-23T13:59:34.530Z,1790171974530,"{""ts"":1790084856.068081,""peer"":""zeek"",""metric_type"":""gauge"",""name"":""zeek_timers_pending"",""labels"":[""type""],""label_values"":[""FileAnalysisInactivityTimer""],""value"":3.0}",1790171974530983092,1790171974530983092_70e6f12f,target_acquisition,unknown,,/opt/zeek/logs/current/telemetry.log,search_man,,detect,search_man,
2026-09-23T13:59:34.530Z,1790171974530,"{""ts"":1790084856.068081,""peer"":""zeek"",""metric_type"":""gauge"",""name"":""zeek_timers_pending"",""labels"":[""type""],""label_values"":[""FlowWeirdTimer""],""value"":0.0}",1790171974530973825,1790171974530973825_ec67c1cd,target_acquisition,unknown,,/opt/zeek/logs/current/telemetry.log,search_man,,detect,search_man,
2026-09-23T13:59:34.530Z,1790171974530,"{""ts"":1790084856.068081,""peer"":""zeek"",""metric_type"":""gauge"",""name"":""zeek_timers_pending"",""labels"":[""type""],""label_values"":[""RotateTimer""],""value"":16.0}",1790171974530969117,1790171974530969117_9de0f4fa,target_acquisition,unknown,,/opt/zeek/logs/current/telemetry.log,search_man,,detect,search_man,
2026-09-23T13:59:34.530Z,1790171974530,"{""ts"":1790084856.068081,""peer"":""zeek"",""metric_type"":""gauge"",""name"":""zeek_timers_pending"",""labels"":[""type""],""label_values"":[""FragTimer""],""value"":0.0}",1790171974530898132,1790171974530898132_94f21ae2,target_acquisition,unknown,,/opt/zeek/logs/current/telemetry.log,search_man,,detect,search_man,
2026-09-23T13:59:34.530Z,1790171974530,"{""ts"":1790084856.068081,""peer"":""zeek"",""metric_type"":""gauge"",""name"":""zeek_timers_pending"",""labels"":[""type""],""label_values"":[""ParentProcessIDCheck""],""value"":0.0}",1790171974530882748,1790171974530882748_d3d631b3,target_acquisition,unknown,,/opt/zeek/logs/current/telemetry.log,search_man,,detect,search_man,
2026-09-23T13:59:34.530Z,1790171974530,"{""ts"":1790084856.068081,""peer"":""zeek"",""metric_type"":""gauge"",""name"":""zeek_timers_pending"",""labels"":[""type""],""label_values"":[""TablePublishBatchedChanges""],""value"":0.0}",1790171974530870729,1790171974530870729_e1798e60,target_acquisition,unknown,,/opt/zeek/logs/current/telemetry.log,search_man,,detect,search_man,
2026-09-23T13:59:34.530Z,1790171974530,"{""ts"":1790084856.068081,""peer"":""zeek"",""metric_type"":""gauge"",""name"":""zeek_timers_pending"",""labels"":[""type""],""label_values"":[""TimerMgrExpireTimer""],""value"":0.0}",1790171974530861557,1790171974530861557_752c6ba8,target_acquisition,unknown,,/opt/zeek/logs/current/telemetry.log,search_man,,detect,search_man,
2026-09-23T13:59:34.530Z,1790171974530,"{""ts"":1790084856.068081,""peer"":""zeek"",""metric_type"":""gauge"",""name"":""zeek_timers_pending"",""labels"":[""type""],""label_values"":[""ThreadHeartbeat""],""value"":1.0}",1790171974530857004,1790171974530857004_983d7848,target_acquisition,unknown,,/opt/zeek/logs/current/telemetry.log,search_man,,detect,search_man,
2026-09-23T13:59:34.530Z,1790171974530,"{""ts"":1790084856.068081,""peer"":""zeek"",""metric_type"":""gauge"",""name"":""zeek_timers_pending"",""labels"":[""type""],""label_values"":[""LogDelayExpire""],""value"":0.0}",1790171974530786727,1790171974530786727_25c89e9d,target_acquisition,unknown,,/opt/zeek/logs/current/telemetry.log,search_man,,detect,search_man,
2026-09-23T13:59:34.530Z,1790171974530,"{""ts"":1790084856.068081,""peer"":""zeek"",""metric_type"":""gauge"",""name"":""zeek_timers_lag_time_seconds"",""labels"":[],""label_values"":[],""value"":0.11750578880310059}",1790171974530770925,1790171974530770925_54fe1e24,target_acquisition,unknown,,/opt/zeek/logs/current/telemetry.log,search_man,,detect,search_man,
2026-09-23T13:59:34.530Z,1790171974530,"{""ts"":1790084856.068081,""peer"":""zeek"",""metric_type"":""gauge"",""name"":""zeek_broker_pending_queries"",""labels"":[],""label_values"":[],""value"":0.0}",1790171974530757948,1790171974530757948_8778247b,target_acquisition,unknown,,/opt/zeek/logs/current/telemetry.log,search_man,,detect,search_man,
2026-09-23T13:59:34.530Z,1790171974530,"{""ts"":1790084856.068081,""peer"":""zeek"",""metric_type"":""gauge"",""name"":""zeek_broker_stores"",""labels"":[],""label_values"":[],""value"":1.0}",1790171974530748213,1790171974530748213_d9bb7698,target_acquisition,unknown,,/opt/zeek/logs/current/telemetry.log,search_man,,detect,search_man,
2026-09-23T13:59:34.530Z,1790171974530,"{""ts"":1790084856.068081,""peer"":""zeek"",""metric_type"":""gauge"",""name"":""zeek_broker_peers"",""labels"":[],""label_values"":[],""value"":0.0}",1790171974530743613,1790171974530743613_ea2d5746,target_acquisition,unknown,,/opt/zeek/logs/current/telemetry.log,search_man,,detect,search_man,
2026-09-23T13:59:34.530Z,1790171974530,"{""ts"":1790084856.068081,""peer"":""zeek"",""metric_type"":""gauge"",""name"":""zeek_msgthread_pending_messages_out_buckets"",""labels"":[""leq""],""label_values"":[""1""],""value"":17.0}",1790171974530672484,1790171974530672484_e906c20b,target_acquisition,unknown,,/opt/zeek/logs/current/telemetry.log,search_man,,detect,search_man,
2026-09-23T13:59:34.530Z,1790171974530,"{""ts"":1790084856.068081,""peer"":""zeek"",""metric_type"":""gauge"",""name"":""zeek_msgthread_pending_messages_out_buckets"",""labels"":[""leq""],""label_values"":[""10""],""value"":17.0}",1790171974530656720,1790171974530656720_22fd7721,target_acquisition,unknown,,/opt/zeek/logs/current/telemetry.log,search_man,,detect,search_man,
2026-09-23T13:59:34.530Z,1790171974530,"{""ts"":1790084856.068081,""peer"":""zeek"",""metric_type"":""gauge"",""name"":""zeek_msgthread_pending_messages_out_buckets"",""labels"":[""leq""],""label_values"":[""100""],""value"":17.0}",1790171974530644321,1790171974530644321_b482493,target_acquisition,unknown,,/opt/zeek/logs/current/telemetry.log,search_man,,detect,search_man,
2026-09-23T13:59:34.530Z,1790171974530,"{""ts"":1790084856.068081,""peer"":""zeek"",""metric_type"":""gauge"",""name"":""zeek_msgthread_pending_messages_out_buckets"",""labels"":[""leq""],""label_values"":[""1000""],""value"":17.0}",1790171974530634751,1790171974530634751_1d17bc99,target_acquisition,unknown,,/opt/zeek/logs/current/telemetry.log,search_man,,detect,search_man,
2026-09-23T13:59:34.530Z,1790171974530,"{""ts"":1790084856.068081,""peer"":""zeek"",""metric_type"":""gauge"",""name"":""zeek_msgthread_pending_messages_out_buckets"",""labels"":[""leq""],""label_values"":[""10000""],""value"":17.0}",1790171974530629777,1790171974530629777_ef6d11fb,target_acquisition,unknown,,/opt/zeek/logs/current/telemetry.log,search_man,,detect,search_man,
2026-09-23T13:59:34.530Z,1790171974530,"{""ts"":1790084856.068081,""peer"":""zeek"",""metric_type"":""gauge"",""name"":""zeek_msgthread_pending_messages_out_buckets"",""labels"":[""leq""],""label_values"":[""inf""],""value"":17.0}",1790171974530540492,1790171974530540492_1980873,target_acquisition,unknown,,/opt/zeek/logs/current/telemetry.log,search_man,,detect,search_man,
2026-09-23T13:59:34.530Z,1790171974530,"{""ts"":1790084856.068081,""peer"":""zeek"",""metric_type"":""gauge"",""name"":""zeek_msgthread_pending_messages_in_buckets"",""labels"":[""leq""],""label_values"":[""1""],""value"":17.0}",1790171974530524704,1790171974530524704_969ec4ac,target_acquisition,unknown,,/opt/zeek/logs/current/telemetry.log,search_man,,detect,search_man,
2026-09-23T13:59:34.530Z,1790171974530,"{""ts"":1790084856.068081,""peer"":""zeek"",""metric_type"":""gauge"",""name"":""zeek_msgthread_pending_messages_in_buckets"",""labels"":[""leq""],""label_values"":[""10""],""value"":17.0}",1790171974530511828,1790171974530511828_e34bb2b8,target_acquisition,unknown,,/opt/zeek/logs/current/telemetry.log,search_man,,detect,search_man,
2026-09-23T13:59:34.530Z,1790171974530,"{""ts"":1790084856.068081,""peer"":""zeek"",""metric_type"":""gauge"",""name"":""zeek_msgthread_pending_messages_in_buckets"",""labels"":[""leq""],""label_values"":[""100""],""value"":17.0}",1790171974530501904,1790171974530501904_87ef7dbc,target_acquisition,unknown,,/opt/zeek/logs/current/telemetry.log,search_man,,detect,search_man,
2026-09-23T13:59:34.530Z,1790171974530,"{""ts"":1790084856.068081,""peer"":""zeek"",""metric_type"":""gauge"",""name"":""zeek_msgthread_pending_messages_in_buckets"",""labels"":[""leq""],""label_values"":[""1000""],""value"":17.0}",1790171974530496756,1790171974530496756_7b05ac48,target_acquisition,unknown,,/opt/zeek/logs/current/telemetry.log,search_man,,detect,search_man,
2026-09-23T13:59:34.530Z,1790171974530,"{""ts"":1790084856.068081,""peer"":""zeek"",""metric_type"":""gauge"",""name"":""zeek_msgthread_pending_messages_in_buckets"",""labels"":[""leq""],""label_values"":[""10000""],""value"":17.0}",1790171974530423956,1790171974530423956_de301f8c,target_acquisition,unknown,,/opt/zeek/logs/current/telemetry.log,search_man,,detect,search_man,
2026-09-23T13:59:34.530Z,1790171974530,"{""ts"":1790084856.068081,""peer"":""zeek"",""metric_type"":""gauge"",""name"":""zeek_msgthread_pending_messages_in_buckets"",""labels"":[""leq""],""label_values"":[""inf""],""value"":17.0}",1790171974530399335,1790171974530399335_fcb0fb8,target_acquisition,unknown,,/opt/zeek/logs/current/telemetry.log,search_man,,detect,search_man,
2026-09-23T13:59:34.530Z,1790171974530,"{""ts"":1790084856.068081,""peer"":""zeek"",""metric_type"":""gauge"",""name"":""zeek_msgthread_pending_out_messages"",""labels"":[],""label_values"":[],""value"":0.0}",1790171974530386571,1790171974530386571_9009805e,target_acquisition,unknown,,/opt/zeek/logs/current/telemetry.log,search_man,,detect,search_man,
2026-09-23T13:59:34.530Z,1790171974530,"{""ts"":1790084856.068081,""peer"":""zeek"",""metric_type"":""gauge"",""name"":""zeek_msgthread_pending_in_messages"",""labels"":[],""label_values"":[],""value"":0.0}",1790171974530376841,1790171974530376841_379372d3,target_acquisition,unknown,,/opt/zeek/logs/current/telemetry.log,search_man,,detect,search_man,
2026-09-23T13:59:34.530Z,1790171974530,"{""ts"":1790084856.068081,""peer"":""zeek"",""metric_type"":""gauge"",""name"":""zeek_msgthread_active_threads"",""labels"":[],""label_values"":[],""value"":17.0}",1790171974530371647,1790171974530371647_46af7089,target_acquisition,unknown,,/opt/zeek/logs/current/telemetry.log,search_man,,detect,search_man,
2026-09-23T13:59:34.530Z,1790171974530,"{""ts"":1790084856.068081,""peer"":""zeek"",""metric_type"":""gauge"",""name"":""zeek_net_timestamp_seconds"",""labels"":[],""label_values"":[],""value"":1790084856.068081}",1790171974530283054,1790171974530283054_a3d2a5d6,target_acquisition,unknown,,/opt/zeek/logs/current/telemetry.log,search_man,,detect,search_man,
2026-09-23T13:59:34.530Z,1790171974530,"{""ts"":1790084856.068081,""peer"":""zeek"",""metric_type"":""gauge"",""name"":""zeek_net_packet_lag_seconds"",""labels"":[],""label_values"":[],""value"":4.251252174377441}",1790171974530267705,1790171974530267705_7b598f4f,target_acquisition,unknown,,/opt/zeek/logs/current/telemetry.log,search_man,,detect,search_man,
2026-09-23T13:59:34.530Z,1790171974530,"{""ts"":1790084856.068081,""peer"":""zeek"",""metric_type"":""gauge"",""name"":""zeek_version_info"",""labels"":[""beta"",""commit"",""debug"",""major"",""minor"",""patch"",""version_number"",""version_string""],""label_values"":[""false"",""0"",""false"",""8"",""2"",""2"",""80202"",""8.2.2""],""value"":1.0}",1790171974530255082,1790171974530255082_a73f4d78,target_acquisition,debug,,/opt/zeek/logs/current/telemetry.log,search_man,,detect,search_man,
2026-09-23T13:59:34.530Z,1790171974530,"{""ts"":1790084856.068081,""peer"":""zeek"",""metric_type"":""counter"",""name"":""zeek_total_sessions_total"",""labels"":[""protocol""],""label_values"":[""tcp""],""value"":775.0}",1790171974530242091,1790171974530242091_5632d7db,target_acquisition,unknown,,/opt/zeek/logs/current/telemetry.log,search_man,,detect,search_man,
2026-09-23T13:59:34.530Z,1790171974530,"{""ts"":1790084856.068081,""peer"":""zeek"",""metric_type"":""counter"",""name"":""zeek_total_sessions_total"",""labels"":[""protocol""],""label_values"":[""udp""],""value"":1611.0}",1790171974530168773,1790171974530168773_d8b3b4bb,target_acquisition,unknown,,/opt/zeek/logs/current/telemetry.log,search_man,,detect,search_man,
2026-09-23T13:59:34.530Z,1790171974530,"{""ts"":1790084856.068081,""peer"":""zeek"",""metric_type"":""counter"",""name"":""zeek_total_sessions_total"",""labels"":[""protocol""],""label_values"":[""icmp""],""value"":409.0}",1790171974530164214,1790171974530164214_729884b5,target_acquisition,unknown,,/opt/zeek/logs/current/telemetry.log,search_man,,detect,search_man,
2026-09-23T13:59:34.530Z,1790171974530,"{""ts"":1790084856.068081,""peer"":""zeek"",""metric_type"":""counter"",""name"":""zeek_cluster_zeromq_proxy_backend_bytes_sent_total"",""labels"":[],""label_values"":[],""value"":0.0}",1790171974530085421,1790171974530085421_e9f8fac9,target_acquisition,unknown,,/opt/zeek/logs/current/telemetry.log,search_man,,detect,search_man,
2026-09-23T13:59:34.530Z,1790171974530,"{""ts"":1790084856.068081,""peer"":""zeek"",""metric_type"":""counter"",""name"":""zeek_cluster_zeromq_proxy_backend_messages_sent_total"",""labels"":[],""label_values"":[],""value"":0.0}",1790171974530080586,1790171974530080586_1997c472,target_acquisition,unknown,,/opt/zeek/logs/current/telemetry.log,search_man,,detect,search_man,
2026-09-23T13:59:34.529Z,1790171974529,"{""ts"":1790084856.068081,""peer"":""zeek"",""metric_type"":""counter"",""name"":""zeek_cluster_zeromq_proxy_backend_bytes_received_total"",""labels"":[],""label_values"":[],""value"":52.0}",1790171974529963164,1790171974529963164_82de0479,target_acquisition,unknown,,/opt/zeek/logs/current/telemetry.log,search_man,,detect,search_man,
2026-09-23T13:59:34.529Z,1790171974529,"{""ts"":1790084856.068081,""peer"":""zeek"",""metric_type"":""counter"",""name"":""zeek_cluster_zeromq_proxy_backend_messages_received_total"",""labels"":[],""label_values"":[],""value"":3.0}",1790171974529958514,1790171974529958514_71d8dd90,target_acquisition,unknown,,/opt/zeek/logs/current/telemetry.log,search_man,,detect,search_man,
2026-09-23T13:59:34.529Z,1790171974529,"{""ts"":1790084856.068081,""peer"":""zeek"",""metric_type"":""counter"",""name"":""zeek_cluster_zeromq_proxy_frontend_bytes_sent_total"",""labels"":[],""label_values"":[],""value"":52.0}",1790171974529893493,1790171974529893493_61f59106,target_acquisition,unknown,,/opt/zeek/logs/current/telemetry.log,search_man,,detect,search_man,
2026-09-23T13:59:34.529Z,1790171974529,"{""ts"":1790084856.068081,""peer"":""zeek"",""metric_type"":""counter"",""name"":""zeek_cluster_zeromq_proxy_frontend_messages_sent_total"",""labels"":[],""label_values"":[],""value"":3.0}",1790171974529838797,1790171974529838797_5e56bf15,target_acquisition,unknown,,/opt/zeek/logs/current/telemetry.log,search_man,,detect,search_man,
2026-09-23T13:59:34.529Z,1790171974529,"{""ts"":1790084856.068081,""peer"":""zeek"",""metric_type"":""counter"",""name"":""zeek_cluster_zeromq_proxy_frontend_bytes_received_total"",""labels"":[],""label_values"":[],""value"":0.0}",1790171974529828343,1790171974529828343_d60add80,target_acquisition,unknown,,/opt/zeek/logs/current/telemetry.log,search_man,,detect,search_man,
2026-09-23T13:59:34.529Z,1790171974529,"{""ts"":1790084856.068081,""peer"":""zeek"",""metric_type"":""counter"",""name"":""zeek_cluster_zeromq_proxy_frontend_messages_received_total"",""labels"":[],""label_values"":[],""value"":0.0}",1790171974529823481,1790171974529823481_47257537,target_acquisition,unknown,,/opt/zeek/logs/current/telemetry.log,search_man,,detect,search_man,
2026-09-23T13:59:34.529Z,1790171974529,"{""ts"":1790084856.068081,""peer"":""zeek"",""metric_type"":""counter"",""name"":""zeek_event_handler_invocations_total"",""labels"":[""name""],""label_values"":[""x509_ocsp_ext_signed_certificate_timestamp""],""value"":15.0}",1790171974529720034,1790171974529720034_3c8b8a37,target_acquisition,unknown,,/opt/zeek/logs/current/telemetry.log,search_man,,detect,search_man,
2026-09-23T13:59:34.529Z,1790171974529,"{""ts"":1790084856.068081,""peer"":""zeek"",""metric_type"":""counter"",""name"":""zeek_event_handler_invocations_total"",""labels"":[""name""],""label_values"":[""file_hash""],""value"":45.0}",1790171974529672035,1790171974529672035_8a4eb9d3,target_acquisition,unknown,,/opt/zeek/logs/current/telemetry.log,search_man,,detect,search_man,
2026-09-23T13:59:34.529Z,1790171974529,"{""ts"":1790084856.068081,""peer"":""zeek"",""metric_type"":""counter"",""name"":""zeek_event_handler_invocations_total"",""labels"":[""name""],""label_values"":[""x509_certificate""],""value"":15.0}",1790171974529655682,1790171974529655682_5c6b29e5,target_acquisition,unknown,,/opt/zeek/logs/current/telemetry.log,search_man,,detect,search_man,
2026-09-23T13:59:34.529Z,1790171974529,"{""ts"":1790084856.068081,""peer"":""zeek"",""metric_type"":""counter"",""name"":""zeek_event_handler_invocations_total"",""labels"":[""name""],""label_values"":[""ntp_message""],""value"":8.0}",1790171974529575313,1790171974529575313_a67fa38d,target_acquisition,unknown,,/opt/zeek/logs/current/telemetry.log,search_man,,detect,search_man,
2026-09-23T13:59:34.529Z,1790171974529,"{""ts"":1790084856.068081,""peer"":""zeek"",""metric_type"":""counter"",""name"":""zeek_event_handler_invocations_total"",""labels"":[""name""],""label_values"":[""QUIC::zero_rtt_packet""],""value"":164.0}",1790171974529570062,1790171974529570062_c27930e6,target_acquisition,unknown,,/opt/zeek/logs/current/telemetry.log,search_man,,detect,search_man,
2026-09-23T13:59:34.529Z,1790171974529,"{""ts"":1790084856.068081,""peer"":""zeek"",""metric_type"":""counter"",""name"":""zeek_event_handler_invocations_total"",""labels"":[""name""],""label_values"":[""ssl_plaintext_data""],""value"":976.0}",1790171974529443859,1790171974529443859_4fc094ca,target_acquisition,unknown,,/opt/zeek/logs/current/telemetry.log,search_man,,detect,search_man,
2026-09-23T13:59:34.529Z,1790171974529,"{""ts"":1790084856.068081,""peer"":""zeek"",""metric_type"":""counter"",""name"":""zeek_event_handler_invocations_total"",""labels"":[""name""],""label_values"":[""file_sniff""],""value"":15.0}",1790171974529417320,1790171974529417320_87424b2c,target_acquisition,unknown,,/opt/zeek/logs/current/telemetry.log,search_man,,detect,search_man,
2026-09-23T13:59:34.529Z,1790171974529,"{""ts"":1790084856.068081,""peer"":""zeek"",""metric_type"":""counter"",""name"":""zeek_event_handler_invocations_total"",""labels"":[""name""],""label_values"":[""file_over_new_connection""],""value"":15.0}",1790171974529359907,1790171974529359907_9ebeb94,target_acquisition,unknown,,/opt/zeek/logs/current/telemetry.log,search_man,,detect,search_man,
2026-09-23T13:59:34.529Z,1790171974529,"{""ts"":1790084856.068081,""peer"":""zeek"",""metric_type"":""counter"",""name"":""zeek_event_handler_invocations_total"",""labels"":[""name""],""label_values"":[""x509_extension""],""value"":125.0}",1790171974529353690,1790171974529353690_510cebed,target_acquisition,unknown,,/opt/zeek/logs/current/telemetry.log,search_man,,detect,search_man,
2026-09-23T13:59:34.529Z,1790171974529,"{""ts"":1790084856.068081,""peer"":""zeek"",""metric_type"":""counter"",""name"":""zeek_event_handler_invocations_total"",""labels"":[""name""],""label_values"":[""file_new""],""value"":15.0}",1790171974529181943,1790171974529181943_97738752,target_acquisition,unknown,,/opt/zeek/logs/current/telemetry.log,search_man,,detect,search_man,
2026-09-23T13:59:34.529Z,1790171974529,"{""ts"":1790084856.068081,""peer"":""zeek"",""metric_type"":""counter"",""name"":""zeek_event_handler_invocations_total"",""labels"":[""name""],""label_values"":[""ssl_ecdh_server_params""],""value"":5.0}",1790171974529166644,1790171974529166644_e0ea4386,target_acquisition,unknown,,/opt/zeek/logs/current/telemetry.log,search_man,,detect,search_man,
2026-09-23T13:59:34.529Z,1790171974529,"{""ts"":1790084856.068081,""peer"":""zeek"",""metric_type"":""counter"",""name"":""zeek_event_handler_invocations_total"",""labels"":[""name""],""label_values"":[""ssl_extension_application_layer_protocol_negotiation""],""value"":288.0}",1790171974529153574,1790171974529153574_6bb8554d,target_acquisition,unknown,,/opt/zeek/logs/current/telemetry.log,search_man,,detect,search_man,
2026-09-23T13:59:34.529Z,1790171974529,"{""ts"":1790084856.068081,""peer"":""zeek"",""metric_type"":""counter"",""name"":""zeek_event_handler_invocations_total"",""labels"":[""name""],""label_values"":[""file_state_remove""],""value"":15.0}",1790171974529143046,1790171974529143046_45e1fd76,target_acquisition,unknown,,/opt/zeek/logs/current/telemetry.log,search_man,,detect,search_man,
2026-09-23T13:59:34.529Z,1790171974529,"{""ts"":1790084856.068081,""peer"":""zeek"",""metric_type"":""counter"",""name"":""zeek_event_handler_invocations_total"",""labels"":[""name""],""label_values"":[""dns_message""],""value"":45766.0}",1790171974529138016,1790171974529138016_4a152186,target_acquisition,unknown,,/opt/zeek/logs/current/telemetry.log,search_man,,detect,search_man,
2026-09-23T13:59:34.529Z,1790171974529,"{""ts"":1790084856.068081,""peer"":""zeek"",""metric_type"":""counter"",""name"":""zeek_event_handler_invocations_total"",""labels"":[""name""],""label_values"":[""ssl_established""],""value"":171.0}",1790171974529049440,1790171974529049440_8dd862f,target_acquisition,unknown,,/opt/zeek/logs/current/telemetry.log,search_man,,detect,search_man,
2026-09-23T13:59:34.529Z,1790171974529,"{""ts"":1790084856.068081,""peer"":""zeek"",""metric_type"":""counter"",""name"":""zeek_event_handler_invocations_total"",""labels"":[""name""],""label_values"":[""dns_AAAA_reply""],""value"":74457.0}",1790171974529034045,1790171974529034045_c409d557,target_acquisition,unknown,,/opt/zeek/logs/current/telemetry.log,search_man,,detect,search_man,
2026-09-23T13:59:34.529Z,1790171974529,"{""ts"":1790084856.068081,""peer"":""zeek"",""metric_type"":""counter"",""name"":""zeek_event_handler_invocations_total"",""labels"":[""name""],""label_values"":[""ssl_change_cipher_spec""],""value"":350.0}",1790171974529021304,1790171974529021304_7b206d24,target_acquisition,unknown,,/opt/zeek/logs/current/telemetry.log,search_man,,detect,search_man,
2026-09-23T13:59:34.529Z,1790171974529,"{""ts"":1790084856.068081,""peer"":""zeek"",""metric_type"":""counter"",""name"":""zeek_event_handler_invocations_total"",""labels"":[""name""],""label_values"":[""dhcp_message""],""value"":25.0}",1790171974529011796,1790171974529011796_d5d31d37,target_acquisition,unknown,,/opt/zeek/logs/current/telemetry.log,search_man,,detect,search_man,
2026-09-23T13:59:34.529Z,1790171974529,"{""ts"":1790084856.068081,""peer"":""zeek"",""metric_type"":""counter"",""name"":""zeek_event_handler_invocations_total"",""labels"":[""name""],""label_values"":[""ssl_client_hello""],""value"":301.0}",1790171974529007061,1790171974529007061_b0f10482,target_acquisition,unknown,,/opt/zeek/logs/current/telemetry.log,search_man,,detect,search_man,
2026-09-23T13:59:34.528Z,1790171974528,"{""ts"":1790084856.068081,""peer"":""zeek"",""metric_type"":""counter"",""name"":""zeek_event_handler_invocations_total"",""labels"":[""name""],""label_values"":[""zeek_init""],""value"":1.0}",1790171974528925987,1790171974528925987_821057d2,target_acquisition,unknown,,/opt/zeek/logs/current/telemetry.log,search_man,,detect,search_man,
2026-09-23T13:59:34.528Z,1790171974528,"{""ts"":1790084856.068081,""peer"":""zeek"",""metric_type"":""counter"",""name"":""zeek_event_handler_invocations_total"",""labels"":[""name""],""label_values"":[""ssl_extension_server_name""],""value"":301.0}",1790171974528910529,1790171974528910529_b3956c69,target_acquisition,unknown,,/opt/zeek/logs/current/telemetry.log,search_man,,detect,search_man,
2026-09-23T13:59:34.528Z,1790171974528,"{""ts"":1790084856.068081,""peer"":""zeek"",""metric_type"":""counter"",""name"":""zeek_event_handler_invocations_total"",""labels"":[""name""],""label_values"":[""known_host_add""],""value"":1.0}",1790171974528898184,1790171974528898184_f7ecb772,target_acquisition,unknown,,/opt/zeek/logs/current/telemetry.log,search_man,,detect,search_man,
2026-09-23T13:59:34.528Z,1790171974528,"{""ts"":1790084856.068081,""peer"":""zeek"",""metric_type"":""counter"",""name"":""zeek_event_handler_invocations_total"",""labels"":[""name""],""label_values"":[""SumStats::finish_epoch""],""value"":3.0}",1790171974528888681,1790171974528888681_31e1649f,target_acquisition,unknown,,/opt/zeek/logs/current/telemetry.log,search_man,,detect,search_man,
2026-09-23T13:59:34.528Z,1790171974528,"{""ts"":1790084856.068081,""peer"":""zeek"",""metric_type"":""counter"",""name"":""zeek_event_handler_invocations_total"",""labels"":[""name""],""label_values"":[""filter_change_tracking""],""value"":35.0}",1790171974528884146,1790171974528884146_f20ad3ae,target_acquisition,unknown,,/opt/zeek/logs/current/telemetry.log,search_man,,detect,search_man,
2026-09-23T13:59:34.528Z,1790171974528,"{""ts"":1790084856.068081,""peer"":""zeek"",""metric_type"":""counter"",""name"":""zeek_event_handler_invocations_total"",""labels"":[""name""],""label_values"":[""QUIC::short_header_packet_threshold_crossed""],""value"":1166.0}",1790171974528816320,1790171974528816320_d7420af0,target_acquisition,unknown,,/opt/zeek/logs/current/telemetry.log,search_man,,detect,search_man,
2026-09-23T13:59:34.528Z,1790171974528,"{""ts"":1790084856.068081,""peer"":""zeek"",""metric_type"":""counter"",""name"":""zeek_event_handler_invocations_total"",""labels"":[""name""],""label_values"":[""Known::host_found""],""value"":187.0}",1790171974528800898,1790171974528800898_d6991bd7,target_acquisition,unknown,,/opt/zeek/logs/current/telemetry.log,search_man,,detect,search_man,
2026-09-23T13:59:34.528Z,1790171974528,"{""ts"":1790084856.068081,""peer"":""zeek"",""metric_type"":""counter"",""name"":""zeek_event_handler_invocations_total"",""labels"":[""name""],""label_values"":[""TrimTraceFile::go""],""value"":1.0}",1790171974528788523,1790171974528788523_2f6f99c1,target_acquisition,unknown,,/opt/zeek/logs/current/telemetry.log,search_man,,detect,search_man,
2026-09-23T13:59:34.528Z,1790171974528,"{""ts"":1790084856.068081,""peer"":""zeek"",""metric_type"":""counter"",""name"":""zeek_event_handler_invocations_total"",""labels"":[""name""],""label_values"":[""zeek_script_loaded""],""value"":559.0}",1790171974528777332,1790171974528777332_e89af8af,target_acquisition,unknown,,/opt/zeek/logs/current/telemetry.log,search_man,,detect,search_man,
2026-09-23T13:59:34.528Z,1790171974528,"{""ts"":1790084856.068081,""peer"":""zeek"",""metric_type"":""counter"",""name"":""zeek_event_handler_invocations_total"",""labels"":[""name""],""label_values"":[""dns_SRV_reply""],""value"":24619.0}",1790171974528764753,1790171974528764753_9ecb317,target_acquisition,unknown,,/opt/zeek/logs/current/telemetry.log,search_man,,detect,search_man,
2026-09-23T13:59:34.528Z,1790171974528,"{""ts"":1790084856.068081,""peer"":""zeek"",""metric_type"":""counter"",""name"":""zeek_event_handler_invocations_total"",""labels"":[""name""],""label_values"":[""ssl_extension_key_share""],""value"":596.0}",1790171974528695760,1790171974528695760_6a90e32f,target_acquisition,unknown,,/opt/zeek/logs/current/telemetry.log,search_man,,detect,search_man,
2026-09-23T13:59:34.528Z,1790171974528,"{""ts"":1790084856.068081,""peer"":""zeek"",""metric_type"":""counter"",""name"":""zeek_event_handler_invocations_total"",""labels"":[""name""],""label_values"":[""new_connection""],""value"":2795.0}",1790171974528680636,1790171974528680636_1e664c8b,target_acquisition,unknown,,/opt/zeek/logs/current/telemetry.log,search_man,,detect,search_man,
2026-09-23T13:59:34.528Z,1790171974528,"{""ts"":1790084856.068081,""peer"":""zeek"",""metric_type"":""counter"",""name"":""zeek_event_handler_invocations_total"",""labels"":[""name""],""label_values"":[""known_service_add""],""value"":3.0}",1790171974528667247,1790171974528667247_a3d22949,target_acquisition,unknown,,/opt/zeek/logs/current/telemetry.log,search_man,,detect,search_man,
2026-09-23T13:59:34.528Z,1790171974528,"{""ts"":1790084856.068081,""peer"":""zeek"",""metric_type"":""counter"",""name"":""zeek_event_handler_invocations_total"",""labels"":[""name""],""label_values"":[""dns_CNAME_reply""],""value"":226.0}",1790171974528657844,1790171974528657844_f870c726,target_acquisition,unknown,,/opt/zeek/logs/current/telemetry.log,search_man,,detect,search_man,
2026-09-23T13:59:34.528Z,1790171974528,"{""ts"":1790084856.068081,""peer"":""zeek"",""metric_type"":""counter"",""name"":""zeek_event_handler_invocations_total"",""labels"":[""name""],""label_values"":[""connection_established""],""value"":187.0}",1790171974528653301,1790171974528653301_c9909ed8,target_acquisition,unknown,,/opt/zeek/logs/current/telemetry.log,search_man,,detect,search_man,
2026-09-23T13:59:34.528Z,1790171974528,"{""ts"":1790084856.068081,""peer"":""zeek"",""metric_type"":""counter"",""name"":""zeek_event_handler_invocations_total"",""labels"":[""name""],""label_values"":[""analyzer_confirmation_info""],""value"":1671.0}",1790171974528583939,1790171974528583939_ced99d79,target_acquisition,unknown,,/opt/zeek/logs/current/telemetry.log,search_man,,detect,search_man,
2026-09-23T13:59:34.528Z,1790171974528,"{""ts"":1790084856.068081,""peer"":""zeek"",""metric_type"":""counter"",""name"":""zeek_event_handler_invocations_total"",""labels"":[""name""],""label_values"":[""service_info_commit""],""value"":694.0}",1790171974528568756,1790171974528568756_1431232,target_acquisition,unknown,,/opt/zeek/logs/current/telemetry.log,search_man,,detect,search_man,
2026-09-23T13:59:34.528Z,1790171974528,"{""ts"":1790084856.068081,""peer"":""zeek"",""metric_type"":""counter"",""name"":""zeek_event_handler_invocations_total"",""labels"":[""name""],""label_values"":[""ssl_extension_supported_versions""],""value"":596.0}",1790171974528556272,1790171974528556272_863f7314,target_acquisition,unknown,,/opt/zeek/logs/current/telemetry.log,search_man,,detect,search_man,
2026-09-23T13:59:34.528Z,1790171974528,"{""ts"":1790084856.068081,""peer"":""zeek"",""metric_type"":""counter"",""name"":""zeek_event_handler_invocations_total"",""labels"":[""name""],""label_values"":[""net_stats_update""],""value"":34.0}",1790171974528546813,1790171974528546813_5fd68a7b,target_acquisition,unknown,,/opt/zeek/logs/current/telemetry.log,search_man,,detect,search_man,
2026-09-23T13:59:34.528Z,1790171974528,"{""ts"":1790084856.068081,""peer"":""zeek"",""metric_type"":""counter"",""name"":""zeek_event_handler_invocations_total"",""labels"":[""name""],""label_values"":[""CaptureLoss::take_measurement""],""value"":13.0}",1790171974528542405,1790171974528542405_16527fe8,target_acquisition,unknown,,/opt/zeek/logs/current/telemetry.log,search_man,,detect,search_man,
2026-09-23T13:59:34.528Z,1790171974528,"{""ts"":1790084856.068081,""peer"":""zeek"",""metric_type"":""counter"",""name"":""zeek_event_handler_invocations_total"",""labels"":[""name""],""label_values"":[""x509_ext_subject_alternative_name""],""value"":5.0}",1790171974528475672,1790171974528475672_b466c6e3,target_acquisition,unknown,,/opt/zeek/logs/current/telemetry.log,search_man,,detect,search_man,
2026-09-23T13:59:34.528Z,1790171974528,"{""ts"":1790084856.068081,""peer"":""zeek"",""metric_type"":""counter"",""name"":""zeek_event_handler_invocations_total"",""labels"":[""name""],""label_values"":[""dns_end""],""value"":45766.0}",1790171974528460580,1790171974528460580_b4956094,target_acquisition,unknown,,/opt/zeek/logs/current/telemetry.log,search_man,,detect,search_man,
2026-09-23T13:59:34.528Z,1790171974528,"{""ts"":1790084856.068081,""peer"":""zeek"",""metric_type"":""counter"",""name"":""zeek_event_handler_invocations_total"",""labels"":[""name""],""label_values"":[""dns_PTR_reply""],""value"":150191.0}",1790171974528447589,1790171974528447589_784917ad,target_acquisition,unknown,,/opt/zeek/logs/current/telemetry.log,search_man,,detect,search_man,
2026-09-23T13:59:34.528Z,1790171974528,"{""ts"":1790084856.068081,""peer"":""zeek"",""metric_type"":""counter"",""name"":""zeek_event_handler_invocations_total"",""labels"":[""name""],""label_values"":[""check_stats""],""value"":34.0}",1790171974528438328,1790171974528438328_58363874,target_acquisition,unknown,,/opt/zeek/logs/current/telemetry.log,search_man,,detect,search_man,
2026-09-23T13:59:34.528Z,1790171974528,"{""ts"":1790084856.068081,""peer"":""zeek"",""metric_type"":""counter"",""name"":""zeek_event_handler_invocations_total"",""labels"":[""name""],""label_values"":[""Cluster::Backend::ZeroMQ::subscription""],""value"":3.0}",1790171974528433808,1790171974528433808_9b7738af,target_acquisition,unknown,,/opt/zeek/logs/current/telemetry.log,search_man,,detect,search_man,
2026-09-23T13:59:34.528Z,1790171974528,"{""ts"":1790084856.068081,""peer"":""zeek"",""metric_type"":""counter"",""name"":""zeek_event_handler_invocations_total"",""labels"":[""name""],""label_values"":[""Broker::log_flush""],""value"":9630.0}",1790171974528364836,1790171974528364836_5c385fb5,target_acquisition,unknown,,/opt/zeek/logs/current/telemetry.log,search_man,,detect,search_man,
2026-09-23T13:59:34.528Z,1790171974528,"{""ts"":1790084856.068081,""peer"":""zeek"",""metric_type"":""counter"",""name"":""zeek_event_handler_invocations_total"",""labels"":[""name""],""label_values"":[""dns_rejected""],""value"":346.0}",1790171974528349443,1790171974528349443_8f000186,target_acquisition,unknown,,/opt/zeek/logs/current/telemetry.log,search_man,,detect,search_man,
2026-09-23T13:59:34.528Z,1790171974528,"{""ts"":1790084856.068081,""peer"":""zeek"",""metric_type"":""counter"",""name"":""zeek_event_handler_invocations_total"",""labels"":[""name""],""label_values"":[""ssl_extension""],""value"":5386.0}",1790171974528337545,1790171974528337545_9990cdab,target_acquisition,unknown,,/opt/zeek/logs/current/telemetry.log,search_man,,detect,search_man,
2026-09-23T13:59:34.528Z,1790171974528,"{""ts"":1790084856.068081,""peer"":""zeek"",""metric_type"":""counter"",""name"":""zeek_event_handler_invocations_total"",""labels"":[""name""],""label_values"":[""NetControl::init""],""value"":1.0}",1790171974528327875,1790171974528327875_f65239e,target_acquisition,unknown,,/opt/zeek/logs/current/telemetry.log,search_man,,detect,search_man,
2026-09-23T13:59:34.528Z,1790171974528,"{""ts"":1790084856.068081,""peer"":""zeek"",""metric_type"":""counter"",""name"":""zeek_event_handler_invocations_total"",""labels"":[""name""],""label_values"":[""Telemetry::log""],""value"":168.0}",1790171974528323414,1790171974528323414_f3f3f587,target_acquisition,unknown,,/opt/zeek/logs/current/telemetry.log,search_man,,detect,search_man,
2026-09-23T13:59:34.528Z,1790171974528,"{""ts"":1790084856.068081,""peer"":""zeek"",""metric_type"":""counter"",""name"":""zeek_event_handler_invocations_total"",""labels"":[""name""],""label_values"":[""ssl_server_hello""],""value"":300.0}",1790171974528251607,1790171974528251607_ae4a0aef,target_acquisition,unknown,,/opt/zeek/logs/current/telemetry.log,search_man,,detect,search_man,
2026-09-23T13:59:34.528Z,1790171974528,"{""ts"":1790084856.068081,""peer"":""zeek"",""metric_type"":""counter"",""name"":""zeek_event_handler_invocations_total"",""labels"":[""name""],""label_values"":[""ChecksumOffloading::check""],""value"":2.0}",1790171974528227870,1790171974528227870_b5ec0c85,target_acquisition,unknown,,/opt/zeek/logs/current/telemetry.log,search_man,,detect,search_man,
2026-09-23T13:59:34.528Z,1790171974528,"{""ts"":1790084856.068081,""peer"":""zeek"",""metric_type"":""counter"",""name"":""zeek_event_handler_invocations_total"",""labels"":[""name""],""label_values"":[""QUIC::initial_packet""],""value"":1027.0}",1790171974528215441,1790171974528215441_5f466b8e,target_acquisition,unknown,,/opt/zeek/logs/current/telemetry.log,search_man,,detect,search_man,
2026-09-23T13:59:34.528Z,1790171974528,"{""ts"":1790084856.068081,""peer"":""zeek"",""metric_type"":""counter"",""name"":""zeek_event_handler_invocations_total"",""labels"":[""name""],""label_values"":[""dns_TXT_reply""],""value"":24619.0}",1790171974528206086,1790171974528206086_31e1e50c,target_acquisition,unknown,,/opt/zeek/logs/current/telemetry.log,search_man,,detect,search_man,
2026-09-23T13:59:34.528Z,1790171974528,"{""ts"":1790084856.068081,""peer"":""zeek"",""metric_type"":""counter"",""name"":""zeek_event_handler_invocations_total"",""labels"":[""name""],""label_values"":[""ssl_handshake_message""],""value"":626.0}",1790171974528201236,1790171974528201236_92de97c1,target_acquisition,unknown,,/opt/zeek/logs/current/telemetry.log,search_man,,detect,search_man,
2026-09-23T13:59:34.528Z,1790171974528,"{""ts"":1790084856.068081,""peer"":""zeek"",""metric_type"":""counter"",""name"":""zeek_event_handler_invocations_total"",""labels"":[""name""],""label_values"":[""grab_vulnerable_versions""],""value"":4.0}",1790171974528133404,1790171974528133404_7f187dc2,target_acquisition,unknown,,/opt/zeek/logs/current/telemetry.log,search_man,,detect,search_man,
2026-09-23T13:59:34.528Z,1790171974528,"{""ts"":1790084856.068081,""peer"":""zeek"",""metric_type"":""counter"",""name"":""zeek_event_handler_invocations_total"",""labels"":[""name""],""label_values"":[""Cluster::Backend::ZeroMQ::monitoring_event""],""value"":6.0}",1790171974528118321,1790171974528118321_cf428526,target_acquisition,unknown,,/opt/zeek/logs/current/telemetry.log,search_man,,detect,search_man,
2026-09-23T13:59:34.528Z,1790171974528,"{""ts"":1790084856.068081,""peer"":""zeek"",""metric_type"":""counter"",""name"":""zeek_event_handler_invocations_total"",""labels"":[""name""],""label_values"":[""dns_A_reply""],""value"":9125.0}",1790171974528105701,1790171974528105701_3a6dc864,target_acquisition,unknown,,/opt/zeek/logs/current/telemetry.log,search_man,,detect,search_man,
2026-09-23T13:59:34.528Z,1790171974528,"{""ts"":1790084856.068081,""peer"":""zeek"",""metric_type"":""counter"",""name"":""zeek_event_handler_invocations_total"",""labels"":[""name""],""label_values"":[""content_gap""],""value"":4.0}",1790171974528096204,1790171974528096204_66b5b7d,target_acquisition,unknown,,/opt/zeek/logs/current/telemetry.log,search_man,,detect,search_man,
2026-09-23T13:59:34.528Z,1790171974528,"{""ts"":1790084856.068081,""peer"":""zeek"",""metric_type"":""counter"",""name"":""zeek_event_handler_invocations_total"",""labels"":[""name""],""label_values"":[""connection_state_remove""],""value"":2774.0}",1790171974528091852,1790171974528091852_692b050e,target_acquisition,unknown,,/opt/zeek/logs/current/telemetry.log,search_man,,detect,search_man,
2026-09-23T13:59:34.528Z,1790171974528,"{""ts"":1790084856.068081,""peer"":""zeek"",""metric_type"":""counter"",""name"":""zeek_event_handler_invocations_total"",""labels"":[""name""],""label_values"":[""dns_request""],""value"":69697.0}",1790171974528022803,1790171974528022803_45e2834b,target_acquisition,unknown,,/opt/zeek/logs/current/telemetry.log,search_man,,detect,search_man,
2026-09-23T13:59:34.528Z,1790171974528,"{""ts"":1790084856.068081,""peer"":""zeek"",""metric_type"":""counter"",""name"":""zeek_event_handler_invocations_total"",""labels"":[""name""],""label_values"":[""x509_ext_basic_constraints""],""value"":15.0}",1790171974528007222,1790171974528007222_2cea55db,target_acquisition,unknown,,/opt/zeek/logs/current/telemetry.log,search_man,,detect,search_man,
2026-09-23T13:59:34.527Z,1790171974527,"{""ts"":1790084856.068081,""peer"":""zeek"",""metric_type"":""counter"",""name"":""zeek_event_handler_invocations_total"",""labels"":[""name""],""label_values"":[""DHCP::aggregate_msgs""],""value"":25.0}",1790171974527991001,1790171974527991001_68440395,target_acquisition,unknown,,/opt/zeek/logs/current/telemetry.log,search_man,,detect,search_man,
2026-09-23T13:59:34.527Z,1790171974527,"{""ts"":1790084856.068081,""peer"":""zeek"",""metric_type"":""counter"",""name"":""zeek_event_handler_invocations_total"",""labels"":[""name""],""label_values"":[""QUIC::handshake_packet""],""value"":628.0}",1790171974527958896,1790171974527958896_f5907a35,target_acquisition,unknown,,/opt/zeek/logs/current/telemetry.log,search_man,,detect,search_man,
2026-09-23T13:59:34.527Z,1790171974527,"{""ts"":1790084856.068081,""peer"":""zeek"",""metric_type"":""counter"",""name"":""zeek_event_handler_invocations_total"",""labels"":[""name""],""label_values"":[""conn_weird""],""value"":31.0}",1790171974527954352,1790171974527954352_f790f7c7,target_acquisition,unknown,,/opt/zeek/logs/current/telemetry.log,search_man,,detect,search_man,
2026-09-23T13:59:34.527Z,1790171974527,"{""ts"":1790084856.068081,""peer"":""zeek"",""metric_type"":""counter"",""name"":""zeek_event_handler_invocations_total"",""labels"":[""name""],""label_values"":[""connection_flipped""],""value"":1.0}",1790171974527885383,1790171974527885383_3dec4afd,target_acquisition,unknown,,/opt/zeek/logs/current/telemetry.log,search_man,,detect,search_man,
2026-09-23T13:59:34.527Z,1790171974527,"{""ts"":1790084856.068081,""peer"":""zeek"",""metric_type"":""counter"",""name"":""zeek_event_handler_invocations_total"",""labels"":[""name""],""label_values"":[""QUIC::discarded_packet""],""value"":3.0}",1790171974527869979,1790171974527869979_c97c39fc,target_acquisition,unknown,,/opt/zeek/logs/current/telemetry.log,search_man,,detect,search_man,
2026-09-23T13:59:34.527Z,1790171974527,"{""ts"":1790084856.068081,""peer"":""zeek"",""metric_type"":""counter"",""name"":""zeek_ended_sessions_total"",""labels"":[""reason""],""label_values"":[""inactivity""],""value"":777.0}",1790171974527856796,1790171974527856796_e88d2b8a,target_acquisition,unknown,,/opt/zeek/logs/current/telemetry.log,search_man,,detect,search_man,
2026-09-23T13:59:34.527Z,1790171974527,"{""ts"":1790084856.068081,""peer"":""zeek"",""metric_type"":""counter"",""name"":""zeek_triggers_total"",""labels"":[],""label_values"":[],""value"":0.0}",1790171974527847069,1790171974527847069_5cb02a84,target_acquisition,unknown,,/opt/zeek/logs/current/telemetry.log,search_man,,detect,search_man,
2026-09-23T13:59:34.527Z,1790171974527,"{""ts"":1790084856.068081,""peer"":""zeek"",""metric_type"":""counter"",""name"":""zeek_dnsmgr_failed_requests_total"",""labels"":[],""label_values"":[],""value"":0.0}",1790171974527842152,1790171974527842152_329807b9,target_acquisition,unknown,,/opt/zeek/logs/current/telemetry.log,search_man,,detect,search_man,
2026-09-23T13:59:34.527Z,1790171974527,"{""ts"":1790084856.068081,""peer"":""zeek"",""metric_type"":""counter"",""name"":""zeek_dnsmgr_successful_requests_total"",""labels"":[],""label_values"":[],""value"":0.0}",1790171974527762542,1790171974527762542_c569e514,target_acquisition,unknown,,/opt/zeek/logs/current/telemetry.log,search_man,,detect,search_man,
2026-09-23T13:59:34.527Z,1790171974527,"{""ts"":1790084856.068081,""peer"":""zeek"",""metric_type"":""counter"",""name"":""zeek_dnsmgr_requests_total"",""labels"":[],""label_values"":[],""value"":0.0}",1790171974527726436,1790171974527726436_8b3dee09,target_acquisition,unknown,,/opt/zeek/logs/current/telemetry.log,search_man,,detect,search_man,
2026-09-23T13:59:34.527Z,1790171974527,"{""ts"":1790084856.068081,""peer"":""zeek"",""metric_type"":""counter"",""name"":""zeek_timers_total"",""labels"":[],""label_values"":[],""value"":80237.0}",1790171974527713642,1790171974527713642_94935dd3,target_acquisition,unknown,,/opt/zeek/logs/current/telemetry.log,search_man,,detect,search_man,
2026-09-23T13:59:34.527Z,1790171974527,"{""ts"":1790084856.068081,""peer"":""zeek"",""metric_type"":""counter"",""name"":""zeek_broker_outgoing_ids_total"",""labels"":[],""label_values"":[],""value"":0.0}",1790171974527703597,1790171974527703597_44a5bd16,target_acquisition,unknown,,/opt/zeek/logs/current/telemetry.log,search_man,,detect,search_man,
2026-09-23T13:59:34.527Z,1790171974527,"{""ts"":1790084856.068081,""peer"":""zeek"",""metric_type"":""counter"",""name"":""zeek_broker_incoming_ids_total"",""labels"":[],""label_values"":[],""value"":0.0}",1790171974527697569,1790171974527697569_b7d213fc,target_acquisition,unknown,,/opt/zeek/logs/current/telemetry.log,search_man,,detect,search_man,
2026-09-23T13:59:34.527Z,1790171974527,"{""ts"":1790084856.068081,""peer"":""zeek"",""metric_type"":""counter"",""name"":""zeek_broker_outgoing_logs_total"",""labels"":[],""label_values"":[],""value"":0.0}",1790171974527574922,1790171974527574922_8d8510f3,target_acquisition,unknown,,/opt/zeek/logs/current/telemetry.log,search_man,,detect,search_man,
2026-09-23T13:59:34.527Z,1790171974527,"{""ts"":1790084856.068081,""peer"":""zeek"",""metric_type"":""counter"",""name"":""zeek_broker_incoming_logs_total"",""labels"":[],""label_values"":[],""value"":0.0}",1790171974527559297,1790171974527559297_4836435d,target_acquisition,unknown,,/opt/zeek/logs/current/telemetry.log,search_man,,detect,search_man,
2026-09-23T13:59:34.527Z,1790171974527,"{""ts"":1790084856.068081,""peer"":""zeek"",""metric_type"":""counter"",""name"":""zeek_broker_outgoing_events_total"",""labels"":[],""label_values"":[],""value"":0.0}",1790171974527546736,1790171974527546736_209389d1,target_acquisition,unknown,,/opt/zeek/logs/current/telemetry.log,search_man,,detect,search_man,
2026-09-23T13:59:34.527Z,1790171974527,"{""ts"":1790084856.068081,""peer"":""zeek"",""metric_type"":""counter"",""name"":""zeek_broker_incoming_events_total"",""labels"":[],""label_values"":[],""value"":0.0}",1790171974527537071,1790171974527537071_b350ee43,target_acquisition,unknown,,/opt/zeek/logs/current/telemetry.log,search_man,,detect,search_man,
2026-09-23T13:59:34.527Z,1790171974527,"{""ts"":1790084856.068081,""peer"":""zeek"",""metric_type"":""counter"",""name"":""zeek_cluster_core_incoming_events_total"",""labels"":[],""label_values"":[],""value"":0.0}",1790171974527532233,1790171974527532233_90ca5e46,target_acquisition,unknown,,/opt/zeek/logs/current/telemetry.log,search_man,,detect,search_man,
2026-09-23T13:59:34.527Z,1790171974527,"{""ts"":1790084856.068081,""peer"":""zeek"",""metric_type"":""counter"",""name"":""zeek_cluster_core_outgoing_events_total"",""labels"":[],""label_values"":[],""value"":4.0}",1790171974527387456,1790171974527387456_177362d8,target_acquisition,unknown,,/opt/zeek/logs/current/telemetry.log,search_man,,detect,search_man,
2026-09-23T13:59:34.527Z,1790171974527,"{""ts"":1790084856.068081,""peer"":""zeek"",""metric_type"":""counter"",""name"":""zeek_cluster_zeromq_msg_errors_total"",""labels"":[],""label_values"":[],""value"":0.0}",1790171974527372490,1790171974527372490_de9460be,target_acquisition,unknown,,/opt/zeek/logs/current/telemetry.log,search_man,,detect,search_man,
2026-09-23T13:59:34.527Z,1790171974527,"{""ts"":1790084856.068081,""peer"":""zeek"",""metric_type"":""counter"",""name"":""zeek_cluster_zeromq_onloop_drops_total"",""labels"":[],""label_values"":[],""value"":0.0}",1790171974527359847,1790171974527359847_1d02f371,target_acquisition,unknown,,/opt/zeek/logs/current/telemetry.log,search_man,,detect,search_man,
2026-09-23T13:59:34.527Z,1790171974527,"{""ts"":1790084856.068081,""peer"":""zeek"",""metric_type"":""counter"",""name"":""zeek_cluster_zeromq_xpub_drops_total"",""labels"":[],""label_values"":[],""value"":0.0}",1790171974527350701,1790171974527350701_6089c9c5,target_acquisition,unknown,,/opt/zeek/logs/current/telemetry.log,search_man,,detect,search_man,
2026-09-23T13:59:34.527Z,1790171974527,"{""ts"":1790084856.068081,""peer"":""zeek"",""metric_type"":""counter"",""name"":""zeek_cluster_onloop_queue_blocks_total"",""labels"":[""tag""],""label_values"":[""ZeroMQ""],""value"":0.0}",1790171974527346042,1790171974527346042_955940f2,target_acquisition,unknown,,/opt/zeek/logs/current/telemetry.log,search_man,,detect,search_man,
2026-09-23T13:59:34.527Z,1790171974527,"{""ts"":1790084856.068081,""peer"":""zeek"",""metric_type"":""counter"",""name"":""zeek_cluster_onloop_queue_blocks_total"",""labels"":[""tag""],""label_values"":[""WebSocketEventDispatcher:127.0.0.1:27759""],""value"":0.0}",1790171974527275532,1790171974527275532_14c0573,target_acquisition,unknown,,/opt/zeek/logs/current/telemetry.log,search_man,,detect,search_man,
2026-09-23T13:59:34.527Z,1790171974527,"{""ts"":1790084856.068081,""peer"":""zeek"",""metric_type"":""counter"",""name"":""zeek_msgthread_out_messages_total"",""labels"":[],""label_values"":[],""value"":32.0}",1790171974527259523,1790171974527259523_e137b0c5,target_acquisition,unknown,,/opt/zeek/logs/current/telemetry.log,search_man,,detect,search_man,
2026-09-23T13:59:34.527Z,1790171974527,"{""ts"":1790084856.068081,""peer"":""zeek"",""metric_type"":""counter"",""name"":""zeek_msgthread_in_messages_total"",""labels"":[],""label_values"":[],""value"":20882.0}",1790171974527246959,1790171974527246959_347792b5,target_acquisition,unknown,,/opt/zeek/logs/current/telemetry.log,search_man,,detect,search_man,
2026-09-23T13:59:34.527Z,1790171974527,"{""ts"":1790084856.068081,""peer"":""zeek"",""metric_type"":""counter"",""name"":""zeek_msgthread_threads_total"",""labels"":[],""label_values"":[],""value"":17.0}",1790171974527237271,1790171974527237271_97286398,target_acquisition,unknown,,/opt/zeek/logs/current/telemetry.log,search_man,,detect,search_man,
2026-09-23T13:59:34.527Z,1790171974527,"{""ts"":1790084856.068081,""peer"":""zeek"",""metric_type"":""counter"",""name"":""zeek_net_link_packets_total"",""labels"":[],""label_values"":[],""value"":145940.0}",1790171974527232277,1790171974527232277_f0938724,target_acquisition,unknown,,/opt/zeek/logs/current/telemetry.log,search_man,,detect,search_man,
2026-09-23T13:59:34.527Z,1790171974527,"{""ts"":1790084856.068081,""peer"":""zeek"",""metric_type"":""counter"",""name"":""zeek_net_dropped_packets_total"",""labels"":[],""label_values"":[],""value"":1074.0}",1790171974527162665,1790171974527162665_c266af,target_acquisition,unknown,,/opt/zeek/logs/current/telemetry.log,search_man,,detect,search_man,
2026-09-23T13:59:34.527Z,1790171974527,"{""ts"":1790084856.068081,""peer"":""zeek"",""metric_type"":""counter"",""name"":""zeek_net_received_packets_total"",""labels"":[],""label_values"":[],""value"":144832.0}",1790171974527147370,1790171974527147370_1647cc34,target_acquisition,unknown,,/opt/zeek/logs/current/telemetry.log,search_man,,detect,search_man,
2026-09-23T13:59:34.527Z,1790171974527,"{""ts"":1790084856.068081,""peer"":""zeek"",""metric_type"":""counter"",""name"":""zeek_net_received_bytes_total"",""labels"":[],""label_values"":[],""value"":97562048.0}",1790171974527135133,1790171974527135133_e7eec2f5,target_acquisition,unknown,,/opt/zeek/logs/current/telemetry.log,search_man,,detect,search_man,
2026-09-23T13:59:34.527Z,1790171974527,"{""ts"":1790084856.068081,""peer"":""zeek"",""metric_type"":""counter"",""name"":""zeek_log_writer_truncated_containers_total"",""labels"":[""filter_name"",""module"",""path"",""stream"",""writer""],""label_values"":[""default"",""QUIC"",""quic"",""QUIC::LOG"",""Log::WRITER_ASCII""],""value"":0.0}",1790171974527125542,1790171974527125542_4146b5a3,target_acquisition,unknown,,/opt/zeek/logs/current/telemetry.log,search_man,,detect,search_man,
2026-09-23T13:59:34.527Z,1790171974527,"{""ts"":1790084856.068081,""peer"":""zeek"",""metric_type"":""counter"",""name"":""zeek_log_writer_truncated_containers_total"",""labels"":[""filter_name"",""module"",""path"",""stream"",""writer""],""label_values"":[""default"",""Known"",""known_hosts"",""Known::HOSTS_LOG"",""Log::WRITER_ASCII""],""value"":0.0}",1790171974527120754,1790171974527120754_91718172,target_acquisition,unknown,,/opt/zeek/logs/current/telemetry.log,search_man,,detect,search_man,
2026-09-23T13:59:34.527Z,1790171974527,"{""ts"":1790084856.068081,""peer"":""zeek"",""metric_type"":""counter"",""name"":""zeek_log_writer_truncated_containers_total"",""labels"":[""filter_name"",""module"",""path"",""stream"",""writer""],""label_values"":[""default"",""X509"",""x509"",""X509::LOG"",""Log::WRITER_ASCII""],""value"":0.0}",1790171974527050889,1790171974527050889_1ec9faa1,target_acquisition,unknown,,/opt/zeek/logs/current/telemetry.log,search_man,,detect,search_man,
2026-09-23T13:59:34.527Z,1790171974527,"{""ts"":1790084856.068081,""peer"":""zeek"",""metric_type"":""counter"",""name"":""zeek_log_writer_truncated_containers_total"",""labels"":[""filter_name"",""module"",""path"",""stream"",""writer""],""label_values"":[""default"",""NTP"",""ntp"",""NTP::LOG"",""Log::WRITER_ASCII""],""value"":0.0}",1790171974527035278,1790171974527035278_dec1e473,target_acquisition,unknown,,/opt/zeek/logs/current/telemetry.log,search_man,,detect,search_man,
2026-09-23T13:59:34.527Z,1790171974527,"{""ts"":1790084856.068081,""peer"":""zeek"",""metric_type"":""counter"",""name"":""zeek_log_writer_truncated_containers_total"",""labels"":[""filter_name"",""module"",""path"",""stream"",""writer""],""label_values"":[""default"",""SSL"",""ssl"",""SSL::LOG"",""Log::WRITER_ASCII""],""value"":0.0}",1790171974527020563,1790171974527020563_c31d4013,target_acquisition,unknown,,/opt/zeek/logs/current/telemetry.log,search_man,,detect,search_man,
2026-09-23T13:59:34.527Z,1790171974527,"{""ts"":1790084856.068081,""peer"":""zeek"",""metric_type"":""counter"",""name"":""zeek_log_writer_truncated_containers_total"",""labels"":[""filter_name"",""module"",""path"",""stream"",""writer""],""label_values"":[""default"",""Weird"",""weird"",""Weird::LOG"",""Log::WRITER_ASCII""],""value"":0.0}",1790171974527001764,1790171974527001764_f466e1e4,target_acquisition,unknown,,/opt/zeek/logs/current/telemetry.log,search_man,,detect,search_man,
2026-09-23T13:59:34.526Z,1790171974526,"{""ts"":1790084856.068081,""peer"":""zeek"",""metric_type"":""counter"",""name"":""zeek_log_writer_truncated_containers_total"",""labels"":[""filter_name"",""module"",""path"",""stream"",""writer""],""label_values"":[""default"",""CaptureLoss"",""capture_loss"",""CaptureLoss::LOG"",""Log::WRITER_ASCII""],""value"":0.0}",1790171974526997082,1790171974526997082_b16778d3,target_acquisition,unknown,,/opt/zeek/logs/current/telemetry.log,search_man,,detect,search_man,
2026-09-23T13:59:34.526Z,1790171974526,"{""ts"":1790084856.068081,""peer"":""zeek"",""metric_type"":""counter"",""name"":""zeek_log_writer_truncated_containers_total"",""labels"":[""filter_name"",""module"",""path"",""stream"",""writer""],""label_values"":[""default"",""Notice"",""notice"",""Notice::LOG"",""Log::WRITER_ASCII""],""value"":0.0}",1790171974526922158,1790171974526922158_aa22d9cd,target_acquisition,unknown,,/opt/zeek/logs/current/telemetry.log,search_man,,detect,search_man,
2026-09-23T13:59:34.526Z,1790171974526,"{""ts"":1790084856.068081,""peer"":""zeek"",""metric_type"":""counter"",""name"":""zeek_log_writer_truncated_containers_total"",""labels"":[""filter_name"",""module"",""path"",""stream"",""writer""],""label_values"":[""default"",""Conn"",""conn"",""Conn::LOG"",""Log::WRITER_ASCII""],""value"":0.0}",1790171974526904084,1790171974526904084_a2c16d33,target_acquisition,unknown,,/opt/zeek/logs/current/telemetry.log,search_man,,detect,search_man,
2026-09-23T13:59:34.526Z,1790171974526,"{""ts"":1790084856.068081,""peer"":""zeek"",""metric_type"":""counter"",""name"":""zeek_log_writer_truncated_containers_total"",""labels"":[""filter_name"",""module"",""path"",""stream"",""writer""],""label_values"":[""default"",""Known"",""known_services"",""Known::SERVICES_LOG"",""Log::WRITER_ASCII""],""value"":0.0}",1790171974526887141,1790171974526887141_8432c08e,target_acquisition,unknown,,/opt/zeek/logs/current/telemetry.log,search_man,,detect,search_man,
2026-09-23T13:59:34.526Z,1790171974526,"{""ts"":1790084856.068081,""peer"":""zeek"",""metric_type"":""counter"",""name"":""zeek_log_writer_truncated_containers_total"",""labels"":[""filter_name"",""module"",""path"",""stream"",""writer""],""label_values"":[""default"",""DNS"",""dns"",""DNS::LOG"",""Log::WRITER_ASCII""],""value"":0.0}",1790171974526856123,1790171974526856123_782555a6,target_acquisition,unknown,,/opt/zeek/logs/current/telemetry.log,search_man,,detect,search_man,
2026-09-23T13:59:34.526Z,1790171974526,"{""ts"":1790084856.068081,""peer"":""zeek"",""metric_type"":""counter"",""name"":""zeek_log_writer_truncated_containers_total"",""labels"":[""filter_name"",""module"",""path"",""stream"",""writer""],""label_values"":[""default"",""Stats"",""stats"",""Stats::LOG"",""Log::WRITER_ASCII""],""value"":0.0}",1790171974526849140,1790171974526849140_20577ef6,target_acquisition,unknown,,/opt/zeek/logs/current/telemetry.log,search_man,,detect,search_man,
2026-09-23T13:59:34.526Z,1790171974526,"{""ts"":1790084856.068081,""peer"":""zeek"",""metric_type"":""counter"",""name"":""zeek_log_writer_truncated_containers_total"",""labels"":[""filter_name"",""module"",""path"",""stream"",""writer""],""label_values"":[""default"",""Telemetry"",""telemetry"",""Telemetry::LOG"",""Log::WRITER_ASCII""],""value"":0.0}",1790171974526769215,1790171974526769215_cc5cd7ae,target_acquisition,unknown,,/opt/zeek/logs/current/telemetry.log,search_man,,detect,search_man,
2026-09-23T13:59:34.526Z,1790171974526,"{""ts"":1790084856.068081,""peer"":""zeek"",""metric_type"":""counter"",""name"":""zeek_log_writer_truncated_containers_total"",""labels"":[""filter_name"",""module"",""path"",""stream"",""writer""],""label_values"":[""default"",""LoadedScripts"",""loaded_scripts"",""LoadedScripts::LOG"",""Log::WRITER_ASCII""],""value"":0.0}",1790171974526759138,1790171974526759138_d530b065,target_acquisition,unknown,,/opt/zeek/logs/current/telemetry.log,search_man,,detect,search_man,
2026-09-23T13:59:34.526Z,1790171974526,"{""ts"":1790084856.068081,""peer"":""zeek"",""metric_type"":""counter"",""name"":""zeek_log_writer_truncated_containers_total"",""labels"":[""filter_name"",""module"",""path"",""stream"",""writer""],""label_values"":[""default"",""PacketFilter"",""packet_filter"",""PacketFilter::LOG"",""Log::WRITER_ASCII""],""value"":0.0}",1790171974526753926,1790171974526753926_fa2aa70c,target_acquisition,unknown,,/opt/zeek/logs/current/telemetry.log,search_man,,detect,search_man,
2026-09-23T13:59:34.526Z,1790171974526,"{""ts"":1790084856.068081,""peer"":""zeek"",""metric_type"":""counter"",""name"":""zeek_log_writer_truncated_containers_total"",""labels"":[""filter_name"",""module"",""path"",""stream"",""writer""],""label_values"":[""default"",""DHCP"",""dhcp"",""DHCP::LOG"",""Log::WRITER_ASCII""],""value"":0.0}",1790171974526603677,1790171974526603677_a9629834,target_acquisition,unknown,,/opt/zeek/logs/current/telemetry.log,search_man,,detect,search_man,
2026-09-23T13:59:34.526Z,1790171974526,"{""ts"":1790084856.068081,""peer"":""zeek"",""metric_type"":""counter"",""name"":""zeek_log_writer_truncated_string_fields_total"",""labels"":[""filter_name"",""module"",""path"",""stream"",""writer""],""label_values"":[""default"",""QUIC"",""quic"",""QUIC::LOG"",""Log::WRITER_ASCII""],""value"":0.0}",1790171974526576477,1790171974526576477_fb21d4ea,target_acquisition,unknown,,/opt/zeek/logs/current/telemetry.log,search_man,,detect,search_man,
2026-09-23T13:59:34.526Z,1790171974526,"{""ts"":1790084856.068081,""peer"":""zeek"",""metric_type"":""counter"",""name"":""zeek_log_writer_truncated_string_fields_total"",""labels"":[""filter_name"",""module"",""path"",""stream"",""writer""],""label_values"":[""default"",""Known"",""known_hosts"",""Known::HOSTS_LOG"",""Log::WRITER_ASCII""],""value"":0.0}",1790171974526558831,1790171974526558831_b0f01dad,target_acquisition,unknown,,/opt/zeek/logs/current/telemetry.log,search_man,,detect,search_man,
2026-09-23T13:59:34.526Z,1790171974526,"{""ts"":1790084856.068081,""peer"":""zeek"",""metric_type"":""counter"",""name"":""zeek_log_writer_truncated_string_fields_total"",""labels"":[""filter_name"",""module"",""path"",""stream"",""writer""],""label_values"":[""default"",""X509"",""x509"",""X509::LOG"",""Log::WRITER_ASCII""],""value"":0.0}",1790171974526545692,1790171974526545692_6ca37c10,target_acquisition,unknown,,/opt/zeek/logs/current/telemetry.log,search_man,,detect,search_man,
2026-09-23T13:59:34.526Z,1790171974526,"{""ts"":1790084856.068081,""peer"":""zeek"",""metric_type"":""counter"",""name"":""zeek_log_writer_truncated_string_fields_total"",""labels"":[""filter_name"",""module"",""path"",""stream"",""writer""],""label_values"":[""default"",""NTP"",""ntp"",""NTP::LOG"",""Log::WRITER_ASCII""],""value"":0.0}",1790171974526538995,1790171974526538995_209b90ac,target_acquisition,unknown,,/opt/zeek/logs/current/telemetry.log,search_man,,detect,search_man,
2026-09-23T13:59:34.526Z,1790171974526,"{""ts"":1790084856.068081,""peer"":""zeek"",""metric_type"":""counter"",""name"":""zeek_log_writer_truncated_string_fields_total"",""labels"":[""filter_name"",""module"",""path"",""stream"",""writer""],""label_values"":[""default"",""SSL"",""ssl"",""SSL::LOG"",""Log::WRITER_ASCII""],""value"":0.0}",1790171974526479378,1790171974526479378_f2b1fc24,target_acquisition,unknown,,/opt/zeek/logs/current/telemetry.log,search_man,,detect,search_man,
2026-09-23T13:59:34.526Z,1790171974526,"{""ts"":1790084856.068081,""peer"":""zeek"",""metric_type"":""counter"",""name"":""zeek_log_writer_truncated_string_fields_total"",""labels"":[""filter_name"",""module"",""path"",""stream"",""writer""],""label_values"":[""default"",""Weird"",""weird"",""Weird::LOG"",""Log::WRITER_ASCII""],""value"":0.0}",1790171974526460750,1790171974526460750_8981c123,target_acquisition,unknown,,/opt/zeek/logs/current/telemetry.log,search_man,,detect,search_man,
2026-09-23T13:59:34.526Z,1790171974526,"{""ts"":1790084856.068081,""peer"":""zeek"",""metric_type"":""counter"",""name"":""zeek_log_writer_truncated_string_fields_total"",""labels"":[""filter_name"",""module"",""path"",""stream"",""writer""],""label_values"":[""default"",""CaptureLoss"",""capture_loss"",""CaptureLoss::LOG"",""Log::WRITER_ASCII""],""value"":0.0}",1790171974526341250,1790171974526341250_beb4ce72,target_acquisition,unknown,,/opt/zeek/logs/current/telemetry.log,search_man,,detect,search_man,
2026-09-23T13:59:34.526Z,1790171974526,"{""ts"":1790084856.068081,""peer"":""zeek"",""metric_type"":""counter"",""name"":""zeek_log_writer_truncated_string_fields_total"",""labels"":[""filter_name"",""module"",""path"",""stream"",""writer""],""label_values"":[""default"",""Notice"",""notice"",""Notice::LOG"",""Log::WRITER_ASCII""],""value"":0.0}",1790171974526327254,1790171974526327254_99a4dfa0,target_acquisition,unknown,,/opt/zeek/logs/current/telemetry.log,search_man,,detect,search_man,
2026-09-23T13:59:34.526Z,1790171974526,"{""ts"":1790084856.068081,""peer"":""zeek"",""metric_type"":""counter"",""name"":""zeek_log_writer_truncated_string_fields_total"",""labels"":[""filter_name"",""module"",""path"",""stream"",""writer""],""label_values"":[""default"",""Conn"",""conn"",""Conn::LOG"",""Log::WRITER_ASCII""],""value"":0.0}",1790171974526284120,1790171974526284120_c65e8196,target_acquisition,unknown,,/opt/zeek/logs/current/telemetry.log,search_man,,detect,search_man,
2026-09-23T13:59:34.526Z,1790171974526,"{""ts"":1790084856.068081,""peer"":""zeek"",""metric_type"":""counter"",""name"":""zeek_log_writer_truncated_string_fields_total"",""labels"":[""filter_name"",""module"",""path"",""stream"",""writer""],""label_values"":[""default"",""Known"",""known_services"",""Known::SERVICES_LOG"",""Log::WRITER_ASCII""],""value"":0.0}",1790171974526278819,1790171974526278819_74fe3b1,target_acquisition,unknown,,/opt/zeek/logs/current/telemetry.log,search_man,,detect,search_man,
2026-09-23T13:59:34.526Z,1790171974526,"{""ts"":1790084856.068081,""peer"":""zeek"",""metric_type"":""counter"",""name"":""zeek_log_writer_truncated_string_fields_total"",""labels"":[""filter_name"",""module"",""path"",""stream"",""writer""],""label_values"":[""default"",""DNS"",""dns"",""DNS::LOG"",""Log::WRITER_ASCII""],""value"":0.0}",1790171974526164562,1790171974526164562_11f8f919,target_acquisition,unknown,,/opt/zeek/logs/current/telemetry.log,search_man,,detect,search_man,
2026-09-23T13:59:34.526Z,1790171974526,"{""ts"":1790084856.068081,""peer"":""zeek"",""metric_type"":""counter"",""name"":""zeek_log_writer_truncated_string_fields_total"",""labels"":[""filter_name"",""module"",""path"",""stream"",""writer""],""label_values"":[""default"",""Stats"",""stats"",""Stats::LOG"",""Log::WRITER_ASCII""],""value"":0.0}",1790171974526117320,1790171974526117320_7bdf5f0d,target_acquisition,unknown,,/opt/zeek/logs/current/telemetry.log,search_man,,detect,search_man,
2026-09-23T13:59:34.526Z,1790171974526,"{""ts"":1790084856.068081,""peer"":""zeek"",""metric_type"":""counter"",""name"":""zeek_log_writer_truncated_string_fields_total"",""labels"":[""filter_name"",""module"",""path"",""stream"",""writer""],""label_values"":[""default"",""Telemetry"",""telemetry"",""Telemetry::LOG"",""Log::WRITER_ASCII""],""value"":0.0}",1790171974526101244,1790171974526101244_7f97f98d,target_acquisition,unknown,,/opt/zeek/logs/current/telemetry.log,search_man,,detect,search_man,
2026-09-23T13:59:34.526Z,1790171974526,"{""ts"":1790084856.068081,""peer"":""zeek"",""metric_type"":""counter"",""name"":""zeek_log_writer_truncated_string_fields_total"",""labels"":[""filter_name"",""module"",""path"",""stream"",""writer""],""label_values"":[""default"",""LoadedScripts"",""loaded_scripts"",""LoadedScripts::LOG"",""Log::WRITER_ASCII""],""value"":0.0}",1790171974526052732,1790171974526052732_6fedf120,target_acquisition,unknown,,/opt/zeek/logs/current/telemetry.log,search_man,,detect,search_man,
2026-09-23T13:59:34.526Z,1790171974526,"{""ts"":1790084856.068081,""peer"":""zeek"",""metric_type"":""counter"",""name"":""zeek_log_writer_truncated_string_fields_total"",""labels"":[""filter_name"",""module"",""path"",""stream"",""writer""],""label_values"":[""default"",""PacketFilter"",""packet_filter"",""PacketFilter::LOG"",""Log::WRITER_ASCII""],""value"":0.0}",1790171974526046253,1790171974526046253_e37101df,target_acquisition,unknown,,/opt/zeek/logs/current/telemetry.log,search_man,,detect,search_man,
2026-09-23T13:59:34.525Z,1790171974525,"{""ts"":1790084856.068081,""peer"":""zeek"",""metric_type"":""counter"",""name"":""zeek_log_writer_truncated_string_fields_total"",""labels"":[""filter_name"",""module"",""path"",""stream"",""writer""],""label_values"":[""default"",""DHCP"",""dhcp"",""DHCP::LOG"",""Log::WRITER_ASCII""],""value"":0.0}",1790171974525924078,1790171974525924078_b1744e45,target_acquisition,unknown,,/opt/zeek/logs/current/telemetry.log,search_man,,detect,search_man,
2026-09-23T13:59:34.525Z,1790171974525,"{""ts"":1790084856.068081,""peer"":""zeek"",""metric_type"":""counter"",""name"":""zeek_log_writer_discarded_writes_total"",""labels"":[""filter_name"",""module"",""path"",""stream"",""writer""],""label_values"":[""default"",""QUIC"",""quic"",""QUIC::LOG"",""Log::WRITER_ASCII""],""value"":0.0}",1790171974525908361,1790171974525908361_39969020,target_acquisition,unknown,,/opt/zeek/logs/current/telemetry.log,search_man,,detect,search_man,
2026-09-23T13:59:34.525Z,1790171974525,"{""ts"":1790084856.068081,""peer"":""zeek"",""metric_type"":""counter"",""name"":""zeek_log_writer_discarded_writes_total"",""labels"":[""filter_name"",""module"",""path"",""stream"",""writer""],""label_values"":[""default"",""Known"",""known_hosts"",""Known::HOSTS_LOG"",""Log::WRITER_ASCII""],""value"":0.0}",1790171974525894410,1790171974525894410_721445ef,target_acquisition,unknown,,/opt/zeek/logs/current/telemetry.log,search_man,,detect,search_man,
2026-09-23T13:59:34.525Z,1790171974525,"{""ts"":1790084856.068081,""peer"":""zeek"",""metric_type"":""counter"",""name"":""zeek_log_writer_discarded_writes_total"",""labels"":[""filter_name"",""module"",""path"",""stream"",""writer""],""label_values"":[""default"",""X509"",""x509"",""X509::LOG"",""Log::WRITER_ASCII""],""value"":0.0}",1790171974525835942,1790171974525835942_5cd49d8a,target_acquisition,unknown,,/opt/zeek/logs/current/telemetry.log,search_man,,detect,search_man,
2026-09-23T13:59:34.525Z,1790171974525,"{""ts"":1790084856.068081,""peer"":""zeek"",""metric_type"":""counter"",""name"":""zeek_log_writer_discarded_writes_total"",""labels"":[""filter_name"",""module"",""path"",""stream"",""writer""],""label_values"":[""default"",""NTP"",""ntp"",""NTP::LOG"",""Log::WRITER_ASCII""],""value"":0.0}",1790171974525818725,1790171974525818725_2e5aeefe,target_acquisition,unknown,,/opt/zeek/logs/current/telemetry.log,search_man,,detect,search_man,
2026-09-23T13:59:34.525Z,1790171974525,"{""ts"":1790084856.068081,""peer"":""zeek"",""metric_type"":""counter"",""name"":""zeek_log_writer_discarded_writes_total"",""labels"":[""filter_name"",""module"",""path"",""stream"",""writer""],""label_values"":[""default"",""SSL"",""ssl"",""SSL::LOG"",""Log::WRITER_ASCII""],""value"":0.0}",1790171974525681128,1790171974525681128_ec893772,target_acquisition,unknown,,/opt/zeek/logs/current/telemetry.log,search_man,,detect,search_man,
2026-09-23T13:59:34.525Z,1790171974525,"{""ts"":1790084856.068081,""peer"":""zeek"",""metric_type"":""counter"",""name"":""zeek_log_writer_discarded_writes_total"",""labels"":[""filter_name"",""module"",""path"",""stream"",""writer""],""label_values"":[""default"",""Weird"",""weird"",""Weird::LOG"",""Log::WRITER_ASCII""],""value"":0.0}",1790171974525671861,1790171974525671861_8958bf99,target_acquisition,unknown,,/opt/zeek/logs/current/telemetry.log,search_man,,detect,search_man,
2026-09-23T13:59:34.525Z,1790171974525,"{""ts"":1790084856.068081,""peer"":""zeek"",""metric_type"":""counter"",""name"":""zeek_log_writer_discarded_writes_total"",""labels"":[""filter_name"",""module"",""path"",""stream"",""writer""],""label_values"":[""default"",""CaptureLoss"",""capture_loss"",""CaptureLoss::LOG"",""Log::WRITER_ASCII""],""value"":0.0}",1790171974525666861,1790171974525666861_4fc823c4,target_acquisition,unknown,,/opt/zeek/logs/current/telemetry.log,search_man,,detect,search_man,
2026-09-23T13:59:34.525Z,1790171974525,"{""ts"":1790084856.068081,""peer"":""zeek"",""metric_type"":""counter"",""name"":""zeek_log_writer_discarded_writes_total"",""labels"":[""filter_name"",""module"",""path"",""stream"",""writer""],""label_values"":[""default"",""Notice"",""notice"",""Notice::LOG"",""Log::WRITER_ASCII""],""value"":0.0}",1790171974525532653,1790171974525532653_7588e216,target_acquisition,unknown,,/opt/zeek/logs/current/telemetry.log,search_man,,detect,search_man,
2026-09-23T13:59:34.525Z,1790171974525,"{""ts"":1790084856.068081,""peer"":""zeek"",""metric_type"":""counter"",""name"":""zeek_log_writer_discarded_writes_total"",""labels"":[""filter_name"",""module"",""path"",""stream"",""writer""],""label_values"":[""default"",""Conn"",""conn"",""Conn::LOG"",""Log::WRITER_ASCII""],""value"":0.0}",1790171974525522941,1790171974525522941_8343ed50,target_acquisition,unknown,,/opt/zeek/logs/current/telemetry.log,search_man,,detect,search_man,
2026-09-23T13:59:34.525Z,1790171974525,"{""ts"":1790084856.068081,""peer"":""zeek"",""metric_type"":""counter"",""name"":""zeek_log_writer_discarded_writes_total"",""labels"":[""filter_name"",""module"",""path"",""stream"",""writer""],""label_values"":[""default"",""Known"",""known_services"",""Known::SERVICES_LOG"",""Log::WRITER_ASCII""],""value"":0.0}",1790171974525517682,1790171974525517682_ef3038fb,target_acquisition,unknown,,/opt/zeek/logs/current/telemetry.log,search_man,,detect,search_man,
2026-09-23T13:59:34.525Z,1790171974525,"{""ts"":1790084856.068081,""peer"":""zeek"",""metric_type"":""counter"",""name"":""zeek_log_writer_discarded_writes_total"",""labels"":[""filter_name"",""module"",""path"",""stream"",""writer""],""label_values"":[""default"",""DNS"",""dns"",""DNS::LOG"",""Log::WRITER_ASCII""],""value"":0.0}",1790171974525407540,1790171974525407540_a17031b7,target_acquisition,unknown,,/opt/zeek/logs/current/telemetry.log,search_man,,detect,search_man,
2026-09-23T13:59:34.525Z,1790171974525,"{""ts"":1790084856.068081,""peer"":""zeek"",""metric_type"":""counter"",""name"":""zeek_log_writer_discarded_writes_total"",""labels"":[""filter_name"",""module"",""path"",""stream"",""writer""],""label_values"":[""default"",""Stats"",""stats"",""Stats::LOG"",""Log::WRITER_ASCII""],""value"":0.0}",1790171974525398442,1790171974525398442_37d03bd3,target_acquisition,unknown,,/opt/zeek/logs/current/telemetry.log,search_man,,detect,search_man,
2026-09-23T13:59:34.525Z,1790171974525,"{""ts"":1790084856.068081,""peer"":""zeek"",""metric_type"":""counter"",""name"":""zeek_log_writer_discarded_writes_total"",""labels"":[""filter_name"",""module"",""path"",""stream"",""writer""],""label_values"":[""default"",""Telemetry"",""telemetry"",""Telemetry::LOG"",""Log::WRITER_ASCII""],""value"":0.0}",1790171974525393241,1790171974525393241_4d77c357,target_acquisition,unknown,,/opt/zeek/logs/current/telemetry.log,search_man,,detect,search_man,
2026-09-23T13:59:34.525Z,1790171974525,"{""ts"":1790084856.068081,""peer"":""zeek"",""metric_type"":""counter"",""name"":""zeek_log_writer_discarded_writes_total"",""labels"":[""filter_name"",""module"",""path"",""stream"",""writer""],""label_values"":[""default"",""LoadedScripts"",""loaded_scripts"",""LoadedScripts::LOG"",""Log::WRITER_ASCII""],""value"":0.0}",1790171974525165142,1790171974525165142_2307e8c2,target_acquisition,unknown,,/opt/zeek/logs/current/telemetry.log,search_man,,detect,search_man,
2026-09-23T13:59:34.525Z,1790171974525,"{""ts"":1790084856.068081,""peer"":""zeek"",""metric_type"":""counter"",""name"":""zeek_log_writer_discarded_writes_total"",""labels"":[""filter_name"",""module"",""path"",""stream"",""writer""],""label_values"":[""default"",""PacketFilter"",""packet_filter"",""PacketFilter::LOG"",""Log::WRITER_ASCII""],""value"":0.0}",1790171974525149328,1790171974525149328_8abb531,target_acquisition,unknown,,/opt/zeek/logs/current/telemetry.log,search_man,,detect,search_man,
2026-09-23T13:59:34.525Z,1790171974525,"{""ts"":1790084856.068081,""peer"":""zeek"",""metric_type"":""counter"",""name"":""zeek_log_writer_discarded_writes_total"",""labels"":[""filter_name"",""module"",""path"",""stream"",""writer""],""label_values"":[""default"",""DHCP"",""dhcp"",""DHCP::LOG"",""Log::WRITER_ASCII""],""value"":0.0}",1790171974525135700,1790171974525135700_14e8f1b,target_acquisition,unknown,,/opt/zeek/logs/current/telemetry.log,search_man,,detect,search_man,
2026-09-23T13:59:34.525Z,1790171974525,"{""ts"":1790084856.068081,""peer"":""zeek"",""metric_type"":""counter"",""name"":""zeek_log_writer_writes_total"",""labels"":[""filter_name"",""module"",""path"",""stream"",""writer""],""label_values"":[""default"",""QUIC"",""quic"",""QUIC::LOG"",""Log::WRITER_ASCII""],""value"":118.0}",1790171974525066725,1790171974525066725_363adce,target_acquisition,unknown,,/opt/zeek/logs/current/telemetry.log,search_man,,detect,search_man,
2026-09-23T13:59:34.525Z,1790171974525,"{""ts"":1790084856.068081,""peer"":""zeek"",""metric_type"":""counter"",""name"":""zeek_log_writer_writes_total"",""labels"":[""filter_name"",""module"",""path"",""stream"",""writer""],""label_values"":[""default"",""Known"",""known_hosts"",""Known::HOSTS_LOG"",""Log::WRITER_ASCII""],""value"":1.0}",1790171974525060740,1790171974525060740_a230a6ea,target_acquisition,unknown,,/opt/zeek/logs/current/telemetry.log,search_man,,detect,search_man,
2026-09-23T13:59:34.524Z,1790171974524,"{""ts"":1790084856.068081,""peer"":""zeek"",""metric_type"":""counter"",""name"":""zeek_log_writer_writes_total"",""labels"":[""filter_name"",""module"",""path"",""stream"",""writer""],""label_values"":[""default"",""X509"",""x509"",""X509::LOG"",""Log::WRITER_ASCII""],""value"":2.0}",1790171974524854198,1790171974524854198_dc499584,target_acquisition,unknown,,/opt/zeek/logs/current/telemetry.log,search_man,,detect,search_man,
2026-09-23T13:59:34.524Z,1790171974524,"{""ts"":1790084856.068081,""peer"":""zeek"",""metric_type"":""counter"",""name"":""zeek_log_writer_writes_total"",""labels"":[""filter_name"",""module"",""path"",""stream"",""writer""],""label_values"":[""default"",""NTP"",""ntp"",""NTP::LOG"",""Log::WRITER_ASCII""],""value"":8.0}",1790171974524841684,1790171974524841684_b0ff6aba,target_acquisition,unknown,,/opt/zeek/logs/current/telemetry.log,search_man,,detect,search_man,
2026-09-23T13:59:34.524Z,1790171974524,"{""ts"":1790084856.068081,""peer"":""zeek"",""metric_type"":""counter"",""name"":""zeek_log_writer_writes_total"",""labels"":[""filter_name"",""module"",""path"",""stream"",""writer""],""label_values"":[""default"",""SSL"",""ssl"",""SSL::LOG"",""Log::WRITER_ASCII""],""value"":298.0}",1790171974524832063,1790171974524832063_21124a83,target_acquisition,unknown,,/opt/zeek/logs/current/telemetry.log,search_man,,detect,search_man,
2026-09-23T13:59:34.524Z,1790171974524,"{""ts"":1790084856.068081,""peer"":""zeek"",""metric_type"":""counter"",""name"":""zeek_log_writer_writes_total"",""labels"":[""filter_name"",""module"",""path"",""stream"",""writer""],""label_values"":[""default"",""Weird"",""weird"",""Weird::LOG"",""Log::WRITER_ASCII""],""value"":6.0}",1790171974524827644,1790171974524827644_3e42b4bb,target_acquisition,unknown,,/opt/zeek/logs/current/telemetry.log,search_man,,detect,search_man,