"labels","Time","Line","tsNs","labelTypes","id"
"{""ability"":""target_acquisition"",""detected_level"":""unknown"",""filename"":""/opt/zeek/logs/current/telemetry.log"",""job"":""search_man"",""nist_control"":""detect"",""service_name"":""search_man""}",2026-09-23 09:59:34.557,"{""ts"":1790085036.199737,""peer"":""zeek"",""metric_type"":""gauge"",""name"":""zeek_active_sessions"",""labels"":[""protocol""],""label_values"":[""tcp""],""value"":8.0}",1790171974557058177,"{""ability"":""I"",""detected_level"":""S"",""filename"":""I"",""job"":""I"",""nist_control"":""I"",""service_name"":""I""}",1790171974557058177_339deebc
"{""ability"":""target_acquisition"",""detected_level"":""unknown"",""filename"":""/opt/zeek/logs/current/telemetry.log"",""job"":""search_man"",""nist_control"":""detect"",""service_name"":""search_man""}",2026-09-23 09:59:34.557,"{""ts"":1790085036.199737,""peer"":""zeek"",""metric_type"":""gauge"",""name"":""zeek_active_sessions"",""labels"":[""protocol""],""label_values"":[""udp""],""value"":11.0}",1790171974557023269,"{""ability"":""I"",""detected_level"":""S"",""filename"":""I"",""job"":""I"",""nist_control"":""I"",""service_name"":""I""}",1790171974557023269_64b08fe
"{""ability"":""target_acquisition"",""detected_level"":""unknown"",""filename"":""/opt/zeek/logs/current/telemetry.log"",""job"":""search_man"",""nist_control"":""detect"",""service_name"":""search_man""}",2026-09-23 09:59:34.556,"{""ts"":1790085036.199737,""peer"":""zeek"",""metric_type"":""gauge"",""name"":""zeek_active_sessions"",""labels"":[""protocol""],""label_values"":[""icmp""],""value"":7.0}",1790171974556932982,"{""ability"":""I"",""detected_level"":""S"",""filename"":""I"",""job"":""I"",""nist_control"":""I"",""service_name"":""I""}",1790171974556932982_774ca147
"{""ability"":""target_acquisition"",""detected_level"":""unknown"",""filename"":""/opt/zeek/logs/current/telemetry.log"",""job"":""search_man"",""nist_control"":""detect"",""service_name"":""search_man""}",2026-09-23 09:59:34.556,"{""ts"":1790085036.199737,""peer"":""zeek"",""metric_type"":""gauge"",""name"":""zeek_pending_triggers"",""labels"":[],""label_values"":[],""value"":0.0}",1790171974556916449,"{""ability"":""I"",""detected_level"":""S"",""filename"":""I"",""job"":""I"",""nist_control"":""I"",""service_name"":""I""}",1790171974556916449_d4f94720
"{""ability"":""target_acquisition"",""detected_level"":""unknown"",""filename"":""/opt/zeek/logs/current/telemetry.log"",""job"":""search_man"",""nist_control"":""detect"",""service_name"":""search_man""}",2026-09-23 09:59:34.556,"{""ts"":1790085036.199737,""peer"":""zeek"",""metric_type"":""gauge"",""name"":""zeek_dnsmgr_cache_entries"",""labels"":[""type""],""label_values"":[""host""],""value"":0.0}",1790171974556911375,"{""ability"":""I"",""detected_level"":""S"",""filename"":""I"",""job"":""I"",""nist_control"":""I"",""service_name"":""I""}",1790171974556911375_98c2a412
"{""ability"":""target_acquisition"",""detected_level"":""unknown"",""filename"":""/opt/zeek/logs/current/telemetry.log"",""job"":""search_man"",""nist_control"":""detect"",""service_name"":""search_man""}",2026-09-23 09:59:34.556,"{""ts"":1790085036.199737,""peer"":""zeek"",""metric_type"":""gauge"",""name"":""zeek_dnsmgr_cache_entries"",""labels"":[""type""],""label_values"":[""address""],""value"":0.0}",1790171974556841966,"{""ability"":""I"",""detected_level"":""S"",""filename"":""I"",""job"":""I"",""nist_control"":""I"",""service_name"":""I""}",1790171974556841966_c286515c
"{""ability"":""target_acquisition"",""detected_level"":""unknown"",""filename"":""/opt/zeek/logs/current/telemetry.log"",""job"":""search_man"",""nist_control"":""detect"",""service_name"":""search_man""}",2026-09-23 09:59:34.556,"{""ts"":1790085036.199737,""peer"":""zeek"",""metric_type"":""gauge"",""name"":""zeek_dnsmgr_cache_entries"",""labels"":[""type""],""label_values"":[""text""],""value"":0.0}",1790171974556827252,"{""ability"":""I"",""detected_level"":""S"",""filename"":""I"",""job"":""I"",""nist_control"":""I"",""service_name"":""I""}",1790171974556827252_8a6390f9
"{""ability"":""target_acquisition"",""detected_level"":""unknown"",""filename"":""/opt/zeek/logs/current/telemetry.log"",""job"":""search_man"",""nist_control"":""detect"",""service_name"":""search_man""}",2026-09-23 09:59:34.556,"{""ts"":1790085036.199737,""peer"":""zeek"",""metric_type"":""gauge"",""name"":""zeek_dnsmgr_pending_asyncs_requests"",""labels"":[],""label_values"":[],""value"":0.0}",1790171974556815065,"{""ability"":""I"",""detected_level"":""S"",""filename"":""I"",""job"":""I"",""nist_control"":""I"",""service_name"":""I""}",1790171974556815065_1683bcd5
"{""ability"":""target_acquisition"",""detected_level"":""unknown"",""filename"":""/opt/zeek/logs/current/telemetry.log"",""job"":""search_man"",""nist_control"":""detect"",""service_name"":""search_man""}",2026-09-23 09:59:34.556,"{""ts"":1790085036.199737,""peer"":""zeek"",""metric_type"":""gauge"",""name"":""zeek_timers_pending"",""labels"":[""type""],""label_values"":[""TCPConnectionPartialClose""],""value"":0.0}",1790171974556805695,"{""ability"":""I"",""detected_level"":""S"",""filename"":""I"",""job"":""I"",""nist_control"":""I"",""service_name"":""I""}",1790171974556805695_f1e58ffd
"{""ability"":""target_acquisition"",""detected_level"":""unknown"",""filename"":""/opt/zeek/logs/current/telemetry.log"",""job"":""search_man"",""nist_control"":""detect"",""service_name"":""search_man""}",2026-09-23 09:59:34.556,"{""ts"":1790085036.199737,""peer"":""zeek"",""metric_type"":""gauge"",""name"":""zeek_timers_pending"",""labels"":[""type""],""label_values"":[""TCPConnectionAttemptTimer""],""value"":1.0}",1790171974556801069,"{""ability"":""I"",""detected_level"":""S"",""filename"":""I"",""job"":""I"",""nist_control"":""I"",""service_name"":""I""}",1790171974556801069_f04a29ef
"{""ability"":""target_acquisition"",""detected_level"":""unknown"",""filename"":""/opt/zeek/logs/current/telemetry.log"",""job"":""search_man"",""nist_control"":""detect"",""service_name"":""search_man""}",2026-09-23 09:59:34.556,"{""ts"":1790085036.199737,""peer"":""zeek"",""metric_type"":""gauge"",""name"":""zeek_timers_pending"",""labels"":[""type""],""label_values"":[""TableValTimer""],""value"":36.0}",1790171974556731489,"{""ability"":""I"",""detected_level"":""S"",""filename"":""I"",""job"":""I"",""nist_control"":""I"",""service_name"":""I""}",1790171974556731489_3278c36c
"{""ability"":""target_acquisition"",""detected_level"":""unknown"",""filename"":""/opt/zeek/logs/current/telemetry.log"",""job"":""search_man"",""nist_control"":""detect"",""service_name"":""search_man""}",2026-09-23 09:59:34.556,"{""ts"":1790085036.199737,""peer"":""zeek"",""metric_type"":""gauge"",""name"":""zeek_timers_pending"",""labels"":[""type""],""label_values"":[""TriggerTimer""],""value"":0.0}",1790171974556715787,"{""ability"":""I"",""detected_level"":""S"",""filename"":""I"",""job"":""I"",""nist_control"":""I"",""service_name"":""I""}",1790171974556715787_3f6d9378
"{""ability"":""target_acquisition"",""detected_level"":""unknown"",""filename"":""/opt/zeek/logs/current/telemetry.log"",""job"":""search_man"",""nist_control"":""detect"",""service_name"":""search_man""}",2026-09-23 09:59:34.556,"{""ts"":1790085036.199737,""peer"":""zeek"",""metric_type"":""gauge"",""name"":""zeek_timers_pending"",""labels"":[""type""],""label_values"":[""ConnectionDeleteTimer""],""value"":0.0}",1790171974556704010,"{""ability"":""I"",""detected_level"":""S"",""filename"":""I"",""job"":""I"",""nist_control"":""I"",""service_name"":""I""}",1790171974556704010_6c33552d
"{""ability"":""target_acquisition"",""detected_level"":""unknown"",""filename"":""/opt/zeek/logs/current/telemetry.log"",""job"":""search_man"",""nist_control"":""detect"",""service_name"":""search_man""}",2026-09-23 09:59:34.556,"{""ts"":1790085036.199737,""peer"":""zeek"",""metric_type"":""gauge"",""name"":""zeek_timers_pending"",""labels"":[""type""],""label_values"":[""RPCExpireTimer""],""value"":0.0}",1790171974556694390,"{""ability"":""I"",""detected_level"":""S"",""filename"":""I"",""job"":""I"",""nist_control"":""I"",""service_name"":""I""}",1790171974556694390_2da0b6cc
"{""ability"":""target_acquisition"",""detected_level"":""unknown"",""filename"":""/opt/zeek/logs/current/telemetry.log"",""job"":""search_man"",""nist_control"":""detect"",""service_name"":""search_man""}",2026-09-23 09:59:34.556,"{""ts"":1790085036.199737,""peer"":""zeek"",""metric_type"":""gauge"",""name"":""zeek_timers_pending"",""labels"":[""type""],""label_values"":[""NTPExpireTimer""],""value"":0.0}",1790171974556689210,"{""ability"":""I"",""detected_level"":""S"",""filename"":""I"",""job"":""I"",""nist_control"":""I"",""service_name"":""I""}",1790171974556689210_7eb928d1
"{""ability"":""target_acquisition"",""detected_level"":""unknown"",""filename"":""/opt/zeek/logs/current/telemetry.log"",""job"":""search_man"",""nist_control"":""detect"",""service_name"":""search_man""}",2026-09-23 09:59:34.556,"{""ts"":1790085036.199737,""peer"":""zeek"",""metric_type"":""gauge"",""name"":""zeek_timers_pending"",""labels"":[""type""],""label_values"":[""ScheduleTimer""],""value"":6.0}",1790171974556587372,"{""ability"":""I"",""detected_level"":""S"",""filename"":""I"",""job"":""I"",""nist_control"":""I"",""service_name"":""I""}",1790171974556587372_bf524acd
"{""ability"":""target_acquisition"",""detected_level"":""unknown"",""filename"":""/opt/zeek/logs/current/telemetry.log"",""job"":""search_man"",""nist_control"":""detect"",""service_name"":""search_man""}",2026-09-23 09:59:34.556,"{""ts"":1790085036.199737,""peer"":""zeek"",""metric_type"":""gauge"",""name"":""zeek_timers_pending"",""labels"":[""type""],""label_values"":[""TCPConnectionDeleteTimer""],""value"":0.0}",1790171974556525772,"{""ability"":""I"",""detected_level"":""S"",""filename"":""I"",""job"":""I"",""nist_control"":""I"",""service_name"":""I""}",1790171974556525772_746192e8
"{""ability"":""target_acquisition"",""detected_level"":""unknown"",""filename"":""/opt/zeek/logs/current/telemetry.log"",""job"":""search_man"",""nist_control"":""detect"",""service_name"":""search_man""}",2026-09-23 09:59:34.556,"{""ts"":1790085036.199737,""peer"":""zeek"",""metric_type"":""gauge"",""name"":""zeek_timers_pending"",""labels"":[""type""],""label_values"":[""ConnTupleWeirdTimer""],""value"":0.0}",1790171974556508650,"{""ability"":""I"",""detected_level"":""S"",""filename"":""I"",""job"":""I"",""nist_control"":""I"",""service_name"":""I""}",1790171974556508650_ca3ed223
"{""ability"":""target_acquisition"",""detected_level"":""unknown"",""filename"":""/opt/zeek/logs/current/telemetry.log"",""job"":""search_man"",""nist_control"":""detect"",""service_name"":""search_man""}",2026-09-23 09:59:34.556,"{""ts"":1790085036.199737,""peer"":""zeek"",""metric_type"":""gauge"",""name"":""zeek_timers_pending"",""labels"":[""type""],""label_values"":[""TCPConnectionResetTimer""],""value"":0.0}",1790171974556490484,"{""ability"":""I"",""detected_level"":""S"",""filename"":""I"",""job"":""I"",""nist_control"":""I"",""service_name"":""I""}",1790171974556490484_80e218f0
"{""ability"":""target_acquisition"",""detected_level"":""unknown"",""filename"":""/opt/zeek/logs/current/telemetry.log"",""job"":""search_man"",""nist_control"":""detect"",""service_name"":""search_man""}",2026-09-23 09:59:34.556,"{""ts"":1790085036.199737,""peer"":""zeek"",""metric_type"":""gauge"",""name"":""zeek_timers_pending"",""labels"":[""type""],""label_values"":[""RemoveConnection""],""value"":0.0}",1790171974556477646,"{""ability"":""I"",""detected_level"":""S"",""filename"":""I"",""job"":""I"",""nist_control"":""I"",""service_name"":""I""}",1790171974556477646_2817357
"{""ability"":""target_acquisition"",""detected_level"":""unknown"",""filename"":""/opt/zeek/logs/current/telemetry.log"",""job"":""search_man"",""nist_control"":""detect"",""service_name"":""search_man""}",2026-09-23 09:59:34.556,"{""ts"":1790085036.199737,""peer"":""zeek"",""metric_type"":""gauge"",""name"":""zeek_timers_pending"",""labels"":[""type""],""label_values"":[""NetworkTimer""],""value"":0.0}",1790171974556471179,"{""ability"":""I"",""detected_level"":""S"",""filename"":""I"",""job"":""I"",""nist_control"":""I"",""service_name"":""I""}",1790171974556471179_8088f31a
"{""ability"":""target_acquisition"",""detected_level"":""unknown"",""filename"":""/opt/zeek/logs/current/telemetry.log"",""job"":""search_man"",""nist_control"":""detect"",""service_name"":""search_man""}",2026-09-23 09:59:34.556,"{""ts"":1790085036.199737,""peer"":""zeek"",""metric_type"":""gauge"",""name"":""zeek_timers_pending"",""labels"":[""type""],""label_values"":[""NetbiosExpireTimer""],""value"":0.0}",1790171974556371969,"{""ability"":""I"",""detected_level"":""S"",""filename"":""I"",""job"":""I"",""nist_control"":""I"",""service_name"":""I""}",1790171974556371969_6194d41f
"{""ability"":""target_acquisition"",""detected_level"":""unknown"",""filename"":""/opt/zeek/logs/current/telemetry.log"",""job"":""search_man"",""nist_control"":""detect"",""service_name"":""search_man""}",2026-09-23 09:59:34.556,"{""ts"":1790085036.199737,""peer"":""zeek"",""metric_type"":""gauge"",""name"":""zeek_timers_pending"",""labels"":[""type""],""label_values"":[""BackdoorTimer""],""value"":0.0}",1790171974556346272,"{""ability"":""I"",""detected_level"":""S"",""filename"":""I"",""job"":""I"",""nist_control"":""I"",""service_name"":""I""}",1790171974556346272_59704d41
"{""ability"":""target_acquisition"",""detected_level"":""unknown"",""filename"":""/opt/zeek/logs/current/telemetry.log"",""job"":""search_man"",""nist_control"":""detect"",""service_name"":""search_man""}",2026-09-23 09:59:34.556,"{""ts"":1790085036.199737,""peer"":""zeek"",""metric_type"":""gauge"",""name"":""zeek_timers_pending"",""labels"":[""type""],""label_values"":[""BreakpointTimer""],""value"":0.0}",1790171974556333700,"{""ability"":""I"",""detected_level"":""S"",""filename"":""I"",""job"":""I"",""nist_control"":""I"",""service_name"":""I""}",1790171974556333700_5a75d74d
"{""ability"":""target_acquisition"",""detected_level"":""unknown"",""filename"":""/opt/zeek/logs/current/telemetry.log"",""job"":""search_man"",""nist_control"":""detect"",""service_name"":""search_man""}",2026-09-23 09:59:34.556,"{""ts"":1790085036.199737,""peer"":""zeek"",""metric_type"":""gauge"",""name"":""zeek_timers_pending"",""labels"":[""type""],""label_values"":[""ConnectionExpireTimer""],""value"":0.0}",1790171974556322683,"{""ability"":""I"",""detected_level"":""S"",""filename"":""I"",""job"":""I"",""nist_control"":""I"",""service_name"":""I""}",1790171974556322683_3be91629
"{""ability"":""target_acquisition"",""detected_level"":""unknown"",""filename"":""/opt/zeek/logs/current/telemetry.log"",""job"":""search_man"",""nist_control"":""detect"",""service_name"":""search_man""}",2026-09-23 09:59:34.556,"{""ts"":1790085036.199737,""peer"":""zeek"",""metric_type"":""gauge"",""name"":""zeek_timers_pending"",""labels"":[""type""],""label_values"":[""ProfileTimer""],""value"":0.0}",1790171974556310410,"{""ability"":""I"",""detected_level"":""S"",""filename"":""I"",""job"":""I"",""nist_control"":""I"",""service_name"":""I""}",1790171974556310410_f11a28e9
"{""ability"":""target_acquisition"",""detected_level"":""unknown"",""filename"":""/opt/zeek/logs/current/telemetry.log"",""job"":""search_man"",""nist_control"":""detect"",""service_name"":""search_man""}",2026-09-23 09:59:34.556,"{""ts"":1790085036.199737,""peer"":""zeek"",""metric_type"":""gauge"",""name"":""zeek_timers_pending"",""labels"":[""type""],""label_values"":[""UnknownProtocolExpire""],""value"":0.0}",1790171974556238975,"{""ability"":""I"",""detected_level"":""S"",""filename"":""I"",""job"":""I"",""nist_control"":""I"",""service_name"":""I""}",1790171974556238975_9aa5789a
"{""ability"":""target_acquisition"",""detected_level"":""unknown"",""filename"":""/opt/zeek/logs/current/telemetry.log"",""job"":""search_man"",""nist_control"":""detect"",""service_name"":""search_man""}",2026-09-23 09:59:34.556,"{""ts"":1790085036.199737,""peer"":""zeek"",""metric_type"":""gauge"",""name"":""zeek_timers_pending"",""labels"":[""type""],""label_values"":[""DNSExpireTimer""],""value"":2.0}",1790171974556219189,"{""ability"":""I"",""detected_level"":""S"",""filename"":""I"",""job"":""I"",""nist_control"":""I"",""service_name"":""I""}",1790171974556219189_752e293e
"{""ability"":""target_acquisition"",""detected_level"":""unknown"",""filename"":""/opt/zeek/logs/current/telemetry.log"",""job"":""search_man"",""nist_control"":""detect"",""service_name"":""search_man""}",2026-09-23 09:59:34.556,"{""ts"":1790085036.199737,""peer"":""zeek"",""metric_type"":""gauge"",""name"":""zeek_timers_pending"",""labels"":[""type""],""label_values"":[""IPTunnelInactivityTimer""],""value"":0.0}",1790171974556202046,"{""ability"":""I"",""detected_level"":""S"",""filename"":""I"",""job"":""I"",""nist_control"":""I"",""service_name"":""I""}",1790171974556202046_998f4b33
"{""ability"":""target_acquisition"",""detected_level"":""unknown"",""filename"":""/opt/zeek/logs/current/telemetry.log"",""job"":""search_man"",""nist_control"":""detect"",""service_name"":""search_man""}",2026-09-23 09:59:34.556,"{""ts"":1790085036.199737,""peer"":""zeek"",""metric_type"":""gauge"",""name"":""zeek_timers_pending"",""labels"":[""type""],""label_values"":[""InterconnTimer""],""value"":0.0}",1790171974556152824,"{""ability"":""I"",""detected_level"":""S"",""filename"":""I"",""job"":""I"",""nist_control"":""I"",""service_name"":""I""}",1790171974556152824_311b2ab8
"{""ability"":""target_acquisition"",""detected_level"":""unknown"",""filename"":""/opt/zeek/logs/current/telemetry.log"",""job"":""search_man"",""nist_control"":""detect"",""service_name"":""search_man""}",2026-09-23 09:59:34.556,"{""ts"":1790085036.199737,""peer"":""zeek"",""metric_type"":""gauge"",""name"":""zeek_timers_pending"",""labels"":[""type""],""label_values"":[""NetWeirdTimer""],""value"":0.0}",1790171974556145835,"{""ability"":""I"",""detected_level"":""S"",""filename"":""I"",""job"":""I"",""nist_control"":""I"",""service_name"":""I""}",1790171974556145835_1a0f8b6
"{""ability"":""target_acquisition"",""detected_level"":""unknown"",""filename"":""/opt/zeek/logs/current/telemetry.log"",""job"":""search_man"",""nist_control"":""detect"",""service_name"":""search_man""}",2026-09-23 09:59:34.556,"{""ts"":1790085036.199737,""peer"":""zeek"",""metric_type"":""gauge"",""name"":""zeek_timers_pending"",""labels"":[""type""],""label_values"":[""LogFlushWriteBufferTimer""],""value"":1.0}",1790171974556064652,"{""ability"":""I"",""detected_level"":""S"",""filename"":""I"",""job"":""I"",""nist_control"":""I"",""service_name"":""I""}",1790171974556064652_8390b600
"{""ability"":""target_acquisition"",""detected_level"":""unknown"",""filename"":""/opt/zeek/logs/current/telemetry.log"",""job"":""search_man"",""nist_control"":""detect"",""service_name"":""search_man""}",2026-09-23 09:59:34.556,"{""ts"":1790085036.199737,""peer"":""zeek"",""metric_type"":""gauge"",""name"":""zeek_timers_pending"",""labels"":[""type""],""label_values"":[""ConnectionStatusUpdateTimer""],""value"":0.0}",1790171974556045314,"{""ability"":""I"",""detected_level"":""S"",""filename"":""I"",""job"":""I"",""nist_control"":""I"",""service_name"":""I""}",1790171974556045314_54c47099
"{""ability"":""target_acquisition"",""detected_level"":""unknown"",""filename"":""/opt/zeek/logs/current/telemetry.log"",""job"":""search_man"",""nist_control"":""detect"",""service_name"":""search_man""}",2026-09-23 09:59:34.556,"{""ts"":1790085036.199737,""peer"":""zeek"",""metric_type"":""gauge"",""name"":""zeek_timers_pending"",""labels"":[""type""],""label_values"":[""TCPConnectionExpireTimer""],""value"":8.0}",1790171974556002012,"{""ability"":""I"",""detected_level"":""S"",""filename"":""I"",""job"":""I"",""nist_control"":""I"",""service_name"":""I""}",1790171974556002012_54728cb8
"{""ability"":""target_acquisition"",""detected_level"":""unknown"",""filename"":""/opt/zeek/logs/current/telemetry.log"",""job"":""search_man"",""nist_control"":""detect"",""service_name"":""search_man""}",2026-09-23 09:59:34.555,"{""ts"":1790085036.199737,""peer"":""zeek"",""metric_type"":""gauge"",""name"":""zeek_timers_pending"",""labels"":[""type""],""label_values"":[""ConnectionInactivityTimer""],""value"":26.0}",1790171974555988938,"{""ability"":""I"",""detected_level"":""S"",""filename"":""I"",""job"":""I"",""nist_control"":""I"",""service_name"":""I""}",1790171974555988938_f06dec54
"{""ability"":""target_acquisition"",""detected_level"":""unknown"",""filename"":""/opt/zeek/logs/current/telemetry.log"",""job"":""search_man"",""nist_control"":""detect"",""service_name"":""search_man""}",2026-09-23 09:59:34.555,"{""ts"":1790085036.199737,""peer"":""zeek"",""metric_type"":""gauge"",""name"":""zeek_timers_pending"",""labels"":[""type""],""label_values"":[""StorageExpire""],""value"":1.0}",1790171974555983031,"{""ability"":""I"",""detected_level"":""S"",""filename"":""I"",""job"":""I"",""nist_control"":""I"",""service_name"":""I""}",1790171974555983031_af02759e
"{""ability"":""target_acquisition"",""detected_level"":""unknown"",""filename"":""/opt/zeek/logs/current/telemetry.log"",""job"":""search_man"",""nist_control"":""detect"",""service_name"":""search_man""}",2026-09-23 09:59:34.555,"{""ts"":1790085036.199737,""peer"":""zeek"",""metric_type"":""gauge"",""name"":""zeek_timers_pending"",""labels"":[""type""],""label_values"":[""FileAnalysisInactivityTimer""],""value"":0.0}",1790171974555924059,"{""ability"":""I"",""detected_level"":""S"",""filename"":""I"",""job"":""I"",""nist_control"":""I"",""service_name"":""I""}",1790171974555924059_400175f0
"{""ability"":""target_acquisition"",""detected_level"":""unknown"",""filename"":""/opt/zeek/logs/current/telemetry.log"",""job"":""search_man"",""nist_control"":""detect"",""service_name"":""search_man""}",2026-09-23 09:59:34.555,"{""ts"":1790085036.199737,""peer"":""zeek"",""metric_type"":""gauge"",""name"":""zeek_timers_pending"",""labels"":[""type""],""label_values"":[""FlowWeirdTimer""],""value"":0.0}",1790171974555905723,"{""ability"":""I"",""detected_level"":""S"",""filename"":""I"",""job"":""I"",""nist_control"":""I"",""service_name"":""I""}",1790171974555905723_9b2a8009
"{""ability"":""target_acquisition"",""detected_level"":""unknown"",""filename"":""/opt/zeek/logs/current/telemetry.log"",""job"":""search_man"",""nist_control"":""detect"",""service_name"":""search_man""}",2026-09-23 09:59:34.555,"{""ts"":1790085036.199737,""peer"":""zeek"",""metric_type"":""gauge"",""name"":""zeek_timers_pending"",""labels"":[""type""],""label_values"":[""RotateTimer""],""value"":16.0}",1790171974555889490,"{""ability"":""I"",""detected_level"":""S"",""filename"":""I"",""job"":""I"",""nist_control"":""I"",""service_name"":""I""}",1790171974555889490_a100a476
"{""ability"":""target_acquisition"",""detected_level"":""unknown"",""filename"":""/opt/zeek/logs/current/telemetry.log"",""job"":""search_man"",""nist_control"":""detect"",""service_name"":""search_man""}",2026-09-23 09:59:34.555,"{""ts"":1790085036.199737,""peer"":""zeek"",""metric_type"":""gauge"",""name"":""zeek_timers_pending"",""labels"":[""type""],""label_values"":[""FragTimer""],""value"":0.0}",1790171974555876231,"{""ability"":""I"",""detected_level"":""S"",""filename"":""I"",""job"":""I"",""nist_control"":""I"",""service_name"":""I""}",1790171974555876231_cedc7b8e
"{""ability"":""target_acquisition"",""detected_level"":""unknown"",""filename"":""/opt/zeek/logs/current/telemetry.log"",""job"":""search_man"",""nist_control"":""detect"",""service_name"":""search_man""}",2026-09-23 09:59:34.555,"{""ts"":1790085036.199737,""peer"":""zeek"",""metric_type"":""gauge"",""name"":""zeek_timers_pending"",""labels"":[""type""],""label_values"":[""ParentProcessIDCheck""],""value"":0.0}",1790171974555859085,"{""ability"":""I"",""detected_level"":""S"",""filename"":""I"",""job"":""I"",""nist_control"":""I"",""service_name"":""I""}",1790171974555859085_467195b7
"{""ability"":""target_acquisition"",""detected_level"":""unknown"",""filename"":""/opt/zeek/logs/current/telemetry.log"",""job"":""search_man"",""nist_control"":""detect"",""service_name"":""search_man""}",2026-09-23 09:59:34.555,"{""ts"":1790085036.199737,""peer"":""zeek"",""metric_type"":""gauge"",""name"":""zeek_timers_pending"",""labels"":[""type""],""label_values"":[""TablePublishBatchedChanges""],""value"":0.0}",1790171974555642825,"{""ability"":""I"",""detected_level"":""S"",""filename"":""I"",""job"":""I"",""nist_control"":""I"",""service_name"":""I""}",1790171974555642825_e28bee34
"{""ability"":""target_acquisition"",""detected_level"":""unknown"",""filename"":""/opt/zeek/logs/current/telemetry.log"",""job"":""search_man"",""nist_control"":""detect"",""service_name"":""search_man""}",2026-09-23 09:59:34.555,"{""ts"":1790085036.199737,""peer"":""zeek"",""metric_type"":""gauge"",""name"":""zeek_timers_pending"",""labels"":[""type""],""label_values"":[""TimerMgrExpireTimer""],""value"":0.0}",1790171974555632197,"{""ability"":""I"",""detected_level"":""S"",""filename"":""I"",""job"":""I"",""nist_control"":""I"",""service_name"":""I""}",1790171974555632197_51113e0c
"{""ability"":""target_acquisition"",""detected_level"":""unknown"",""filename"":""/opt/zeek/logs/current/telemetry.log"",""job"":""search_man"",""nist_control"":""detect"",""service_name"":""search_man""}",2026-09-23 09:59:34.555,"{""ts"":1790085036.199737,""peer"":""zeek"",""metric_type"":""gauge"",""name"":""zeek_timers_pending"",""labels"":[""type""],""label_values"":[""ThreadHeartbeat""],""value"":1.0}",1790171974555624577,"{""ability"":""I"",""detected_level"":""S"",""filename"":""I"",""job"":""I"",""nist_control"":""I"",""service_name"":""I""}",1790171974555624577_5671eb94
"{""ability"":""target_acquisition"",""detected_level"":""unknown"",""filename"":""/opt/zeek/logs/current/telemetry.log"",""job"":""search_man"",""nist_control"":""detect"",""service_name"":""search_man""}",2026-09-23 09:59:34.555,"{""ts"":1790085036.199737,""peer"":""zeek"",""metric_type"":""gauge"",""name"":""zeek_timers_pending"",""labels"":[""type""],""label_values"":[""LogDelayExpire""],""value"":0.0}",1790171974555406581,"{""ability"":""I"",""detected_level"":""S"",""filename"":""I"",""job"":""I"",""nist_control"":""I"",""service_name"":""I""}",1790171974555406581_d70001e9
"{""ability"":""target_acquisition"",""detected_level"":""unknown"",""filename"":""/opt/zeek/logs/current/telemetry.log"",""job"":""search_man"",""nist_control"":""detect"",""service_name"":""search_man""}",2026-09-23 09:59:34.555,"{""ts"":1790085036.199737,""peer"":""zeek"",""metric_type"":""gauge"",""name"":""zeek_timers_lag_time_seconds"",""labels"":[],""label_values"":[],""value"":0.1304149627685547}",1790171974555391580,"{""ability"":""I"",""detected_level"":""S"",""filename"":""I"",""job"":""I"",""nist_control"":""I"",""service_name"":""I""}",1790171974555391580_74eec6ac
"{""ability"":""target_acquisition"",""detected_level"":""unknown"",""filename"":""/opt/zeek/logs/current/telemetry.log"",""job"":""search_man"",""nist_control"":""detect"",""service_name"":""search_man""}",2026-09-23 09:59:34.555,"{""ts"":1790085036.199737,""peer"":""zeek"",""metric_type"":""gauge"",""name"":""zeek_broker_pending_queries"",""labels"":[],""label_values"":[],""value"":0.0}",1790171974555378831,"{""ability"":""I"",""detected_level"":""S"",""filename"":""I"",""job"":""I"",""nist_control"":""I"",""service_name"":""I""}",1790171974555378831_2a399f9f
"{""ability"":""target_acquisition"",""detected_level"":""unknown"",""filename"":""/opt/zeek/logs/current/telemetry.log"",""job"":""search_man"",""nist_control"":""detect"",""service_name"":""search_man""}",2026-09-23 09:59:34.555,"{""ts"":1790085036.199737,""peer"":""zeek"",""metric_type"":""gauge"",""name"":""zeek_broker_stores"",""labels"":[],""label_values"":[],""value"":1.0}",1790171974555369832,"{""ability"":""I"",""detected_level"":""S"",""filename"":""I"",""job"":""I"",""nist_control"":""I"",""service_name"":""I""}",1790171974555369832_7d3edbf4
"{""ability"":""target_acquisition"",""detected_level"":""unknown"",""filename"":""/opt/zeek/logs/current/telemetry.log"",""job"":""search_man"",""nist_control"":""detect"",""service_name"":""search_man""}",2026-09-23 09:59:34.555,"{""ts"":1790085036.199737,""peer"":""zeek"",""metric_type"":""gauge"",""name"":""zeek_broker_peers"",""labels"":[],""label_values"":[],""value"":0.0}",1790171974555365430,"{""ability"":""I"",""detected_level"":""S"",""filename"":""I"",""job"":""I"",""nist_control"":""I"",""service_name"":""I""}",1790171974555365430_45ded352
"{""ability"":""target_acquisition"",""detected_level"":""unknown"",""filename"":""/opt/zeek/logs/current/telemetry.log"",""job"":""search_man"",""nist_control"":""detect"",""service_name"":""search_man""}",2026-09-23 09:59:34.555,"{""ts"":1790085036.199737,""peer"":""zeek"",""metric_type"":""gauge"",""name"":""zeek_msgthread_pending_messages_out_buckets"",""labels"":[""leq""],""label_values"":[""1""],""value"":17.0}",1790171974555296331,"{""ability"":""I"",""detected_level"":""S"",""filename"":""I"",""job"":""I"",""nist_control"":""I"",""service_name"":""I""}",1790171974555296331_500c3b6f
"{""ability"":""target_acquisition"",""detected_level"":""unknown"",""filename"":""/opt/zeek/logs/current/telemetry.log"",""job"":""search_man"",""nist_control"":""detect"",""service_name"":""search_man""}",2026-09-23 09:59:34.555,"{""ts"":1790085036.199737,""peer"":""zeek"",""metric_type"":""gauge"",""name"":""zeek_msgthread_pending_messages_out_buckets"",""labels"":[""leq""],""label_values"":[""10""],""value"":17.0}",1790171974555281006,"{""ability"":""I"",""detected_level"":""S"",""filename"":""I"",""job"":""I"",""nist_control"":""I"",""service_name"":""I""}",1790171974555281006_e291229d
"{""ability"":""target_acquisition"",""detected_level"":""unknown"",""filename"":""/opt/zeek/logs/current/telemetry.log"",""job"":""search_man"",""nist_control"":""detect"",""service_name"":""search_man""}",2026-09-23 09:59:34.555,"{""ts"":1790085036.199737,""peer"":""zeek"",""metric_type"":""gauge"",""name"":""zeek_msgthread_pending_messages_out_buckets"",""labels"":[""leq""],""label_values"":[""100""],""value"":17.0}",1790171974555268265,"{""ability"":""I"",""detected_level"":""S"",""filename"":""I"",""job"":""I"",""nist_control"":""I"",""service_name"":""I""}",1790171974555268265_64848037
"{""ability"":""target_acquisition"",""detected_level"":""unknown"",""filename"":""/opt/zeek/logs/current/telemetry.log"",""job"":""search_man"",""nist_control"":""detect"",""service_name"":""search_man""}",2026-09-23 09:59:34.555,"{""ts"":1790085036.199737,""peer"":""zeek"",""metric_type"":""gauge"",""name"":""zeek_msgthread_pending_messages_out_buckets"",""labels"":[""leq""],""label_values"":[""1000""],""value"":17.0}",1790171974555259311,"{""ability"":""I"",""detected_level"":""S"",""filename"":""I"",""job"":""I"",""nist_control"":""I"",""service_name"":""I""}",1790171974555259311_afd98f35
"{""ability"":""target_acquisition"",""detected_level"":""unknown"",""filename"":""/opt/zeek/logs/current/telemetry.log"",""job"":""search_man"",""nist_control"":""detect"",""service_name"":""search_man""}",2026-09-23 09:59:34.555,"{""ts"":1790085036.199737,""peer"":""zeek"",""metric_type"":""gauge"",""name"":""zeek_msgthread_pending_messages_out_buckets"",""labels"":[""leq""],""label_values"":[""10000""],""value"":17.0}",1790171974555255050,"{""ability"":""I"",""detected_level"":""S"",""filename"":""I"",""job"":""I"",""nist_control"":""I"",""service_name"":""I""}",1790171974555255050_3c8e70bf
"{""ability"":""target_acquisition"",""detected_level"":""unknown"",""filename"":""/opt/zeek/logs/current/telemetry.log"",""job"":""search_man"",""nist_control"":""detect"",""service_name"":""search_man""}",2026-09-23 09:59:34.555,"{""ts"":1790085036.199737,""peer"":""zeek"",""metric_type"":""gauge"",""name"":""zeek_msgthread_pending_messages_out_buckets"",""labels"":[""leq""],""label_values"":[""inf""],""value"":17.0}",1790171974555183862,"{""ability"":""I"",""detected_level"":""S"",""filename"":""I"",""job"":""I"",""nist_control"":""I"",""service_name"":""I""}",1790171974555183862_dfda2097
"{""ability"":""target_acquisition"",""detected_level"":""unknown"",""filename"":""/opt/zeek/logs/current/telemetry.log"",""job"":""search_man"",""nist_control"":""detect"",""service_name"":""search_man""}",2026-09-23 09:59:34.555,"{""ts"":1790085036.199737,""peer"":""zeek"",""metric_type"":""gauge"",""name"":""zeek_msgthread_pending_messages_in_buckets"",""labels"":[""leq""],""label_values"":[""1""],""value"":17.0}",1790171974555159182,"{""ability"":""I"",""detected_level"":""S"",""filename"":""I"",""job"":""I"",""nist_control"":""I"",""service_name"":""I""}",1790171974555159182_70bc5f78
"{""ability"":""target_acquisition"",""detected_level"":""unknown"",""filename"":""/opt/zeek/logs/current/telemetry.log"",""job"":""search_man"",""nist_control"":""detect"",""service_name"":""search_man""}",2026-09-23 09:59:34.555,"{""ts"":1790085036.199737,""peer"":""zeek"",""metric_type"":""gauge"",""name"":""zeek_msgthread_pending_messages_in_buckets"",""labels"":[""leq""],""label_values"":[""10""],""value"":17.0}",1790171974555146866,"{""ability"":""I"",""detected_level"":""S"",""filename"":""I"",""job"":""I"",""nist_control"":""I"",""service_name"":""I""}",1790171974555146866_9c34b1fc
"{""ability"":""target_acquisition"",""detected_level"":""unknown"",""filename"":""/opt/zeek/logs/current/telemetry.log"",""job"":""search_man"",""nist_control"":""detect"",""service_name"":""search_man""}",2026-09-23 09:59:34.555,"{""ts"":1790085036.199737,""peer"":""zeek"",""metric_type"":""gauge"",""name"":""zeek_msgthread_pending_messages_in_buckets"",""labels"":[""leq""],""label_values"":[""100""],""value"":17.0}",1790171974555137428,"{""ability"":""I"",""detected_level"":""S"",""filename"":""I"",""job"":""I"",""nist_control"":""I"",""service_name"":""I""}",1790171974555137428_5b0a8c08
"{""ability"":""target_acquisition"",""detected_level"":""unknown"",""filename"":""/opt/zeek/logs/current/telemetry.log"",""job"":""search_man"",""nist_control"":""detect"",""service_name"":""search_man""}",2026-09-23 09:59:34.555,"{""ts"":1790085036.199737,""peer"":""zeek"",""metric_type"":""gauge"",""name"":""zeek_msgthread_pending_messages_in_buckets"",""labels"":[""leq""],""label_values"":[""1000""],""value"":17.0}",1790171974555133179,"{""ability"":""I"",""detected_level"":""S"",""filename"":""I"",""job"":""I"",""nist_control"":""I"",""service_name"":""I""}",1790171974555133179_3d45f1cc
"{""ability"":""target_acquisition"",""detected_level"":""unknown"",""filename"":""/opt/zeek/logs/current/telemetry.log"",""job"":""search_man"",""nist_control"":""detect"",""service_name"":""search_man""}",2026-09-23 09:59:34.555,"{""ts"":1790085036.199737,""peer"":""zeek"",""metric_type"":""gauge"",""name"":""zeek_msgthread_pending_messages_in_buckets"",""labels"":[""leq""],""label_values"":[""10000""],""value"":17.0}",1790171974555063706,"{""ability"":""I"",""detected_level"":""S"",""filename"":""I"",""job"":""I"",""nist_control"":""I"",""service_name"":""I""}",1790171974555063706_69fa3e58
"{""ability"":""target_acquisition"",""detected_level"":""unknown"",""filename"":""/opt/zeek/logs/current/telemetry.log"",""job"":""search_man"",""nist_control"":""detect"",""service_name"":""search_man""}",2026-09-23 09:59:34.555,"{""ts"":1790085036.199737,""peer"":""zeek"",""metric_type"":""gauge"",""name"":""zeek_msgthread_pending_messages_in_buckets"",""labels"":[""leq""],""label_values"":[""inf""],""value"":17.0}",1790171974555048122,"{""ability"":""I"",""detected_level"":""S"",""filename"":""I"",""job"":""I"",""nist_control"":""I"",""service_name"":""I""}",1790171974555048122_45d14394
"{""ability"":""target_acquisition"",""detected_level"":""unknown"",""filename"":""/opt/zeek/logs/current/telemetry.log"",""job"":""search_man"",""nist_control"":""detect"",""service_name"":""search_man""}",2026-09-23 09:59:34.555,"{""ts"":1790085036.199737,""peer"":""zeek"",""metric_type"":""gauge"",""name"":""zeek_msgthread_pending_out_messages"",""labels"":[],""label_values"":[],""value"":0.0}",1790171974555035233,"{""ability"":""I"",""detected_level"":""S"",""filename"":""I"",""job"":""I"",""nist_control"":""I"",""service_name"":""I""}",1790171974555035233_dbd3b252
"{""ability"":""target_acquisition"",""detected_level"":""unknown"",""filename"":""/opt/zeek/logs/current/telemetry.log"",""job"":""search_man"",""nist_control"":""detect"",""service_name"":""search_man""}",2026-09-23 09:59:34.555,"{""ts"":1790085036.199737,""peer"":""zeek"",""metric_type"":""gauge"",""name"":""zeek_msgthread_pending_in_messages"",""labels"":[],""label_values"":[],""value"":0.0}",1790171974555025881,"{""ability"":""I"",""detected_level"":""S"",""filename"":""I"",""job"":""I"",""nist_control"":""I"",""service_name"":""I""}",1790171974555025881_80b3550f
"{""ability"":""target_acquisition"",""detected_level"":""unknown"",""filename"":""/opt/zeek/logs/current/telemetry.log"",""job"":""search_man"",""nist_control"":""detect"",""service_name"":""search_man""}",2026-09-23 09:59:34.555,"{""ts"":1790085036.199737,""peer"":""zeek"",""metric_type"":""gauge"",""name"":""zeek_msgthread_active_threads"",""labels"":[],""label_values"":[],""value"":17.0}",1790171974555021311,"{""ability"":""I"",""detected_level"":""S"",""filename"":""I"",""job"":""I"",""nist_control"":""I"",""service_name"":""I""}",1790171974555021311_21ef2425
"{""ability"":""target_acquisition"",""detected_level"":""unknown"",""filename"":""/opt/zeek/logs/current/telemetry.log"",""job"":""search_man"",""nist_control"":""detect"",""service_name"":""search_man""}",2026-09-23 09:59:34.554,"{""ts"":1790085036.199737,""peer"":""zeek"",""metric_type"":""gauge"",""name"":""zeek_net_timestamp_seconds"",""labels"":[],""label_values"":[],""value"":1790085036.199737}",1790171974554934073,"{""ability"":""I"",""detected_level"":""S"",""filename"":""I"",""job"":""I"",""nist_control"":""I"",""service_name"":""I""}",1790171974554934073_217c33ca
"{""ability"":""target_acquisition"",""detected_level"":""unknown"",""filename"":""/opt/zeek/logs/current/telemetry.log"",""job"":""search_man"",""nist_control"":""detect"",""service_name"":""search_man""}",2026-09-23 09:59:34.554,"{""ts"":1790085036.199737,""peer"":""zeek"",""metric_type"":""gauge"",""name"":""zeek_net_packet_lag_seconds"",""labels"":[],""label_values"":[],""value"":10.437428951263428}",1790171974554919008,"{""ability"":""I"",""detected_level"":""S"",""filename"":""I"",""job"":""I"",""nist_control"":""I"",""service_name"":""I""}",1790171974554919008_17c13fdb
"{""ability"":""target_acquisition"",""detected_level"":""debug"",""filename"":""/opt/zeek/logs/current/telemetry.log"",""job"":""search_man"",""nist_control"":""detect"",""service_name"":""search_man""}",2026-09-23 09:59:34.554,"{""ts"":1790085036.199737,""peer"":""zeek"",""metric_type"":""gauge"",""name"":""zeek_version_info"",""labels"":[""beta"",""commit"",""debug"",""major"",""minor"",""patch"",""version_number"",""version_string""],""label_values"":[""false"",""0"",""false"",""8"",""2"",""2"",""80202"",""8.2.2""],""value"":1.0}",1790171974554907063,"{""ability"":""I"",""detected_level"":""S"",""filename"":""I"",""job"":""I"",""nist_control"":""I"",""service_name"":""I""}",1790171974554907063_e5c9c214
"{""ability"":""target_acquisition"",""detected_level"":""unknown"",""filename"":""/opt/zeek/logs/current/telemetry.log"",""job"":""search_man"",""nist_control"":""detect"",""service_name"":""search_man""}",2026-09-23 09:59:34.554,"{""ts"":1790085036.199737,""peer"":""zeek"",""metric_type"":""counter"",""name"":""zeek_total_sessions_total"",""labels"":[""protocol""],""label_values"":[""tcp""],""value"":792.0}",1790171974554897545,"{""ability"":""I"",""detected_level"":""S"",""filename"":""I"",""job"":""I"",""nist_control"":""I"",""service_name"":""I""}",1790171974554897545_9e932fa2
"{""ability"":""target_acquisition"",""detected_level"":""unknown"",""filename"":""/opt/zeek/logs/current/telemetry.log"",""job"":""search_man"",""nist_control"":""detect"",""service_name"":""search_man""}",2026-09-23 09:59:34.554,"{""ts"":1790085036.199737,""peer"":""zeek"",""metric_type"":""counter"",""name"":""zeek_total_sessions_total"",""labels"":[""protocol""],""label_values"":[""udp""],""value"":1683.0}",1790171974554893258,"{""ability"":""I"",""detected_level"":""S"",""filename"":""I"",""job"":""I"",""nist_control"":""I"",""service_name"":""I""}",1790171974554893258_ca4d14e
"{""ability"":""target_acquisition"",""detected_level"":""unknown"",""filename"":""/opt/zeek/logs/current/telemetry.log"",""job"":""search_man"",""nist_control"":""detect"",""service_name"":""search_man""}",2026-09-23 09:59:34.554,"{""ts"":1790085036.199737,""peer"":""zeek"",""metric_type"":""counter"",""name"":""zeek_total_sessions_total"",""labels"":[""protocol""],""label_values"":[""icmp""],""value"":414.0}",1790171974554823590,"{""ability"":""I"",""detected_level"":""S"",""filename"":""I"",""job"":""I"",""nist_control"":""I"",""service_name"":""I""}",1790171974554823590_905e7fb
"{""ability"":""target_acquisition"",""detected_level"":""unknown"",""filename"":""/opt/zeek/logs/current/telemetry.log"",""job"":""search_man"",""nist_control"":""detect"",""service_name"":""search_man""}",2026-09-23 09:59:34.554,"{""ts"":1790085036.199737,""peer"":""zeek"",""metric_type"":""counter"",""name"":""zeek_cluster_zeromq_proxy_backend_bytes_sent_total"",""labels"":[],""label_values"":[],""value"":0.0}",1790171974554808221,"{""ability"":""I"",""detected_level"":""S"",""filename"":""I"",""job"":""I"",""nist_control"":""I"",""service_name"":""I""}",1790171974554808221_b9d84dfd
"{""ability"":""target_acquisition"",""detected_level"":""unknown"",""filename"":""/opt/zeek/logs/current/telemetry.log"",""job"":""search_man"",""nist_control"":""detect"",""service_name"":""search_man""}",2026-09-23 09:59:34.554,"{""ts"":1790085036.199737,""peer"":""zeek"",""metric_type"":""counter"",""name"":""zeek_cluster_zeromq_proxy_backend_messages_sent_total"",""labels"":[],""label_values"":[],""value"":0.0}",1790171974554795545,"{""ability"":""I"",""detected_level"":""S"",""filename"":""I"",""job"":""I"",""nist_control"":""I"",""service_name"":""I""}",1790171974554795545_433aaf3e
"{""ability"":""target_acquisition"",""detected_level"":""unknown"",""filename"":""/opt/zeek/logs/current/telemetry.log"",""job"":""search_man"",""nist_control"":""detect"",""service_name"":""search_man""}",2026-09-23 09:59:34.554,"{""ts"":1790085036.199737,""peer"":""zeek"",""metric_type"":""counter"",""name"":""zeek_cluster_zeromq_proxy_backend_bytes_received_total"",""labels"":[],""label_values"":[],""value"":52.0}",1790171974554786128,"{""ability"":""I"",""detected_level"":""S"",""filename"":""I"",""job"":""I"",""nist_control"":""I"",""service_name"":""I""}",1790171974554786128_9a6aff1d
"{""ability"":""target_acquisition"",""detected_level"":""unknown"",""filename"":""/opt/zeek/logs/current/telemetry.log"",""job"":""search_man"",""nist_control"":""detect"",""service_name"":""search_man""}",2026-09-23 09:59:34.554,"{""ts"":1790085036.199737,""peer"":""zeek"",""metric_type"":""counter"",""name"":""zeek_cluster_zeromq_proxy_backend_messages_received_total"",""labels"":[],""label_values"":[],""value"":3.0}",1790171974554781809,"{""ability"":""I"",""detected_level"":""S"",""filename"":""I"",""job"":""I"",""nist_control"":""I"",""service_name"":""I""}",1790171974554781809_5d4ac87c
"{""ability"":""target_acquisition"",""detected_level"":""unknown"",""filename"":""/opt/zeek/logs/current/telemetry.log"",""job"":""search_man"",""nist_control"":""detect"",""service_name"":""search_man""}",2026-09-23 09:59:34.554,"{""ts"":1790085036.199737,""peer"":""zeek"",""metric_type"":""counter"",""name"":""zeek_cluster_zeromq_proxy_frontend_bytes_sent_total"",""labels"":[],""label_values"":[],""value"":52.0}",1790171974554713275,"{""ability"":""I"",""detected_level"":""S"",""filename"":""I"",""job"":""I"",""nist_control"":""I"",""service_name"":""I""}",1790171974554713275_c0e78bd2
"{""ability"":""target_acquisition"",""detected_level"":""unknown"",""filename"":""/opt/zeek/logs/current/telemetry.log"",""job"":""search_man"",""nist_control"":""detect"",""service_name"":""search_man""}",2026-09-23 09:59:34.554,"{""ts"":1790085036.199737,""peer"":""zeek"",""metric_type"":""counter"",""name"":""zeek_cluster_zeromq_proxy_frontend_messages_sent_total"",""labels"":[],""label_values"":[],""value"":3.0}",1790171974554698166,"{""ability"":""I"",""detected_level"":""S"",""filename"":""I"",""job"":""I"",""nist_control"":""I"",""service_name"":""I""}",1790171974554698166_4c84c2d9
"{""ability"":""target_acquisition"",""detected_level"":""unknown"",""filename"":""/opt/zeek/logs/current/telemetry.log"",""job"":""search_man"",""nist_control"":""detect"",""service_name"":""search_man""}",2026-09-23 09:59:34.554,"{""ts"":1790085036.199737,""peer"":""zeek"",""metric_type"":""counter"",""name"":""zeek_cluster_zeromq_proxy_frontend_bytes_received_total"",""labels"":[],""label_values"":[],""value"":0.0}",1790171974554686816,"{""ability"":""I"",""detected_level"":""S"",""filename"":""I"",""job"":""I"",""nist_control"":""I"",""service_name"":""I""}",1790171974554686816_2a01709c
"{""ability"":""target_acquisition"",""detected_level"":""unknown"",""filename"":""/opt/zeek/logs/current/telemetry.log"",""job"":""search_man"",""nist_control"":""detect"",""service_name"":""search_man""}",2026-09-23 09:59:34.554,"{""ts"":1790085036.199737,""peer"":""zeek"",""metric_type"":""counter"",""name"":""zeek_cluster_zeromq_proxy_frontend_messages_received_total"",""labels"":[],""label_values"":[],""value"":0.0}",1790171974554675816,"{""ability"":""I"",""detected_level"":""S"",""filename"":""I"",""job"":""I"",""nist_control"":""I"",""service_name"":""I""}",1790171974554675816_2e02aefb
"{""ability"":""target_acquisition"",""detected_level"":""unknown"",""filename"":""/opt/zeek/logs/current/telemetry.log"",""job"":""search_man"",""nist_control"":""detect"",""service_name"":""search_man""}",2026-09-23 09:59:34.554,"{""ts"":1790085036.199737,""peer"":""zeek"",""metric_type"":""counter"",""name"":""zeek_event_handler_invocations_total"",""labels"":[""name""],""label_values"":[""x509_ocsp_ext_signed_certificate_timestamp""],""value"":15.0}",1790171974554652406,"{""ability"":""I"",""detected_level"":""S"",""filename"":""I"",""job"":""I"",""nist_control"":""I"",""service_name"":""I""}",1790171974554652406_bf12582b
"{""ability"":""target_acquisition"",""detected_level"":""unknown"",""filename"":""/opt/zeek/logs/current/telemetry.log"",""job"":""search_man"",""nist_control"":""detect"",""service_name"":""search_man""}",2026-09-23 09:59:34.554,"{""ts"":1790085036.199737,""peer"":""zeek"",""metric_type"":""counter"",""name"":""zeek_event_handler_invocations_total"",""labels"":[""name""],""label_values"":[""file_hash""],""value"":45.0}",1790171974554562195,"{""ability"":""I"",""detected_level"":""S"",""filename"":""I"",""job"":""I"",""nist_control"":""I"",""service_name"":""I""}",1790171974554562195_dc7efa9f
"{""ability"":""target_acquisition"",""detected_level"":""unknown"",""filename"":""/opt/zeek/logs/current/telemetry.log"",""job"":""search_man"",""nist_control"":""detect"",""service_name"":""search_man""}",2026-09-23 09:59:34.554,"{""ts"":1790085036.199737,""peer"":""zeek"",""metric_type"":""counter"",""name"":""zeek_event_handler_invocations_total"",""labels"":[""name""],""label_values"":[""x509_certificate""],""value"":15.0}",1790171974554546929,"{""ability"":""I"",""detected_level"":""S"",""filename"":""I"",""job"":""I"",""nist_control"":""I"",""service_name"":""I""}",1790171974554546929_4cc9e219
"{""ability"":""target_acquisition"",""detected_level"":""unknown"",""filename"":""/opt/zeek/logs/current/telemetry.log"",""job"":""search_man"",""nist_control"":""detect"",""service_name"":""search_man""}",2026-09-23 09:59:34.554,"{""ts"":1790085036.199737,""peer"":""zeek"",""metric_type"":""counter"",""name"":""zeek_event_handler_invocations_total"",""labels"":[""name""],""label_values"":[""ntp_message""],""value"":8.0}",1790171974554534566,"{""ability"":""I"",""detected_level"":""S"",""filename"":""I"",""job"":""I"",""nist_control"":""I"",""service_name"":""I""}",1790171974554534566_64fe27b9
"{""ability"":""target_acquisition"",""detected_level"":""unknown"",""filename"":""/opt/zeek/logs/current/telemetry.log"",""job"":""search_man"",""nist_control"":""detect"",""service_name"":""search_man""}",2026-09-23 09:59:34.554,"{""ts"":1790085036.199737,""peer"":""zeek"",""metric_type"":""counter"",""name"":""zeek_event_handler_invocations_total"",""labels"":[""name""],""label_values"":[""QUIC::zero_rtt_packet""],""value"":166.0}",1790171974554525649,"{""ability"":""I"",""detected_level"":""S"",""filename"":""I"",""job"":""I"",""nist_control"":""I"",""service_name"":""I""}",1790171974554525649_d6a3758
"{""ability"":""target_acquisition"",""detected_level"":""unknown"",""filename"":""/opt/zeek/logs/current/telemetry.log"",""job"":""search_man"",""nist_control"":""detect"",""service_name"":""search_man""}",2026-09-23 09:59:34.554,"{""ts"":1790085036.199737,""peer"":""zeek"",""metric_type"":""counter"",""name"":""zeek_event_handler_invocations_total"",""labels"":[""name""],""label_values"":[""ssl_plaintext_data""],""value"":1042.0}",1790171974554521224,"{""ability"":""I"",""detected_level"":""S"",""filename"":""I"",""job"":""I"",""nist_control"":""I"",""service_name"":""I""}",1790171974554521224_46ae4fed
"{""ability"":""target_acquisition"",""detected_level"":""unknown"",""filename"":""/opt/zeek/logs/current/telemetry.log"",""job"":""search_man"",""nist_control"":""detect"",""service_name"":""search_man""}",2026-09-23 09:59:34.554,"{""ts"":1790085036.199737,""peer"":""zeek"",""metric_type"":""counter"",""name"":""zeek_event_handler_invocations_total"",""labels"":[""name""],""label_values"":[""file_sniff""],""value"":15.0}",1790171974554452835,"{""ability"":""I"",""detected_level"":""S"",""filename"":""I"",""job"":""I"",""nist_control"":""I"",""service_name"":""I""}",1790171974554452835_a3792b60
"{""ability"":""target_acquisition"",""detected_level"":""unknown"",""filename"":""/opt/zeek/logs/current/telemetry.log"",""job"":""search_man"",""nist_control"":""detect"",""service_name"":""search_man""}",2026-09-23 09:59:34.554,"{""ts"":1790085036.199737,""peer"":""zeek"",""metric_type"":""counter"",""name"":""zeek_event_handler_invocations_total"",""labels"":[""name""],""label_values"":[""file_over_new_connection""],""value"":15.0}",1790171974554437725,"{""ability"":""I"",""detected_level"":""S"",""filename"":""I"",""job"":""I"",""nist_control"":""I"",""service_name"":""I""}",1790171974554437725_f469b848
"{""ability"":""target_acquisition"",""detected_level"":""unknown"",""filename"":""/opt/zeek/logs/current/telemetry.log"",""job"":""search_man"",""nist_control"":""detect"",""service_name"":""search_man""}",2026-09-23 09:59:34.554,"{""ts"":1790085036.199737,""peer"":""zeek"",""metric_type"":""counter"",""name"":""zeek_event_handler_invocations_total"",""labels"":[""name""],""label_values"":[""x509_extension""],""value"":125.0}",1790171974554425877,"{""ability"":""I"",""detected_level"":""S"",""filename"":""I"",""job"":""I"",""nist_control"":""I"",""service_name"":""I""}",1790171974554425877_da906ac1
"{""ability"":""target_acquisition"",""detected_level"":""unknown"",""filename"":""/opt/zeek/logs/current/telemetry.log"",""job"":""search_man"",""nist_control"":""detect"",""service_name"":""search_man""}",2026-09-23 09:59:34.554,"{""ts"":1790085036.199737,""peer"":""zeek"",""metric_type"":""counter"",""name"":""zeek_event_handler_invocations_total"",""labels"":[""name""],""label_values"":[""file_new""],""value"":15.0}",1790171974554416551,"{""ability"":""I"",""detected_level"":""S"",""filename"":""I"",""job"":""I"",""nist_control"":""I"",""service_name"":""I""}",1790171974554416551_cd18ce6
"{""ability"":""target_acquisition"",""detected_level"":""unknown"",""filename"":""/opt/zeek/logs/current/telemetry.log"",""job"":""search_man"",""nist_control"":""detect"",""service_name"":""search_man""}",2026-09-23 09:59:34.554,"{""ts"":1790085036.199737,""peer"":""zeek"",""metric_type"":""counter"",""name"":""zeek_event_handler_invocations_total"",""labels"":[""name""],""label_values"":[""ssl_ecdh_server_params""],""value"":5.0}",1790171974554411760,"{""ability"":""I"",""detected_level"":""S"",""filename"":""I"",""job"":""I"",""nist_control"":""I"",""service_name"":""I""}",1790171974554411760_3237a3a
"{""ability"":""target_acquisition"",""detected_level"":""unknown"",""filename"":""/opt/zeek/logs/current/telemetry.log"",""job"":""search_man"",""nist_control"":""detect"",""service_name"":""search_man""}",2026-09-23 09:59:34.554,"{""ts"":1790085036.199737,""peer"":""zeek"",""metric_type"":""counter"",""name"":""zeek_event_handler_invocations_total"",""labels"":[""name""],""label_values"":[""ssl_extension_application_layer_protocol_negotiation""],""value"":309.0}",1790171974554320265,"{""ability"":""I"",""detected_level"":""S"",""filename"":""I"",""job"":""I"",""nist_control"":""I"",""service_name"":""I""}",1790171974554320265_91dc8c51
"{""ability"":""target_acquisition"",""detected_level"":""unknown"",""filename"":""/opt/zeek/logs/current/telemetry.log"",""job"":""search_man"",""nist_control"":""detect"",""service_name"":""search_man""}",2026-09-23 09:59:34.554,"{""ts"":1790085036.199737,""peer"":""zeek"",""metric_type"":""counter"",""name"":""zeek_event_handler_invocations_total"",""labels"":[""name""],""label_values"":[""file_state_remove""],""value"":15.0}",1790171974554303900,"{""ability"":""I"",""detected_level"":""S"",""filename"":""I"",""job"":""I"",""nist_control"":""I"",""service_name"":""I""}",1790171974554303900_d89ae062
"{""ability"":""target_acquisition"",""detected_level"":""unknown"",""filename"":""/opt/zeek/logs/current/telemetry.log"",""job"":""search_man"",""nist_control"":""detect"",""service_name"":""search_man""}",2026-09-23 09:59:34.554,"{""ts"":1790085036.199737,""peer"":""zeek"",""metric_type"":""counter"",""name"":""zeek_event_handler_invocations_total"",""labels"":[""name""],""label_values"":[""dns_message""],""value"":46703.0}",1790171974554291183,"{""ability"":""I"",""detected_level"":""S"",""filename"":""I"",""job"":""I"",""nist_control"":""I"",""service_name"":""I""}",1790171974554291183_b9545480
"{""ability"":""target_acquisition"",""detected_level"":""unknown"",""filename"":""/opt/zeek/logs/current/telemetry.log"",""job"":""search_man"",""nist_control"":""detect"",""service_name"":""search_man""}",2026-09-23 09:59:34.554,"{""ts"":1790085036.199737,""peer"":""zeek"",""metric_type"":""counter"",""name"":""zeek_event_handler_invocations_total"",""labels"":[""name""],""label_values"":[""ssl_established""],""value"":183.0}",1790171974554281297,"{""ability"":""I"",""detected_level"":""S"",""filename"":""I"",""job"":""I"",""nist_control"":""I"",""service_name"":""I""}",1790171974554281297_fb48cd2c
"{""ability"":""target_acquisition"",""detected_level"":""unknown"",""filename"":""/opt/zeek/logs/current/telemetry.log"",""job"":""search_man"",""nist_control"":""detect"",""service_name"":""search_man""}",2026-09-23 09:59:34.554,"{""ts"":1790085036.199737,""peer"":""zeek"",""metric_type"":""counter"",""name"":""zeek_event_handler_invocations_total"",""labels"":[""name""],""label_values"":[""dns_AAAA_reply""],""value"":75940.0}",1790171974554275345,"{""ability"":""I"",""detected_level"":""S"",""filename"":""I"",""job"":""I"",""nist_control"":""I"",""service_name"":""I""}",1790171974554275345_c80dbef9
"{""ability"":""target_acquisition"",""detected_level"":""unknown"",""filename"":""/opt/zeek/logs/current/telemetry.log"",""job"":""search_man"",""nist_control"":""detect"",""service_name"":""search_man""}",2026-09-23 09:59:34.554,"{""ts"":1790085036.199737,""peer"":""zeek"",""metric_type"":""counter"",""name"":""zeek_event_handler_invocations_total"",""labels"":[""name""],""label_values"":[""ssl_change_cipher_spec""],""value"":374.0}",1790171974554189103,"{""ability"":""I"",""detected_level"":""S"",""filename"":""I"",""job"":""I"",""nist_control"":""I"",""service_name"":""I""}",1790171974554189103_385b89ca
"{""ability"":""target_acquisition"",""detected_level"":""unknown"",""filename"":""/opt/zeek/logs/current/telemetry.log"",""job"":""search_man"",""nist_control"":""detect"",""service_name"":""search_man""}",2026-09-23 09:59:34.554,"{""ts"":1790085036.199737,""peer"":""zeek"",""metric_type"":""counter"",""name"":""zeek_event_handler_invocations_total"",""labels"":[""name""],""label_values"":[""dhcp_message""],""value"":25.0}",1790171974554174114,"{""ability"":""I"",""detected_level"":""S"",""filename"":""I"",""job"":""I"",""nist_control"":""I"",""service_name"":""I""}",1790171974554174114_7fb6fcf3
"{""ability"":""target_acquisition"",""detected_level"":""unknown"",""filename"":""/opt/zeek/logs/current/telemetry.log"",""job"":""search_man"",""nist_control"":""detect"",""service_name"":""search_man""}",2026-09-23 09:59:34.554,"{""ts"":1790085036.199737,""peer"":""zeek"",""metric_type"":""counter"",""name"":""zeek_event_handler_invocations_total"",""labels"":[""name""],""label_values"":[""ssl_client_hello""],""value"":322.0}",1790171974554162263,"{""ability"":""I"",""detected_level"":""S"",""filename"":""I"",""job"":""I"",""nist_control"":""I"",""service_name"":""I""}",1790171974554162263_b1a439c7
"{""ability"":""target_acquisition"",""detected_level"":""unknown"",""filename"":""/opt/zeek/logs/current/telemetry.log"",""job"":""search_man"",""nist_control"":""detect"",""service_name"":""search_man""}",2026-09-23 09:59:34.554,"{""ts"":1790085036.199737,""peer"":""zeek"",""metric_type"":""counter"",""name"":""zeek_event_handler_invocations_total"",""labels"":[""name""],""label_values"":[""zeek_init""],""value"":1.0}",1790171974554152996,"{""ability"":""I"",""detected_level"":""S"",""filename"":""I"",""job"":""I"",""nist_control"":""I"",""service_name"":""I""}",1790171974554152996_17040a7e
"{""ability"":""target_acquisition"",""detected_level"":""unknown"",""filename"":""/opt/zeek/logs/current/telemetry.log"",""job"":""search_man"",""nist_control"":""detect"",""service_name"":""search_man""}",2026-09-23 09:59:34.554,"{""ts"":1790085036.199737,""peer"":""zeek"",""metric_type"":""counter"",""name"":""zeek_event_handler_invocations_total"",""labels"":[""name""],""label_values"":[""ssl_extension_server_name""],""value"":322.0}",1790171974554148597,"{""ability"":""I"",""detected_level"":""S"",""filename"":""I"",""job"":""I"",""nist_control"":""I"",""service_name"":""I""}",1790171974554148597_8b052d78
"{""ability"":""target_acquisition"",""detected_level"":""unknown"",""filename"":""/opt/zeek/logs/current/telemetry.log"",""job"":""search_man"",""nist_control"":""detect"",""service_name"":""search_man""}",2026-09-23 09:59:34.554,"{""ts"":1790085036.199737,""peer"":""zeek"",""metric_type"":""counter"",""name"":""zeek_event_handler_invocations_total"",""labels"":[""name""],""label_values"":[""known_host_add""],""value"":1.0}",1790171974554078986,"{""ability"":""I"",""detected_level"":""S"",""filename"":""I"",""job"":""I"",""nist_control"":""I"",""service_name"":""I""}",1790171974554078986_2e13d8e
"{""ability"":""target_acquisition"",""detected_level"":""unknown"",""filename"":""/opt/zeek/logs/current/telemetry.log"",""job"":""search_man"",""nist_control"":""detect"",""service_name"":""search_man""}",2026-09-23 09:59:34.554,"{""ts"":1790085036.199737,""peer"":""zeek"",""metric_type"":""counter"",""name"":""zeek_event_handler_invocations_total"",""labels"":[""name""],""label_values"":[""SumStats::finish_epoch""],""value"":3.0}",1790171974554061463,"{""ability"":""I"",""detected_level"":""S"",""filename"":""I"",""job"":""I"",""nist_control"":""I"",""service_name"":""I""}",1790171974554061463_a4307ef3
"{""ability"":""target_acquisition"",""detected_level"":""unknown"",""filename"":""/opt/zeek/logs/current/telemetry.log"",""job"":""search_man"",""nist_control"":""detect"",""service_name"":""search_man""}",2026-09-23 09:59:34.554,"{""ts"":1790085036.199737,""peer"":""zeek"",""metric_type"":""counter"",""name"":""zeek_event_handler_invocations_total"",""labels"":[""name""],""label_values"":[""filter_change_tracking""],""value"":36.0}",1790171974554040946,"{""ability"":""I"",""detected_level"":""S"",""filename"":""I"",""job"":""I"",""nist_control"":""I"",""service_name"":""I""}",1790171974554040946_31e47329
"{""ability"":""target_acquisition"",""detected_level"":""unknown"",""filename"":""/opt/zeek/logs/current/telemetry.log"",""job"":""search_man"",""nist_control"":""detect"",""service_name"":""search_man""}",2026-09-23 09:59:34.554,"{""ts"":1790085036.199737,""peer"":""zeek"",""metric_type"":""counter"",""name"":""zeek_event_handler_invocations_total"",""labels"":[""name""],""label_values"":[""QUIC::short_header_packet_threshold_crossed""],""value"":1259.0}",1790171974554032121,"{""ability"":""I"",""detected_level"":""S"",""filename"":""I"",""job"":""I"",""nist_control"":""I"",""service_name"":""I""}",1790171974554032121_cc4b35a9
"{""ability"":""target_acquisition"",""detected_level"":""unknown"",""filename"":""/opt/zeek/logs/current/telemetry.log"",""job"":""search_man"",""nist_control"":""detect"",""service_name"":""search_man""}",2026-09-23 09:59:34.554,"{""ts"":1790085036.199737,""peer"":""zeek"",""metric_type"":""counter"",""name"":""zeek_event_handler_invocations_total"",""labels"":[""name""],""label_values"":[""Known::host_found""],""value"":199.0}",1790171974554027740,"{""ability"":""I"",""detected_level"":""S"",""filename"":""I"",""job"":""I"",""nist_control"":""I"",""service_name"":""I""}",1790171974554027740_122dd062
"{""ability"":""target_acquisition"",""detected_level"":""unknown"",""filename"":""/opt/zeek/logs/current/telemetry.log"",""job"":""search_man"",""nist_control"":""detect"",""service_name"":""search_man""}",2026-09-23 09:59:34.553,"{""ts"":1790085036.199737,""peer"":""zeek"",""metric_type"":""counter"",""name"":""zeek_event_handler_invocations_total"",""labels"":[""name""],""label_values"":[""TrimTraceFile::go""],""value"":1.0}",1790171974553960432,"{""ability"":""I"",""detected_level"":""S"",""filename"":""I"",""job"":""I"",""nist_control"":""I"",""service_name"":""I""}",1790171974553960432_50be153d
"{""ability"":""target_acquisition"",""detected_level"":""unknown"",""filename"":""/opt/zeek/logs/current/telemetry.log"",""job"":""search_man"",""nist_control"":""detect"",""service_name"":""search_man""}",2026-09-23 09:59:34.553,"{""ts"":1790085036.199737,""peer"":""zeek"",""metric_type"":""counter"",""name"":""zeek_event_handler_invocations_total"",""labels"":[""name""],""label_values"":[""zeek_script_loaded""],""value"":559.0}",1790171974553945476,"{""ability"":""I"",""detected_level"":""S"",""filename"":""I"",""job"":""I"",""nist_control"":""I"",""service_name"":""I""}",1790171974553945476_7680485b
"{""ability"":""target_acquisition"",""detected_level"":""unknown"",""filename"":""/opt/zeek/logs/current/telemetry.log"",""job"":""search_man"",""nist_control"":""detect"",""service_name"":""search_man""}",2026-09-23 09:59:34.553,"{""ts"":1790085036.199737,""peer"":""zeek"",""metric_type"":""counter"",""name"":""zeek_event_handler_invocations_total"",""labels"":[""name""],""label_values"":[""dns_SRV_reply""],""value"":25099.0}",1790171974553933221,"{""ability"":""I"",""detected_level"":""S"",""filename"":""I"",""job"":""I"",""nist_control"":""I"",""service_name"":""I""}",1790171974553933221_77e7430e
"{""ability"":""target_acquisition"",""detected_level"":""unknown"",""filename"":""/opt/zeek/logs/current/telemetry.log"",""job"":""search_man"",""nist_control"":""detect"",""service_name"":""search_man""}",2026-09-23 09:59:34.553,"{""ts"":1790085036.199737,""peer"":""zeek"",""metric_type"":""counter"",""name"":""zeek_event_handler_invocations_total"",""labels"":[""name""],""label_values"":[""ssl_extension_key_share""],""value"":638.0}",1790171974553924381,"{""ability"":""I"",""detected_level"":""S"",""filename"":""I"",""job"":""I"",""nist_control"":""I"",""service_name"":""I""}",1790171974553924381_7ae45c68
"{""ability"":""target_acquisition"",""detected_level"":""unknown"",""filename"":""/opt/zeek/logs/current/telemetry.log"",""job"":""search_man"",""nist_control"":""detect"",""service_name"":""search_man""}",2026-09-23 09:59:34.553,"{""ts"":1790085036.199737,""peer"":""zeek"",""metric_type"":""counter"",""name"":""zeek_event_handler_invocations_total"",""labels"":[""name""],""label_values"":[""new_connection""],""value"":2889.0}",1790171974553919994,"{""ability"":""I"",""detected_level"":""S"",""filename"":""I"",""job"":""I"",""nist_control"":""I"",""service_name"":""I""}",1790171974553919994_1385279f
"{""ability"":""target_acquisition"",""detected_level"":""unknown"",""filename"":""/opt/zeek/logs/current/telemetry.log"",""job"":""search_man"",""nist_control"":""detect"",""service_name"":""search_man""}",2026-09-23 09:59:34.553,"{""ts"":1790085036.199737,""peer"":""zeek"",""metric_type"":""counter"",""name"":""zeek_event_handler_invocations_total"",""labels"":[""name""],""label_values"":[""known_service_add""],""value"":3.0}",1790171974553850886,"{""ability"":""I"",""detected_level"":""S"",""filename"":""I"",""job"":""I"",""nist_control"":""I"",""service_name"":""I""}",1790171974553850886_704198d5
"{""ability"":""target_acquisition"",""detected_level"":""unknown"",""filename"":""/opt/zeek/logs/current/telemetry.log"",""job"":""search_man"",""nist_control"":""detect"",""service_name"":""search_man""}",2026-09-23 09:59:34.553,"{""ts"":1790085036.199737,""peer"":""zeek"",""metric_type"":""counter"",""name"":""zeek_event_handler_invocations_total"",""labels"":[""name""],""label_values"":[""dns_CNAME_reply""],""value"":237.0}",1790171974553835659,"{""ability"":""I"",""detected_level"":""S"",""filename"":""I"",""job"":""I"",""nist_control"":""I"",""service_name"":""I""}",1790171974553835659_ca964934
"{""ability"":""target_acquisition"",""detected_level"":""unknown"",""filename"":""/opt/zeek/logs/current/telemetry.log"",""job"":""search_man"",""nist_control"":""detect"",""service_name"":""search_man""}",2026-09-23 09:59:34.553,"{""ts"":1790085036.199737,""peer"":""zeek"",""metric_type"":""counter"",""name"":""zeek_event_handler_invocations_total"",""labels"":[""name""],""label_values"":[""connection_established""],""value"":199.0}",1790171974553823159,"{""ability"":""I"",""detected_level"":""S"",""filename"":""I"",""job"":""I"",""nist_control"":""I"",""service_name"":""I""}",1790171974553823159_d0271665
"{""ability"":""target_acquisition"",""detected_level"":""unknown"",""filename"":""/opt/zeek/logs/current/telemetry.log"",""job"":""search_man"",""nist_control"":""detect"",""service_name"":""search_man""}",2026-09-23 09:59:34.553,"{""ts"":1790085036.199737,""peer"":""zeek"",""metric_type"":""counter"",""name"":""zeek_event_handler_invocations_total"",""labels"":[""name""],""label_values"":[""analyzer_confirmation_info""],""value"":1746.0}",1790171974553813963,"{""ability"":""I"",""detected_level"":""S"",""filename"":""I"",""job"":""I"",""nist_control"":""I"",""service_name"":""I""}",1790171974553813963_ff12136e
"{""ability"":""target_acquisition"",""detected_level"":""unknown"",""filename"":""/opt/zeek/logs/current/telemetry.log"",""job"":""search_man"",""nist_control"":""detect"",""service_name"":""search_man""}",2026-09-23 09:59:34.553,"{""ts"":1790085036.199737,""peer"":""zeek"",""metric_type"":""counter"",""name"":""zeek_event_handler_invocations_total"",""labels"":[""name""],""label_values"":[""service_info_commit""],""value"":723.0}",1790171974553809676,"{""ability"":""I"",""detected_level"":""S"",""filename"":""I"",""job"":""I"",""nist_control"":""I"",""service_name"":""I""}",1790171974553809676_70594e65
"{""ability"":""target_acquisition"",""detected_level"":""unknown"",""filename"":""/opt/zeek/logs/current/telemetry.log"",""job"":""search_man"",""nist_control"":""detect"",""service_name"":""search_man""}",2026-09-23 09:59:34.553,"{""ts"":1790085036.199737,""peer"":""zeek"",""metric_type"":""counter"",""name"":""zeek_event_handler_invocations_total"",""labels"":[""name""],""label_values"":[""ssl_extension_supported_versions""],""value"":638.0}",1790171974553741287,"{""ability"":""I"",""detected_level"":""S"",""filename"":""I"",""job"":""I"",""nist_control"":""I"",""service_name"":""I""}",1790171974553741287_3ebba2af
"{""ability"":""target_acquisition"",""detected_level"":""unknown"",""filename"":""/opt/zeek/logs/current/telemetry.log"",""job"":""search_man"",""nist_control"":""detect"",""service_name"":""search_man""}",2026-09-23 09:59:34.553,"{""ts"":1790085036.199737,""peer"":""zeek"",""metric_type"":""counter"",""name"":""zeek_event_handler_invocations_total"",""labels"":[""name""],""label_values"":[""net_stats_update""],""value"":35.0}",1790171974553725741,"{""ability"":""I"",""detected_level"":""S"",""filename"":""I"",""job"":""I"",""nist_control"":""I"",""service_name"":""I""}",1790171974553725741_4cde9386
"{""ability"":""target_acquisition"",""detected_level"":""unknown"",""filename"":""/opt/zeek/logs/current/telemetry.log"",""job"":""search_man"",""nist_control"":""detect"",""service_name"":""search_man""}",2026-09-23 09:59:34.553,"{""ts"":1790085036.199737,""peer"":""zeek"",""metric_type"":""counter"",""name"":""zeek_event_handler_invocations_total"",""labels"":[""name""],""label_values"":[""CaptureLoss::take_measurement""],""value"":13.0}",1790171974553713634,"{""ability"":""I"",""detected_level"":""S"",""filename"":""I"",""job"":""I"",""nist_control"":""I"",""service_name"":""I""}",1790171974553713634_1ba6e404
"{""ability"":""target_acquisition"",""detected_level"":""unknown"",""filename"":""/opt/zeek/logs/current/telemetry.log"",""job"":""search_man"",""nist_control"":""detect"",""service_name"":""search_man""}",2026-09-23 09:59:34.553,"{""ts"":1790085036.199737,""peer"":""zeek"",""metric_type"":""counter"",""name"":""zeek_event_handler_invocations_total"",""labels"":[""name""],""label_values"":[""x509_ext_subject_alternative_name""],""value"":5.0}",1790171974553703822,"{""ability"":""I"",""detected_level"":""S"",""filename"":""I"",""job"":""I"",""nist_control"":""I"",""service_name"":""I""}",1790171974553703822_1f528b8f
"{""ability"":""target_acquisition"",""detected_level"":""unknown"",""filename"":""/opt/zeek/logs/current/telemetry.log"",""job"":""search_man"",""nist_control"":""detect"",""service_name"":""search_man""}",2026-09-23 09:59:34.553,"{""ts"":1790085036.199737,""peer"":""zeek"",""metric_type"":""counter"",""name"":""zeek_event_handler_invocations_total"",""labels"":[""name""],""label_values"":[""dns_end""],""value"":46703.0}",1790171974553699461,"{""ability"":""I"",""detected_level"":""S"",""filename"":""I"",""job"":""I"",""nist_control"":""I"",""service_name"":""I""}",1790171974553699461_13e8af7e
"{""ability"":""target_acquisition"",""detected_level"":""unknown"",""filename"":""/opt/zeek/logs/current/telemetry.log"",""job"":""search_man"",""nist_control"":""detect"",""service_name"":""search_man""}",2026-09-23 09:59:34.553,"{""ts"":1790085036.199737,""peer"":""zeek"",""metric_type"":""counter"",""name"":""zeek_event_handler_invocations_total"",""labels"":[""name""],""label_values"":[""dns_PTR_reply""],""value"":153061.0}",1790171974553630866,"{""ability"":""I"",""detected_level"":""S"",""filename"":""I"",""job"":""I"",""nist_control"":""I"",""service_name"":""I""}",1790171974553630866_8e3905d8
"{""ability"":""target_acquisition"",""detected_level"":""unknown"",""filename"":""/opt/zeek/logs/current/telemetry.log"",""job"":""search_man"",""nist_control"":""detect"",""service_name"":""search_man""}",2026-09-23 09:59:34.553,"{""ts"":1790085036.199737,""peer"":""zeek"",""metric_type"":""counter"",""name"":""zeek_event_handler_invocations_total"",""labels"":[""name""],""label_values"":[""check_stats""],""value"":35.0}",1790171974553615683,"{""ability"":""I"",""detected_level"":""S"",""filename"":""I"",""job"":""I"",""nist_control"":""I"",""service_name"":""I""}",1790171974553615683_e23c21c1
"{""ability"":""target_acquisition"",""detected_level"":""unknown"",""filename"":""/opt/zeek/logs/current/telemetry.log"",""job"":""search_man"",""nist_control"":""detect"",""service_name"":""search_man""}",2026-09-23 09:59:34.553,"{""ts"":1790085036.199737,""peer"":""zeek"",""metric_type"":""counter"",""name"":""zeek_event_handler_invocations_total"",""labels"":[""name""],""label_values"":[""Cluster::Backend::ZeroMQ::subscription""],""value"":3.0}",1790171974553602099,"{""ability"":""I"",""detected_level"":""S"",""filename"":""I"",""job"":""I"",""nist_control"":""I"",""service_name"":""I""}",1790171974553602099_24453ccb
"{""ability"":""target_acquisition"",""detected_level"":""unknown"",""filename"":""/opt/zeek/logs/current/telemetry.log"",""job"":""search_man"",""nist_control"":""detect"",""service_name"":""search_man""}",2026-09-23 09:59:34.553,"{""ts"":1790085036.199737,""peer"":""zeek"",""metric_type"":""counter"",""name"":""zeek_event_handler_invocations_total"",""labels"":[""name""],""label_values"":[""Broker::log_flush""],""value"":9801.0}",1790171974553590469,"{""ability"":""I"",""detected_level"":""S"",""filename"":""I"",""job"":""I"",""nist_control"":""I"",""service_name"":""I""}",1790171974553590469_8082038b
"{""ability"":""target_acquisition"",""detected_level"":""unknown"",""filename"":""/opt/zeek/logs/current/telemetry.log"",""job"":""search_man"",""nist_control"":""detect"",""service_name"":""search_man""}",2026-09-23 09:59:34.553,"{""ts"":1790085036.199737,""peer"":""zeek"",""metric_type"":""counter"",""name"":""zeek_event_handler_invocations_total"",""labels"":[""name""],""label_values"":[""dns_rejected""],""value"":352.0}",1790171974553574151,"{""ability"":""I"",""detected_level"":""S"",""filename"":""I"",""job"":""I"",""nist_control"":""I"",""service_name"":""I""}",1790171974553574151_407fe331
"{""ability"":""target_acquisition"",""detected_level"":""unknown"",""filename"":""/opt/zeek/logs/current/telemetry.log"",""job"":""search_man"",""nist_control"":""detect"",""service_name"":""search_man""}",2026-09-23 09:59:34.553,"{""ts"":1790085036.199737,""peer"":""zeek"",""metric_type"":""counter"",""name"":""zeek_event_handler_invocations_total"",""labels"":[""name""],""label_values"":[""ssl_extension""],""value"":5751.0}",1790171974553434289,"{""ability"":""I"",""detected_level"":""S"",""filename"":""I"",""job"":""I"",""nist_control"":""I"",""service_name"":""I""}",1790171974553434289_b4f5be33
"{""ability"":""target_acquisition"",""detected_level"":""unknown"",""filename"":""/opt/zeek/logs/current/telemetry.log"",""job"":""search_man"",""nist_control"":""detect"",""service_name"":""search_man""}",2026-09-23 09:59:34.553,"{""ts"":1790085036.199737,""peer"":""zeek"",""metric_type"":""counter"",""name"":""zeek_event_handler_invocations_total"",""labels"":[""name""],""label_values"":[""NetControl::init""],""value"":1.0}",1790171974553419011,"{""ability"":""I"",""detected_level"":""S"",""filename"":""I"",""job"":""I"",""nist_control"":""I"",""service_name"":""I""}",1790171974553419011_791701aa
"{""ability"":""target_acquisition"",""detected_level"":""unknown"",""filename"":""/opt/zeek/logs/current/telemetry.log"",""job"":""search_man"",""nist_control"":""detect"",""service_name"":""search_man""}",2026-09-23 09:59:34.553,"{""ts"":1790085036.199737,""peer"":""zeek"",""metric_type"":""counter"",""name"":""zeek_event_handler_invocations_total"",""labels"":[""name""],""label_values"":[""Telemetry::log""],""value"":171.0}",1790171974553406963,"{""ability"":""I"",""detected_level"":""S"",""filename"":""I"",""job"":""I"",""nist_control"":""I"",""service_name"":""I""}",1790171974553406963_df9f25d
"{""ability"":""target_acquisition"",""detected_level"":""unknown"",""filename"":""/opt/zeek/logs/current/telemetry.log"",""job"":""search_man"",""nist_control"":""detect"",""service_name"":""search_man""}",2026-09-23 09:59:34.553,"{""ts"":1790085036.199737,""peer"":""zeek"",""metric_type"":""counter"",""name"":""zeek_event_handler_invocations_total"",""labels"":[""name""],""label_values"":[""ssl_server_hello""],""value"":321.0}",1790171974553397280,"{""ability"":""I"",""detected_level"":""S"",""filename"":""I"",""job"":""I"",""nist_control"":""I"",""service_name"":""I""}",1790171974553397280_5242ec70
"{""ability"":""target_acquisition"",""detected_level"":""unknown"",""filename"":""/opt/zeek/logs/current/telemetry.log"",""job"":""search_man"",""nist_control"":""detect"",""service_name"":""search_man""}",2026-09-23 09:59:34.553,"{""ts"":1790085036.199737,""peer"":""zeek"",""metric_type"":""counter"",""name"":""zeek_event_handler_invocations_total"",""labels"":[""name""],""label_values"":[""ChecksumOffloading::check""],""value"":2.0}",1790171974553392896,"{""ability"":""I"",""detected_level"":""S"",""filename"":""I"",""job"":""I"",""nist_control"":""I"",""service_name"":""I""}",1790171974553392896_e41c8439
"{""ability"":""target_acquisition"",""detected_level"":""unknown"",""filename"":""/opt/zeek/logs/current/telemetry.log"",""job"":""search_man"",""nist_control"":""detect"",""service_name"":""search_man""}",2026-09-23 09:59:34.553,"{""ts"":1790085036.199737,""peer"":""zeek"",""metric_type"":""counter"",""name"":""zeek_event_handler_invocations_total"",""labels"":[""name""],""label_values"":[""QUIC::initial_packet""],""value"":1098.0}",1790171974553320535,"{""ability"":""I"",""detected_level"":""S"",""filename"":""I"",""job"":""I"",""nist_control"":""I"",""service_name"":""I""}",1790171974553320535_24f37a38
"{""ability"":""target_acquisition"",""detected_level"":""unknown"",""filename"":""/opt/zeek/logs/current/telemetry.log"",""job"":""search_man"",""nist_control"":""detect"",""service_name"":""search_man""}",2026-09-23 09:59:34.553,"{""ts"":1790085036.199737,""peer"":""zeek"",""metric_type"":""counter"",""name"":""zeek_event_handler_invocations_total"",""labels"":[""name""],""label_values"":[""dns_TXT_reply""],""value"":25099.0}",1790171974553303310,"{""ability"":""I"",""detected_level"":""S"",""filename"":""I"",""job"":""I"",""nist_control"":""I"",""service_name"":""I""}",1790171974553303310_a88a21fd
"{""ability"":""target_acquisition"",""detected_level"":""unknown"",""filename"":""/opt/zeek/logs/current/telemetry.log"",""job"":""search_man"",""nist_control"":""detect"",""service_name"":""search_man""}",2026-09-23 09:59:34.553,"{""ts"":1790085036.199737,""peer"":""zeek"",""metric_type"":""counter"",""name"":""zeek_event_handler_invocations_total"",""labels"":[""name""],""label_values"":[""ssl_handshake_message""],""value"":668.0}",1790171974553195043,"{""ability"":""I"",""detected_level"":""S"",""filename"":""I"",""job"":""I"",""nist_control"":""I"",""service_name"":""I""}",1790171974553195043_afedd0cf
"{""ability"":""target_acquisition"",""detected_level"":""unknown"",""filename"":""/opt/zeek/logs/current/telemetry.log"",""job"":""search_man"",""nist_control"":""detect"",""service_name"":""search_man""}",2026-09-23 09:59:34.553,"{""ts"":1790085036.199737,""peer"":""zeek"",""metric_type"":""counter"",""name"":""zeek_event_handler_invocations_total"",""labels"":[""name""],""label_values"":[""grab_vulnerable_versions""],""value"":4.0}",1790171974553186197,"{""ability"":""I"",""detected_level"":""S"",""filename"":""I"",""job"":""I"",""nist_control"":""I"",""service_name"":""I""}",1790171974553186197_59f9bc86
"{""ability"":""target_acquisition"",""detected_level"":""unknown"",""filename"":""/opt/zeek/logs/current/telemetry.log"",""job"":""search_man"",""nist_control"":""detect"",""service_name"":""search_man""}",2026-09-23 09:59:34.553,"{""ts"":1790085036.199737,""peer"":""zeek"",""metric_type"":""counter"",""name"":""zeek_event_handler_invocations_total"",""labels"":[""name""],""label_values"":[""Cluster::Backend::ZeroMQ::monitoring_event""],""value"":6.0}",1790171974553181869,"{""ability"":""I"",""detected_level"":""S"",""filename"":""I"",""job"":""I"",""nist_control"":""I"",""service_name"":""I""}",1790171974553181869_5254a502
"{""ability"":""target_acquisition"",""detected_level"":""unknown"",""filename"":""/opt/zeek/logs/current/telemetry.log"",""job"":""search_man"",""nist_control"":""detect"",""service_name"":""search_man""}",2026-09-23 09:59:34.553,"{""ts"":1790085036.199737,""peer"":""zeek"",""metric_type"":""counter"",""name"":""zeek_event_handler_invocations_total"",""labels"":[""name""],""label_values"":[""dns_A_reply""],""value"":9348.0}",1790171974553113495,"{""ability"":""I"",""detected_level"":""S"",""filename"":""I"",""job"":""I"",""nist_control"":""I"",""service_name"":""I""}",1790171974553113495_97df16a9
"{""ability"":""target_acquisition"",""detected_level"":""unknown"",""filename"":""/opt/zeek/logs/current/telemetry.log"",""job"":""search_man"",""nist_control"":""detect"",""service_name"":""search_man""}",2026-09-23 09:59:34.553,"{""ts"":1790085036.199737,""peer"":""zeek"",""metric_type"":""counter"",""name"":""zeek_event_handler_invocations_total"",""labels"":[""name""],""label_values"":[""content_gap""],""value"":4.0}",1790171974553098391,"{""ability"":""I"",""detected_level"":""S"",""filename"":""I"",""job"":""I"",""nist_control"":""I"",""service_name"":""I""}",1790171974553098391_57d26719
"{""ability"":""target_acquisition"",""detected_level"":""unknown"",""filename"":""/opt/zeek/logs/current/telemetry.log"",""job"":""search_man"",""nist_control"":""detect"",""service_name"":""search_man""}",2026-09-23 09:59:34.553,"{""ts"":1790085036.199737,""peer"":""zeek"",""metric_type"":""counter"",""name"":""zeek_event_handler_invocations_total"",""labels"":[""name""],""label_values"":[""connection_state_remove""],""value"":2863.0}",1790171974553086092,"{""ability"":""I"",""detected_level"":""S"",""filename"":""I"",""job"":""I"",""nist_control"":""I"",""service_name"":""I""}",1790171974553086092_7c75b9cd
"{""ability"":""target_acquisition"",""detected_level"":""unknown"",""filename"":""/opt/zeek/logs/current/telemetry.log"",""job"":""search_man"",""nist_control"":""detect"",""service_name"":""search_man""}",2026-09-23 09:59:34.553,"{""ts"":1790085036.199737,""peer"":""zeek"",""metric_type"":""counter"",""name"":""zeek_event_handler_invocations_total"",""labels"":[""name""],""label_values"":[""dns_request""],""value"":71120.0}",1790171974553076038,"{""ability"":""I"",""detected_level"":""S"",""filename"":""I"",""job"":""I"",""nist_control"":""I"",""service_name"":""I""}",1790171974553076038_14210ab7
"{""ability"":""target_acquisition"",""detected_level"":""unknown"",""filename"":""/opt/zeek/logs/current/telemetry.log"",""job"":""search_man"",""nist_control"":""detect"",""service_name"":""search_man""}",2026-09-23 09:59:34.553,"{""ts"":1790085036.199737,""peer"":""zeek"",""metric_type"":""counter"",""name"":""zeek_event_handler_invocations_total"",""labels"":[""name""],""label_values"":[""x509_ext_basic_constraints""],""value"":15.0}",1790171974553069963,"{""ability"":""I"",""detected_level"":""S"",""filename"":""I"",""job"":""I"",""nist_control"":""I"",""service_name"":""I""}",1790171974553069963_82dd254f
"{""ability"":""target_acquisition"",""detected_level"":""unknown"",""filename"":""/opt/zeek/logs/current/telemetry.log"",""job"":""search_man"",""nist_control"":""detect"",""service_name"":""search_man""}",2026-09-23 09:59:34.552,"{""ts"":1790085036.199737,""peer"":""zeek"",""metric_type"":""counter"",""name"":""zeek_event_handler_invocations_total"",""labels"":[""name""],""label_values"":[""DHCP::aggregate_msgs""],""value"":25.0}",1790171974552983146,"{""ability"":""I"",""detected_level"":""S"",""filename"":""I"",""job"":""I"",""nist_control"":""I"",""service_name"":""I""}",1790171974552983146_ceb4baf1
"{""ability"":""target_acquisition"",""detected_level"":""unknown"",""filename"":""/opt/zeek/logs/current/telemetry.log"",""job"":""search_man"",""nist_control"":""detect"",""service_name"":""search_man""}",2026-09-23 09:59:34.552,"{""ts"":1790085036.199737,""peer"":""zeek"",""metric_type"":""counter"",""name"":""zeek_event_handler_invocations_total"",""labels"":[""name""],""label_values"":[""QUIC::handshake_packet""],""value"":718.0}",1790171974552967786,"{""ability"":""I"",""detected_level"":""S"",""filename"":""I"",""job"":""I"",""nist_control"":""I"",""service_name"":""I""}",1790171974552967786_c0bbfb01
"{""ability"":""target_acquisition"",""detected_level"":""unknown"",""filename"":""/opt/zeek/logs/current/telemetry.log"",""job"":""search_man"",""nist_control"":""detect"",""service_name"":""search_man""}",2026-09-23 09:59:34.552,"{""ts"":1790085036.199737,""peer"":""zeek"",""metric_type"":""counter"",""name"":""zeek_event_handler_invocations_total"",""labels"":[""name""],""label_values"":[""conn_weird""],""value"":31.0}",1790171974552955475,"{""ability"":""I"",""detected_level"":""S"",""filename"":""I"",""job"":""I"",""nist_control"":""I"",""service_name"":""I""}",1790171974552955475_b88414d3
"{""ability"":""target_acquisition"",""detected_level"":""unknown"",""filename"":""/opt/zeek/logs/current/telemetry.log"",""job"":""search_man"",""nist_control"":""detect"",""service_name"":""search_man""}",2026-09-23 09:59:34.552,"{""ts"":1790085036.199737,""peer"":""zeek"",""metric_type"":""counter"",""name"":""zeek_event_handler_invocations_total"",""labels"":[""name""],""label_values"":[""connection_flipped""],""value"":1.0}",1790171974552946046,"{""ability"":""I"",""detected_level"":""S"",""filename"":""I"",""job"":""I"",""nist_control"":""I"",""service_name"":""I""}",1790171974552946046_36ab9f59
"{""ability"":""target_acquisition"",""detected_level"":""unknown"",""filename"":""/opt/zeek/logs/current/telemetry.log"",""job"":""search_man"",""nist_control"":""detect"",""service_name"":""search_man""}",2026-09-23 09:59:34.552,"{""ts"":1790085036.199737,""peer"":""zeek"",""metric_type"":""counter"",""name"":""zeek_event_handler_invocations_total"",""labels"":[""name""],""label_values"":[""QUIC::discarded_packet""],""value"":3.0}",1790171974552941591,"{""ability"":""I"",""detected_level"":""S"",""filename"":""I"",""job"":""I"",""nist_control"":""I"",""service_name"":""I""}",1790171974552941591_45ad3bf8
"{""ability"":""target_acquisition"",""detected_level"":""unknown"",""filename"":""/opt/zeek/logs/current/telemetry.log"",""job"":""search_man"",""nist_control"":""detect"",""service_name"":""search_man""}",2026-09-23 09:59:34.552,"{""ts"":1790085036.199737,""peer"":""zeek"",""metric_type"":""counter"",""name"":""zeek_ended_sessions_total"",""labels"":[""reason""],""label_values"":[""inactivity""],""value"":806.0}",1790171974552870433,"{""ability"":""I"",""detected_level"":""S"",""filename"":""I"",""job"":""I"",""nist_control"":""I"",""service_name"":""I""}",1790171974552870433_e8d37759
"{""ability"":""target_acquisition"",""detected_level"":""unknown"",""filename"":""/opt/zeek/logs/current/telemetry.log"",""job"":""search_man"",""nist_control"":""detect"",""service_name"":""search_man""}",2026-09-23 09:59:34.552,"{""ts"":1790085036.199737,""peer"":""zeek"",""metric_type"":""counter"",""name"":""zeek_triggers_total"",""labels"":[],""label_values"":[],""value"":0.0}",1790171974552846336,"{""ability"":""I"",""detected_level"":""S"",""filename"":""I"",""job"":""I"",""nist_control"":""I"",""service_name"":""I""}",1790171974552846336_60b11d78
"{""ability"":""target_acquisition"",""detected_level"":""unknown"",""filename"":""/opt/zeek/logs/current/telemetry.log"",""job"":""search_man"",""nist_control"":""detect"",""service_name"":""search_man""}",2026-09-23 09:59:34.552,"{""ts"":1790085036.199737,""peer"":""zeek"",""metric_type"":""counter"",""name"":""zeek_dnsmgr_failed_requests_total"",""labels"":[],""label_values"":[],""value"":0.0}",1790171974552834473,"{""ability"":""I"",""detected_level"":""S"",""filename"":""I"",""job"":""I"",""nist_control"":""I"",""service_name"":""I""}",1790171974552834473_2dd091ed
"{""ability"":""target_acquisition"",""detected_level"":""unknown"",""filename"":""/opt/zeek/logs/current/telemetry.log"",""job"":""search_man"",""nist_control"":""detect"",""service_name"":""search_man""}",2026-09-23 09:59:34.552,"{""ts"":1790085036.199737,""peer"":""zeek"",""metric_type"":""counter"",""name"":""zeek_dnsmgr_successful_requests_total"",""labels"":[],""label_values"":[],""value"":0.0}",1790171974552825640,"{""ability"":""I"",""detected_level"":""S"",""filename"":""I"",""job"":""I"",""nist_control"":""I"",""service_name"":""I""}",1790171974552825640_972c0810
"{""ability"":""target_acquisition"",""detected_level"":""unknown"",""filename"":""/opt/zeek/logs/current/telemetry.log"",""job"":""search_man"",""nist_control"":""detect"",""service_name"":""search_man""}",2026-09-23 09:59:34.552,"{""ts"":1790085036.199737,""peer"":""zeek"",""metric_type"":""counter"",""name"":""zeek_dnsmgr_requests_total"",""labels"":[],""label_values"":[],""value"":0.0}",1790171974552821170,"{""ability"":""I"",""detected_level"":""S"",""filename"":""I"",""job"":""I"",""nist_control"":""I"",""service_name"":""I""}",1790171974552821170_be7f615d
"{""ability"":""target_acquisition"",""detected_level"":""unknown"",""filename"":""/opt/zeek/logs/current/telemetry.log"",""job"":""search_man"",""nist_control"":""detect"",""service_name"":""search_man""}",2026-09-23 09:59:34.552,"{""ts"":1790085036.199737,""peer"":""zeek"",""metric_type"":""counter"",""name"":""zeek_timers_total"",""labels"":[],""label_values"":[],""value"":81907.0}",1790171974552752144,"{""ability"":""I"",""detected_level"":""S"",""filename"":""I"",""job"":""I"",""nist_control"":""I"",""service_name"":""I""}",1790171974552752144_3979718e
"{""ability"":""target_acquisition"",""detected_level"":""unknown"",""filename"":""/opt/zeek/logs/current/telemetry.log"",""job"":""search_man"",""nist_control"":""detect"",""service_name"":""search_man""}",2026-09-23 09:59:34.552,"{""ts"":1790085036.199737,""peer"":""zeek"",""metric_type"":""counter"",""name"":""zeek_broker_outgoing_ids_total"",""labels"":[],""label_values"":[],""value"":0.0}",1790171974552736439,"{""ability"":""I"",""detected_level"":""S"",""filename"":""I"",""job"":""I"",""nist_control"":""I"",""service_name"":""I""}",1790171974552736439_81974fb2
"{""ability"":""target_acquisition"",""detected_level"":""unknown"",""filename"":""/opt/zeek/logs/current/telemetry.log"",""job"":""search_man"",""nist_control"":""detect"",""service_name"":""search_man""}",2026-09-23 09:59:34.552,"{""ts"":1790085036.199737,""peer"":""zeek"",""metric_type"":""counter"",""name"":""zeek_broker_incoming_ids_total"",""labels"":[],""label_values"":[],""value"":0.0}",1790171974552723643,"{""ability"":""I"",""detected_level"":""S"",""filename"":""I"",""job"":""I"",""nist_control"":""I"",""service_name"":""I""}",1790171974552723643_347ca4c8
"{""ability"":""target_acquisition"",""detected_level"":""unknown"",""filename"":""/opt/zeek/logs/current/telemetry.log"",""job"":""search_man"",""nist_control"":""detect"",""service_name"":""search_man""}",2026-09-23 09:59:34.552,"{""ts"":1790085036.199737,""peer"":""zeek"",""metric_type"":""counter"",""name"":""zeek_broker_outgoing_logs_total"",""labels"":[],""label_values"":[],""value"":0.0}",1790171974552714326,"{""ability"":""I"",""detected_level"":""S"",""filename"":""I"",""job"":""I"",""nist_control"":""I"",""service_name"":""I""}",1790171974552714326_41f457b7
"{""ability"":""target_acquisition"",""detected_level"":""unknown"",""filename"":""/opt/zeek/logs/current/telemetry.log"",""job"":""search_man"",""nist_control"":""detect"",""service_name"":""search_man""}",2026-09-23 09:59:34.552,"{""ts"":1790085036.199737,""peer"":""zeek"",""metric_type"":""counter"",""name"":""zeek_broker_incoming_logs_total"",""labels"":[],""label_values"":[],""value"":0.0}",1790171974552710124,"{""ability"":""I"",""detected_level"":""S"",""filename"":""I"",""job"":""I"",""nist_control"":""I"",""service_name"":""I""}",1790171974552710124_ec8f47e1
"{""ability"":""target_acquisition"",""detected_level"":""unknown"",""filename"":""/opt/zeek/logs/current/telemetry.log"",""job"":""search_man"",""nist_control"":""detect"",""service_name"":""search_man""}",2026-09-23 09:59:34.552,"{""ts"":1790085036.199737,""peer"":""zeek"",""metric_type"":""counter"",""name"":""zeek_broker_outgoing_events_total"",""labels"":[],""label_values"":[],""value"":0.0}",1790171974552642313,"{""ability"":""I"",""detected_level"":""S"",""filename"":""I"",""job"":""I"",""nist_control"":""I"",""service_name"":""I""}",1790171974552642313_45dd05f5
"{""ability"":""target_acquisition"",""detected_level"":""unknown"",""filename"":""/opt/zeek/logs/current/telemetry.log"",""job"":""search_man"",""nist_control"":""detect"",""service_name"":""search_man""}",2026-09-23 09:59:34.552,"{""ts"":1790085036.199737,""peer"":""zeek"",""metric_type"":""counter"",""name"":""zeek_broker_incoming_events_total"",""labels"":[],""label_values"":[],""value"":0.0}",1790171974552626785,"{""ability"":""I"",""detected_level"":""S"",""filename"":""I"",""job"":""I"",""nist_control"":""I"",""service_name"":""I""}",1790171974552626785_3af50547
"{""ability"":""target_acquisition"",""detected_level"":""unknown"",""filename"":""/opt/zeek/logs/current/telemetry.log"",""job"":""search_man"",""nist_control"":""detect"",""service_name"":""search_man""}",2026-09-23 09:59:34.552,"{""ts"":1790085036.199737,""peer"":""zeek"",""metric_type"":""counter"",""name"":""zeek_cluster_core_incoming_events_total"",""labels"":[],""label_values"":[],""value"":0.0}",1790171974552614607,"{""ability"":""I"",""detected_level"":""S"",""filename"":""I"",""job"":""I"",""nist_control"":""I"",""service_name"":""I""}",1790171974552614607_77e78632
"{""ability"":""target_acquisition"",""detected_level"":""unknown"",""filename"":""/opt/zeek/logs/current/telemetry.log"",""job"":""search_man"",""nist_control"":""detect"",""service_name"":""search_man""}",2026-09-23 09:59:34.552,"{""ts"":1790085036.199737,""peer"":""zeek"",""metric_type"":""counter"",""name"":""zeek_cluster_core_outgoing_events_total"",""labels"":[],""label_values"":[],""value"":4.0}",1790171974552605673,"{""ability"":""I"",""detected_level"":""S"",""filename"":""I"",""job"":""I"",""nist_control"":""I"",""service_name"":""I""}",1790171974552605673_5c663f2c
"{""ability"":""target_acquisition"",""detected_level"":""unknown"",""filename"":""/opt/zeek/logs/current/telemetry.log"",""job"":""search_man"",""nist_control"":""detect"",""service_name"":""search_man""}",2026-09-23 09:59:34.552,"{""ts"":1790085036.199737,""peer"":""zeek"",""metric_type"":""counter"",""name"":""zeek_cluster_zeromq_msg_errors_total"",""labels"":[],""label_values"":[],""value"":0.0}",1790171974552600705,"{""ability"":""I"",""detected_level"":""S"",""filename"":""I"",""job"":""I"",""nist_control"":""I"",""service_name"":""I""}",1790171974552600705_d4a9d27a
"{""ability"":""target_acquisition"",""detected_level"":""unknown"",""filename"":""/opt/zeek/logs/current/telemetry.log"",""job"":""search_man"",""nist_control"":""detect"",""service_name"":""search_man""}",2026-09-23 09:59:34.552,"{""ts"":1790085036.199737,""peer"":""zeek"",""metric_type"":""counter"",""name"":""zeek_cluster_zeromq_onloop_drops_total"",""labels"":[],""label_values"":[],""value"":0.0}",1790171974552451487,"{""ability"":""I"",""detected_level"":""S"",""filename"":""I"",""job"":""I"",""nist_control"":""I"",""service_name"":""I""}",1790171974552451487_859f9e65
"{""ability"":""target_acquisition"",""detected_level"":""unknown"",""filename"":""/opt/zeek/logs/current/telemetry.log"",""job"":""search_man"",""nist_control"":""detect"",""service_name"":""search_man""}",2026-09-23 09:59:34.552,"{""ts"":1790085036.199737,""peer"":""zeek"",""metric_type"":""counter"",""name"":""zeek_cluster_zeromq_xpub_drops_total"",""labels"":[],""label_values"":[],""value"":0.0}",1790171974552436106,"{""ability"":""I"",""detected_level"":""S"",""filename"":""I"",""job"":""I"",""nist_control"":""I"",""service_name"":""I""}",1790171974552436106_ed8af129
"{""ability"":""target_acquisition"",""detected_level"":""unknown"",""filename"":""/opt/zeek/logs/current/telemetry.log"",""job"":""search_man"",""nist_control"":""detect"",""service_name"":""search_man""}",2026-09-23 09:59:34.552,"{""ts"":1790085036.199737,""peer"":""zeek"",""metric_type"":""counter"",""name"":""zeek_cluster_onloop_queue_blocks_total"",""labels"":[""tag""],""label_values"":[""ZeroMQ""],""value"":0.0}",1790171974552423474,"{""ability"":""I"",""detected_level"":""S"",""filename"":""I"",""job"":""I"",""nist_control"":""I"",""service_name"":""I""}",1790171974552423474_b6db160e
"{""ability"":""target_acquisition"",""detected_level"":""unknown"",""filename"":""/opt/zeek/logs/current/telemetry.log"",""job"":""search_man"",""nist_control"":""detect"",""service_name"":""search_man""}",2026-09-23 09:59:34.552,"{""ts"":1790085036.199737,""peer"":""zeek"",""metric_type"":""counter"",""name"":""zeek_cluster_onloop_queue_blocks_total"",""labels"":[""tag""],""label_values"":[""WebSocketEventDispatcher:127.0.0.1:27759""],""value"":0.0}",1790171974552413745,"{""ability"":""I"",""detected_level"":""S"",""filename"":""I"",""job"":""I"",""nist_control"":""I"",""service_name"":""I""}",1790171974552413745_bd65d147
"{""ability"":""target_acquisition"",""detected_level"":""unknown"",""filename"":""/opt/zeek/logs/current/telemetry.log"",""job"":""search_man"",""nist_control"":""detect"",""service_name"":""search_man""}",2026-09-23 09:59:34.552,"{""ts"":1790085036.199737,""peer"":""zeek"",""metric_type"":""counter"",""name"":""zeek_msgthread_out_messages_total"",""labels"":[],""label_values"":[],""value"":32.0}",1790171974552408951,"{""ability"":""I"",""detected_level"":""S"",""filename"":""I"",""job"":""I"",""nist_control"":""I"",""service_name"":""I""}",1790171974552408951_742e16b1
"{""ability"":""target_acquisition"",""detected_level"":""unknown"",""filename"":""/opt/zeek/logs/current/telemetry.log"",""job"":""search_man"",""nist_control"":""detect"",""service_name"":""search_man""}",2026-09-23 09:59:34.552,"{""ts"":1790085036.199737,""peer"":""zeek"",""metric_type"":""counter"",""name"":""zeek_msgthread_in_messages_total"",""labels"":[],""label_values"":[],""value"":21303.0}",1790171974552342295,"{""ability"":""I"",""detected_level"":""S"",""filename"":""I"",""job"":""I"",""nist_control"":""I"",""service_name"":""I""}",1790171974552342295_5cb41c1c
"{""ability"":""target_acquisition"",""detected_level"":""unknown"",""filename"":""/opt/zeek/logs/current/telemetry.log"",""job"":""search_man"",""nist_control"":""detect"",""service_name"":""search_man""}",2026-09-23 09:59:34.552,"{""ts"":1790085036.199737,""peer"":""zeek"",""metric_type"":""counter"",""name"":""zeek_msgthread_threads_total"",""labels"":[],""label_values"":[],""value"":17.0}",1790171974552327114,"{""ability"":""I"",""detected_level"":""S"",""filename"":""I"",""job"":""I"",""nist_control"":""I"",""service_name"":""I""}",1790171974552327114_e8d3ac3c
"{""ability"":""target_acquisition"",""detected_level"":""unknown"",""filename"":""/opt/zeek/logs/current/telemetry.log"",""job"":""search_man"",""nist_control"":""detect"",""service_name"":""search_man""}",2026-09-23 09:59:34.552,"{""ts"":1790085036.199737,""peer"":""zeek"",""metric_type"":""counter"",""name"":""zeek_net_link_packets_total"",""labels"":[],""label_values"":[],""value"":152121.0}",1790171974552314621,"{""ability"":""I"",""detected_level"":""S"",""filename"":""I"",""job"":""I"",""nist_control"":""I"",""service_name"":""I""}",1790171974552314621_8ad63ac7
"{""ability"":""target_acquisition"",""detected_level"":""unknown"",""filename"":""/opt/zeek/logs/current/telemetry.log"",""job"":""search_man"",""nist_control"":""detect"",""service_name"":""search_man""}",2026-09-23 09:59:34.552,"{""ts"":1790085036.199737,""peer"":""zeek"",""metric_type"":""counter"",""name"":""zeek_net_dropped_packets_total"",""labels"":[],""label_values"":[],""value"":1074.0}",1790171974552305531,"{""ability"":""I"",""detected_level"":""S"",""filename"":""I"",""job"":""I"",""nist_control"":""I"",""service_name"":""I""}",1790171974552305531_8f9264cb
"{""ability"":""target_acquisition"",""detected_level"":""unknown"",""filename"":""/opt/zeek/logs/current/telemetry.log"",""job"":""search_man"",""nist_control"":""detect"",""service_name"":""search_man""}",2026-09-23 09:59:34.552,"{""ts"":1790085036.199737,""peer"":""zeek"",""metric_type"":""counter"",""name"":""zeek_net_received_packets_total"",""labels"":[],""label_values"":[],""value"":150964.0}",1790171974552300840,"{""ability"":""I"",""detected_level"":""S"",""filename"":""I"",""job"":""I"",""nist_control"":""I"",""service_name"":""I""}",1790171974552300840_2ec67a05
"{""ability"":""target_acquisition"",""detected_level"":""unknown"",""filename"":""/opt/zeek/logs/current/telemetry.log"",""job"":""search_man"",""nist_control"":""detect"",""service_name"":""search_man""}",2026-09-23 09:59:34.552,"{""ts"":1790085036.199737,""peer"":""zeek"",""metric_type"":""counter"",""name"":""zeek_net_received_bytes_total"",""labels"":[],""label_values"":[],""value"":102349203.0}",1790171974552219021,"{""ability"":""I"",""detected_level"":""S"",""filename"":""I"",""job"":""I"",""nist_control"":""I"",""service_name"":""I""}",1790171974552219021_438603e6
"{""ability"":""target_acquisition"",""detected_level"":""unknown"",""filename"":""/opt/zeek/logs/current/telemetry.log"",""job"":""search_man"",""nist_control"":""detect"",""service_name"":""search_man""}",2026-09-23 09:59:34.552,"{""ts"":1790085036.199737,""peer"":""zeek"",""metric_type"":""counter"",""name"":""zeek_log_writer_truncated_containers_total"",""labels"":[""filter_name"",""module"",""path"",""stream"",""writer""],""label_values"":[""default"",""QUIC"",""quic"",""QUIC::LOG"",""Log::WRITER_ASCII""],""value"":0.0}",1790171974552201000,"{""ability"":""I"",""detected_level"":""S"",""filename"":""I"",""job"":""I"",""nist_control"":""I"",""service_name"":""I""}",1790171974552201000_44228d1f
"{""ability"":""target_acquisition"",""detected_level"":""unknown"",""filename"":""/opt/zeek/logs/current/telemetry.log"",""job"":""search_man"",""nist_control"":""detect"",""service_name"":""search_man""}",2026-09-23 09:59:34.552,"{""ts"":1790085036.199737,""peer"":""zeek"",""metric_type"":""counter"",""name"":""zeek_log_writer_truncated_containers_total"",""labels"":[""filter_name"",""module"",""path"",""stream"",""writer""],""label_values"":[""default"",""Known"",""known_hosts"",""Known::HOSTS_LOG"",""Log::WRITER_ASCII""],""value"":0.0}",1790171974552181070,"{""ability"":""I"",""detected_level"":""S"",""filename"":""I"",""job"":""I"",""nist_control"":""I"",""service_name"":""I""}",1790171974552181070_5395d22e
"{""ability"":""target_acquisition"",""detected_level"":""unknown"",""filename"":""/opt/zeek/logs/current/telemetry.log"",""job"":""search_man"",""nist_control"":""detect"",""service_name"":""search_man""}",2026-09-23 09:59:34.552,"{""ts"":1790085036.199737,""peer"":""zeek"",""metric_type"":""counter"",""name"":""zeek_log_writer_truncated_containers_total"",""labels"":[""filter_name"",""module"",""path"",""stream"",""writer""],""label_values"":[""default"",""X509"",""x509"",""X509::LOG"",""Log::WRITER_ASCII""],""value"":0.0}",1790171974552171390,"{""ability"":""I"",""detected_level"":""S"",""filename"":""I"",""job"":""I"",""nist_control"":""I"",""service_name"":""I""}",1790171974552171390_d264548d
"{""ability"":""target_acquisition"",""detected_level"":""unknown"",""filename"":""/opt/zeek/logs/current/telemetry.log"",""job"":""search_man"",""nist_control"":""detect"",""service_name"":""search_man""}",2026-09-23 09:59:34.552,"{""ts"":1790085036.199737,""peer"":""zeek"",""metric_type"":""counter"",""name"":""zeek_log_writer_truncated_containers_total"",""labels"":[""filter_name"",""module"",""path"",""stream"",""writer""],""label_values"":[""default"",""NTP"",""ntp"",""NTP::LOG"",""Log::WRITER_ASCII""],""value"":0.0}",1790171974552166767,"{""ability"":""I"",""detected_level"":""S"",""filename"":""I"",""job"":""I"",""nist_control"":""I"",""service_name"":""I""}",1790171974552166767_31ec706f
"{""ability"":""target_acquisition"",""detected_level"":""unknown"",""filename"":""/opt/zeek/logs/current/telemetry.log"",""job"":""search_man"",""nist_control"":""detect"",""service_name"":""search_man""}",2026-09-23 09:59:34.552,"{""ts"":1790085036.199737,""peer"":""zeek"",""metric_type"":""counter"",""name"":""zeek_log_writer_truncated_containers_total"",""labels"":[""filter_name"",""module"",""path"",""stream"",""writer""],""label_values"":[""default"",""SSL"",""ssl"",""SSL::LOG"",""Log::WRITER_ASCII""],""value"":0.0}",1790171974552098408,"{""ability"":""I"",""detected_level"":""S"",""filename"":""I"",""job"":""I"",""nist_control"":""I"",""service_name"":""I""}",1790171974552098408_ffe3217
"{""ability"":""target_acquisition"",""detected_level"":""unknown"",""filename"":""/opt/zeek/logs/current/telemetry.log"",""job"":""search_man"",""nist_control"":""detect"",""service_name"":""search_man""}",2026-09-23 09:59:34.552,"{""ts"":1790085036.199737,""peer"":""zeek"",""metric_type"":""counter"",""name"":""zeek_log_writer_truncated_containers_total"",""labels"":[""filter_name"",""module"",""path"",""stream"",""writer""],""label_values"":[""default"",""Weird"",""weird"",""Weird::LOG"",""Log::WRITER_ASCII""],""value"":0.0}",1790171974552083089,"{""ability"":""I"",""detected_level"":""S"",""filename"":""I"",""job"":""I"",""nist_control"":""I"",""service_name"":""I""}",1790171974552083089_a4fa67d8
"{""ability"":""target_acquisition"",""detected_level"":""unknown"",""filename"":""/opt/zeek/logs/current/telemetry.log"",""job"":""search_man"",""nist_control"":""detect"",""service_name"":""search_man""}",2026-09-23 09:59:34.552,"{""ts"":1790085036.199737,""peer"":""zeek"",""metric_type"":""counter"",""name"":""zeek_log_writer_truncated_containers_total"",""labels"":[""filter_name"",""module"",""path"",""stream"",""writer""],""label_values"":[""default"",""CaptureLoss"",""capture_loss"",""CaptureLoss::LOG"",""Log::WRITER_ASCII""],""value"":0.0}",1790171974552070893,"{""ability"":""I"",""detected_level"":""S"",""filename"":""I"",""job"":""I"",""nist_control"":""I"",""service_name"":""I""}",1790171974552070893_ea7c06c7
"{""ability"":""target_acquisition"",""detected_level"":""unknown"",""filename"":""/opt/zeek/logs/current/telemetry.log"",""job"":""search_man"",""nist_control"":""detect"",""service_name"":""search_man""}",2026-09-23 09:59:34.552,"{""ts"":1790085036.199737,""peer"":""zeek"",""metric_type"":""counter"",""name"":""zeek_log_writer_truncated_containers_total"",""labels"":[""filter_name"",""module"",""path"",""stream"",""writer""],""label_values"":[""default"",""Notice"",""notice"",""Notice::LOG"",""Log::WRITER_ASCII""],""value"":0.0}",1790171974552061305,"{""ability"":""I"",""detected_level"":""S"",""filename"":""I"",""job"":""I"",""nist_control"":""I"",""service_name"":""I""}",1790171974552061305_c69be71
"{""ability"":""target_acquisition"",""detected_level"":""unknown"",""filename"":""/opt/zeek/logs/current/telemetry.log"",""job"":""search_man"",""nist_control"":""detect"",""service_name"":""search_man""}",2026-09-23 09:59:34.552,"{""ts"":1790085036.199737,""peer"":""zeek"",""metric_type"":""counter"",""name"":""zeek_log_writer_truncated_containers_total"",""labels"":[""filter_name"",""module"",""path"",""stream"",""writer""],""label_values"":[""default"",""Conn"",""conn"",""Conn::LOG"",""Log::WRITER_ASCII""],""value"":0.0}",1790171974552056803,"{""ability"":""I"",""detected_level"":""S"",""filename"":""I"",""job"":""I"",""nist_control"":""I"",""service_name"":""I""}",1790171974552056803_e4187acf
"{""ability"":""target_acquisition"",""detected_level"":""unknown"",""filename"":""/opt/zeek/logs/current/telemetry.log"",""job"":""search_man"",""nist_control"":""detect"",""service_name"":""search_man""}",2026-09-23 09:59:34.551,"{""ts"":1790085036.199737,""peer"":""zeek"",""metric_type"":""counter"",""name"":""zeek_log_writer_truncated_containers_total"",""labels"":[""filter_name"",""module"",""path"",""stream"",""writer""],""label_values"":[""default"",""Known"",""known_services"",""Known::SERVICES_LOG"",""Log::WRITER_ASCII""],""value"":0.0}",1790171974551987374,"{""ability"":""I"",""detected_level"":""S"",""filename"":""I"",""job"":""I"",""nist_control"":""I"",""service_name"":""I""}",1790171974551987374_89b03f8a
"{""ability"":""target_acquisition"",""detected_level"":""unknown"",""filename"":""/opt/zeek/logs/current/telemetry.log"",""job"":""search_man"",""nist_control"":""detect"",""service_name"":""search_man""}",2026-09-23 09:59:34.551,"{""ts"":1790085036.199737,""peer"":""zeek"",""metric_type"":""counter"",""name"":""zeek_log_writer_truncated_containers_total"",""labels"":[""filter_name"",""module"",""path"",""stream"",""writer""],""label_values"":[""default"",""DNS"",""dns"",""DNS::LOG"",""Log::WRITER_ASCII""],""value"":0.0}",1790171974551971527,"{""ability"":""I"",""detected_level"":""S"",""filename"":""I"",""job"":""I"",""nist_control"":""I"",""service_name"":""I""}",1790171974551971527_5fe7bf12
"{""ability"":""target_acquisition"",""detected_level"":""unknown"",""filename"":""/opt/zeek/logs/current/telemetry.log"",""job"":""search_man"",""nist_control"":""detect"",""service_name"":""search_man""}",2026-09-23 09:59:34.551,"{""ts"":1790085036.199737,""peer"":""zeek"",""metric_type"":""counter"",""name"":""zeek_log_writer_truncated_containers_total"",""labels"":[""filter_name"",""module"",""path"",""stream"",""writer""],""label_values"":[""default"",""Stats"",""stats"",""Stats::LOG"",""Log::WRITER_ASCII""],""value"":0.0}",1790171974551958625,"{""ability"":""I"",""detected_level"":""S"",""filename"":""I"",""job"":""I"",""nist_control"":""I"",""service_name"":""I""}",1790171974551958625_867ca812
"{""ability"":""target_acquisition"",""detected_level"":""unknown"",""filename"":""/opt/zeek/logs/current/telemetry.log"",""job"":""search_man"",""nist_control"":""detect"",""service_name"":""search_man""}",2026-09-23 09:59:34.551,"{""ts"":1790085036.199737,""peer"":""zeek"",""metric_type"":""counter"",""name"":""zeek_log_writer_truncated_containers_total"",""labels"":[""filter_name"",""module"",""path"",""stream"",""writer""],""label_values"":[""default"",""Telemetry"",""telemetry"",""Telemetry::LOG"",""Log::WRITER_ASCII""],""value"":0.0}",1790171974551949517,"{""ability"":""I"",""detected_level"":""S"",""filename"":""I"",""job"":""I"",""nist_control"":""I"",""service_name"":""I""}",1790171974551949517_fae8da62
"{""ability"":""target_acquisition"",""detected_level"":""unknown"",""filename"":""/opt/zeek/logs/current/telemetry.log"",""job"":""search_man"",""nist_control"":""detect"",""service_name"":""search_man""}",2026-09-23 09:59:34.551,"{""ts"":1790085036.199737,""peer"":""zeek"",""metric_type"":""counter"",""name"":""zeek_log_writer_truncated_containers_total"",""labels"":[""filter_name"",""module"",""path"",""stream"",""writer""],""label_values"":[""default"",""LoadedScripts"",""loaded_scripts"",""LoadedScripts::LOG"",""Log::WRITER_ASCII""],""value"":0.0}",1790171974551945015,"{""ability"":""I"",""detected_level"":""S"",""filename"":""I"",""job"":""I"",""nist_control"":""I"",""service_name"":""I""}",1790171974551945015_ea5217e1
"{""ability"":""target_acquisition"",""detected_level"":""unknown"",""filename"":""/opt/zeek/logs/current/telemetry.log"",""job"":""search_man"",""nist_control"":""detect"",""service_name"":""search_man""}",2026-09-23 09:59:34.551,"{""ts"":1790085036.199737,""peer"":""zeek"",""metric_type"":""counter"",""name"":""zeek_log_writer_truncated_containers_total"",""labels"":[""filter_name"",""module"",""path"",""stream"",""writer""],""label_values"":[""default"",""PacketFilter"",""packet_filter"",""PacketFilter::LOG"",""Log::WRITER_ASCII""],""value"":0.0}",1790171974551875550,"{""ability"":""I"",""detected_level"":""S"",""filename"":""I"",""job"":""I"",""nist_control"":""I"",""service_name"":""I""}",1790171974551875550_5a18ae60
"{""ability"":""target_acquisition"",""detected_level"":""unknown"",""filename"":""/opt/zeek/logs/current/telemetry.log"",""job"":""search_man"",""nist_control"":""detect"",""service_name"":""search_man""}",2026-09-23 09:59:34.551,"{""ts"":1790085036.199737,""peer"":""zeek"",""metric_type"":""counter"",""name"":""zeek_log_writer_truncated_containers_total"",""labels"":[""filter_name"",""module"",""path"",""stream"",""writer""],""label_values"":[""default"",""DHCP"",""dhcp"",""DHCP::LOG"",""Log::WRITER_ASCII""],""value"":0.0}",1790171974551855705,"{""ability"":""I"",""detected_level"":""S"",""filename"":""I"",""job"":""I"",""nist_control"":""I"",""service_name"":""I""}",1790171974551855705_7532dff0
"{""ability"":""target_acquisition"",""detected_level"":""unknown"",""filename"":""/opt/zeek/logs/current/telemetry.log"",""job"":""search_man"",""nist_control"":""detect"",""service_name"":""search_man""}",2026-09-23 09:59:34.551,"{""ts"":1790085036.199737,""peer"":""zeek"",""metric_type"":""counter"",""name"":""zeek_log_writer_truncated_string_fields_total"",""labels"":[""filter_name"",""module"",""path"",""stream"",""writer""],""label_values"":[""default"",""QUIC"",""quic"",""QUIC::LOG"",""Log::WRITER_ASCII""],""value"":0.0}",1790171974551818868,"{""ability"":""I"",""detected_level"":""S"",""filename"":""I"",""job"":""I"",""nist_control"":""I"",""service_name"":""I""}",1790171974551818868_70e9d466
"{""ability"":""target_acquisition"",""detected_level"":""unknown"",""filename"":""/opt/zeek/logs/current/telemetry.log"",""job"":""search_man"",""nist_control"":""detect"",""service_name"":""search_man""}",2026-09-23 09:59:34.551,"{""ts"":1790085036.199737,""peer"":""zeek"",""metric_type"":""counter"",""name"":""zeek_log_writer_truncated_string_fields_total"",""labels"":[""filter_name"",""module"",""path"",""stream"",""writer""],""label_values"":[""default"",""Known"",""known_hosts"",""Known::HOSTS_LOG"",""Log::WRITER_ASCII""],""value"":0.0}",1790171974551809466,"{""ability"":""I"",""detected_level"":""S"",""filename"":""I"",""job"":""I"",""nist_control"":""I"",""service_name"":""I""}",1790171974551809466_ea766f69
"{""ability"":""target_acquisition"",""detected_level"":""unknown"",""filename"":""/opt/zeek/logs/current/telemetry.log"",""job"":""search_man"",""nist_control"":""detect"",""service_name"":""search_man""}",2026-09-23 09:59:34.551,"{""ts"":1790085036.199737,""peer"":""zeek"",""metric_type"":""counter"",""name"":""zeek_log_writer_truncated_string_fields_total"",""labels"":[""filter_name"",""module"",""path"",""stream"",""writer""],""label_values"":[""default"",""X509"",""x509"",""X509::LOG"",""Log::WRITER_ASCII""],""value"":0.0}",1790171974551804621,"{""ability"":""I"",""detected_level"":""S"",""filename"":""I"",""job"":""I"",""nist_control"":""I"",""service_name"":""I""}",1790171974551804621_9c71f85c
"{""ability"":""target_acquisition"",""detected_level"":""unknown"",""filename"":""/opt/zeek/logs/current/telemetry.log"",""job"":""search_man"",""nist_control"":""detect"",""service_name"":""search_man""}",2026-09-23 09:59:34.551,"{""ts"":1790085036.199737,""peer"":""zeek"",""metric_type"":""counter"",""name"":""zeek_log_writer_truncated_string_fields_total"",""labels"":[""filter_name"",""module"",""path"",""stream"",""writer""],""label_values"":[""default"",""NTP"",""ntp"",""NTP::LOG"",""Log::WRITER_ASCII""],""value"":0.0}",1790171974551709953,"{""ability"":""I"",""detected_level"":""S"",""filename"":""I"",""job"":""I"",""nist_control"":""I"",""service_name"":""I""}",1790171974551709953_25e8f8d8
"{""ability"":""target_acquisition"",""detected_level"":""unknown"",""filename"":""/opt/zeek/logs/current/telemetry.log"",""job"":""search_man"",""nist_control"":""detect"",""service_name"":""search_man""}",2026-09-23 09:59:34.551,"{""ts"":1790085036.199737,""peer"":""zeek"",""metric_type"":""counter"",""name"":""zeek_log_writer_truncated_string_fields_total"",""labels"":[""filter_name"",""module"",""path"",""stream"",""writer""],""label_values"":[""default"",""SSL"",""ssl"",""SSL::LOG"",""Log::WRITER_ASCII""],""value"":0.0}",1790171974551694669,"{""ability"":""I"",""detected_level"":""S"",""filename"":""I"",""job"":""I"",""nist_control"":""I"",""service_name"":""I""}",1790171974551694669_7feb158
"{""ability"":""target_acquisition"",""detected_level"":""unknown"",""filename"":""/opt/zeek/logs/current/telemetry.log"",""job"":""search_man"",""nist_control"":""detect"",""service_name"":""search_man""}",2026-09-23 09:59:34.551,"{""ts"":1790085036.199737,""peer"":""zeek"",""metric_type"":""counter"",""name"":""zeek_log_writer_truncated_string_fields_total"",""labels"":[""filter_name"",""module"",""path"",""stream"",""writer""],""label_values"":[""default"",""Weird"",""weird"",""Weird::LOG"",""Log::WRITER_ASCII""],""value"":0.0}",1790171974551681987,"{""ability"":""I"",""detected_level"":""S"",""filename"":""I"",""job"":""I"",""nist_control"":""I"",""service_name"":""I""}",1790171974551681987_6df3cce7
"{""ability"":""target_acquisition"",""detected_level"":""unknown"",""filename"":""/opt/zeek/logs/current/telemetry.log"",""job"":""search_man"",""nist_control"":""detect"",""service_name"":""search_man""}",2026-09-23 09:59:34.551,"{""ts"":1790085036.199737,""peer"":""zeek"",""metric_type"":""counter"",""name"":""zeek_log_writer_truncated_string_fields_total"",""labels"":[""filter_name"",""module"",""path"",""stream"",""writer""],""label_values"":[""default"",""CaptureLoss"",""capture_loss"",""CaptureLoss::LOG"",""Log::WRITER_ASCII""],""value"":0.0}",1790171974551673071,"{""ability"":""I"",""detected_level"":""S"",""filename"":""I"",""job"":""I"",""nist_control"":""I"",""service_name"":""I""}",1790171974551673071_8bed1ec6
"{""ability"":""target_acquisition"",""detected_level"":""unknown"",""filename"":""/opt/zeek/logs/current/telemetry.log"",""job"":""search_man"",""nist_control"":""detect"",""service_name"":""search_man""}",2026-09-23 09:59:34.551,"{""ts"":1790085036.199737,""peer"":""zeek"",""metric_type"":""counter"",""name"":""zeek_log_writer_truncated_string_fields_total"",""labels"":[""filter_name"",""module"",""path"",""stream"",""writer""],""label_values"":[""default"",""Notice"",""notice"",""Notice::LOG"",""Log::WRITER_ASCII""],""value"":0.0}",1790171974551668613,"{""ability"":""I"",""detected_level"":""S"",""filename"":""I"",""job"":""I"",""nist_control"":""I"",""service_name"":""I""}",1790171974551668613_2e3ad514
"{""ability"":""target_acquisition"",""detected_level"":""unknown"",""filename"":""/opt/zeek/logs/current/telemetry.log"",""job"":""search_man"",""nist_control"":""detect"",""service_name"":""search_man""}",2026-09-23 09:59:34.551,"{""ts"":1790085036.199737,""peer"":""zeek"",""metric_type"":""counter"",""name"":""zeek_log_writer_truncated_string_fields_total"",""labels"":[""filter_name"",""module"",""path"",""stream"",""writer""],""label_values"":[""default"",""Conn"",""conn"",""Conn::LOG"",""Log::WRITER_ASCII""],""value"":0.0}",1790171974551600094,"{""ability"":""I"",""detected_level"":""S"",""filename"":""I"",""job"":""I"",""nist_control"":""I"",""service_name"":""I""}",1790171974551600094_5eba7f12
"{""ability"":""target_acquisition"",""detected_level"":""unknown"",""filename"":""/opt/zeek/logs/current/telemetry.log"",""job"":""search_man"",""nist_control"":""detect"",""service_name"":""search_man""}",2026-09-23 09:59:34.551,"{""ts"":1790085036.199737,""peer"":""zeek"",""metric_type"":""counter"",""name"":""zeek_log_writer_truncated_string_fields_total"",""labels"":[""filter_name"",""module"",""path"",""stream"",""writer""],""label_values"":[""default"",""Known"",""known_services"",""Known::SERVICES_LOG"",""Log::WRITER_ASCII""],""value"":0.0}",1790171974551585132,"{""ability"":""I"",""detected_level"":""S"",""filename"":""I"",""job"":""I"",""nist_control"":""I"",""service_name"":""I""}",1790171974551585132_ca55f0ad
"{""ability"":""target_acquisition"",""detected_level"":""unknown"",""filename"":""/opt/zeek/logs/current/telemetry.log"",""job"":""search_man"",""nist_control"":""detect"",""service_name"":""search_man""}",2026-09-23 09:59:34.551,"{""ts"":1790085036.199737,""peer"":""zeek"",""metric_type"":""counter"",""name"":""zeek_log_writer_truncated_string_fields_total"",""labels"":[""filter_name"",""module"",""path"",""stream"",""writer""],""label_values"":[""default"",""DNS"",""dns"",""DNS::LOG"",""Log::WRITER_ASCII""],""value"":0.0}",1790171974551572871,"{""ability"":""I"",""detected_level"":""S"",""filename"":""I"",""job"":""I"",""nist_control"":""I"",""service_name"":""I""}",1790171974551572871_65452fa5
"{""ability"":""target_acquisition"",""detected_level"":""unknown"",""filename"":""/opt/zeek/logs/current/telemetry.log"",""job"":""search_man"",""nist_control"":""detect"",""service_name"":""search_man""}",2026-09-23 09:59:34.551,"{""ts"":1790085036.199737,""peer"":""zeek"",""metric_type"":""counter"",""name"":""zeek_log_writer_truncated_string_fields_total"",""labels"":[""filter_name"",""module"",""path"",""stream"",""writer""],""label_values"":[""default"",""Stats"",""stats"",""Stats::LOG"",""Log::WRITER_ASCII""],""value"":0.0}",1790171974551563224,"{""ability"":""I"",""detected_level"":""S"",""filename"":""I"",""job"":""I"",""nist_control"":""I"",""service_name"":""I""}",1790171974551563224_811023d9
"{""ability"":""target_acquisition"",""detected_level"":""unknown"",""filename"":""/opt/zeek/logs/current/telemetry.log"",""job"":""search_man"",""nist_control"":""detect"",""service_name"":""search_man""}",2026-09-23 09:59:34.551,"{""ts"":1790085036.199737,""peer"":""zeek"",""metric_type"":""counter"",""name"":""zeek_log_writer_truncated_string_fields_total"",""labels"":[""filter_name"",""module"",""path"",""stream"",""writer""],""label_values"":[""default"",""Telemetry"",""telemetry"",""Telemetry::LOG"",""Log::WRITER_ASCII""],""value"":0.0}",1790171974551558645,"{""ability"":""I"",""detected_level"":""S"",""filename"":""I"",""job"":""I"",""nist_control"":""I"",""service_name"":""I""}",1790171974551558645_b3e3a3f1
"{""ability"":""target_acquisition"",""detected_level"":""unknown"",""filename"":""/opt/zeek/logs/current/telemetry.log"",""job"":""search_man"",""nist_control"":""detect"",""service_name"":""search_man""}",2026-09-23 09:59:34.551,"{""ts"":1790085036.199737,""peer"":""zeek"",""metric_type"":""counter"",""name"":""zeek_log_writer_truncated_string_fields_total"",""labels"":[""filter_name"",""module"",""path"",""stream"",""writer""],""label_values"":[""default"",""LoadedScripts"",""loaded_scripts"",""LoadedScripts::LOG"",""Log::WRITER_ASCII""],""value"":0.0}",1790171974551487982,"{""ability"":""I"",""detected_level"":""S"",""filename"":""I"",""job"":""I"",""nist_control"":""I"",""service_name"":""I""}",1790171974551487982_c325882c
"{""ability"":""target_acquisition"",""detected_level"":""unknown"",""filename"":""/opt/zeek/logs/current/telemetry.log"",""job"":""search_man"",""nist_control"":""detect"",""service_name"":""search_man""}",2026-09-23 09:59:34.551,"{""ts"":1790085036.199737,""peer"":""zeek"",""metric_type"":""counter"",""name"":""zeek_log_writer_truncated_string_fields_total"",""labels"":[""filter_name"",""module"",""path"",""stream"",""writer""],""label_values"":[""default"",""PacketFilter"",""packet_filter"",""PacketFilter::LOG"",""Log::WRITER_ASCII""],""value"":0.0}",1790171974551469713,"{""ability"":""I"",""detected_level"":""S"",""filename"":""I"",""job"":""I"",""nist_control"":""I"",""service_name"":""I""}",1790171974551469713_b5f32653
"{""ability"":""target_acquisition"",""detected_level"":""unknown"",""filename"":""/opt/zeek/logs/current/telemetry.log"",""job"":""search_man"",""nist_control"":""detect"",""service_name"":""search_man""}",2026-09-23 09:59:34.551,"{""ts"":1790085036.199737,""peer"":""zeek"",""metric_type"":""counter"",""name"":""zeek_log_writer_truncated_string_fields_total"",""labels"":[""filter_name"",""module"",""path"",""stream"",""writer""],""label_values"":[""default"",""DHCP"",""dhcp"",""DHCP::LOG"",""Log::WRITER_ASCII""],""value"":0.0}",1790171974551448372,"{""ability"":""I"",""detected_level"":""S"",""filename"":""I"",""job"":""I"",""nist_control"":""I"",""service_name"":""I""}",1790171974551448372_7f1dd631
"{""ability"":""target_acquisition"",""detected_level"":""unknown"",""filename"":""/opt/zeek/logs/current/telemetry.log"",""job"":""search_man"",""nist_control"":""detect"",""service_name"":""search_man""}",2026-09-23 09:59:34.551,"{""ts"":1790085036.199737,""peer"":""zeek"",""metric_type"":""counter"",""name"":""zeek_log_writer_discarded_writes_total"",""labels"":[""filter_name"",""module"",""path"",""stream"",""writer""],""label_values"":[""default"",""QUIC"",""quic"",""QUIC::LOG"",""Log::WRITER_ASCII""],""value"":0.0}",1790171974551438905,"{""ability"":""I"",""detected_level"":""S"",""filename"":""I"",""job"":""I"",""nist_control"":""I"",""service_name"":""I""}",1790171974551438905_b5102d8c
"{""ability"":""target_acquisition"",""detected_level"":""unknown"",""filename"":""/opt/zeek/logs/current/telemetry.log"",""job"":""search_man"",""nist_control"":""detect"",""service_name"":""search_man""}",2026-09-23 09:59:34.551,"{""ts"":1790085036.199737,""peer"":""zeek"",""metric_type"":""counter"",""name"":""zeek_log_writer_discarded_writes_total"",""labels"":[""filter_name"",""module"",""path"",""stream"",""writer""],""label_values"":[""default"",""Known"",""known_hosts"",""Known::HOSTS_LOG"",""Log::WRITER_ASCII""],""value"":0.0}",1790171974551433745,"{""ability"":""I"",""detected_level"":""S"",""filename"":""I"",""job"":""I"",""nist_control"":""I"",""service_name"":""I""}",1790171974551433745_b48fe33b
"{""ability"":""target_acquisition"",""detected_level"":""unknown"",""filename"":""/opt/zeek/logs/current/telemetry.log"",""job"":""search_man"",""nist_control"":""detect"",""service_name"":""search_man""}",2026-09-23 09:59:34.551,"{""ts"":1790085036.199737,""peer"":""zeek"",""metric_type"":""counter"",""name"":""zeek_log_writer_discarded_writes_total"",""labels"":[""filter_name"",""module"",""path"",""stream"",""writer""],""label_values"":[""default"",""X509"",""x509"",""X509::LOG"",""Log::WRITER_ASCII""],""value"":0.0}",1790171974551286802,"{""ability"":""I"",""detected_level"":""S"",""filename"":""I"",""job"":""I"",""nist_control"":""I"",""service_name"":""I""}",1790171974551286802_b7186a56
"{""ability"":""target_acquisition"",""detected_level"":""unknown"",""filename"":""/opt/zeek/logs/current/telemetry.log"",""job"":""search_man"",""nist_control"":""detect"",""service_name"":""search_man""}",2026-09-23 09:59:34.551,"{""ts"":1790085036.199737,""peer"":""zeek"",""metric_type"":""counter"",""name"":""zeek_log_writer_discarded_writes_total"",""labels"":[""filter_name"",""module"",""path"",""stream"",""writer""],""label_values"":[""default"",""NTP"",""ntp"",""NTP::LOG"",""Log::WRITER_ASCII""],""value"":0.0}",1790171974551271972,"{""ability"":""I"",""detected_level"":""S"",""filename"":""I"",""job"":""I"",""nist_control"":""I"",""service_name"":""I""}",1790171974551271972_de54c2ea
"{""ability"":""target_acquisition"",""detected_level"":""unknown"",""filename"":""/opt/zeek/logs/current/telemetry.log"",""job"":""search_man"",""nist_control"":""detect"",""service_name"":""search_man""}",2026-09-23 09:59:34.551,"{""ts"":1790085036.199737,""peer"":""zeek"",""metric_type"":""counter"",""name"":""zeek_log_writer_discarded_writes_total"",""labels"":[""filter_name"",""module"",""path"",""stream"",""writer""],""label_values"":[""default"",""SSL"",""ssl"",""SSL::LOG"",""Log::WRITER_ASCII""],""value"":0.0}",1790171974551259821,"{""ability"":""I"",""detected_level"":""S"",""filename"":""I"",""job"":""I"",""nist_control"":""I"",""service_name"":""I""}",1790171974551259821_9c800466
"{""ability"":""target_acquisition"",""detected_level"":""unknown"",""filename"":""/opt/zeek/logs/current/telemetry.log"",""job"":""search_man"",""nist_control"":""detect"",""service_name"":""search_man""}",2026-09-23 09:59:34.551,"{""ts"":1790085036.199737,""peer"":""zeek"",""metric_type"":""counter"",""name"":""zeek_log_writer_discarded_writes_total"",""labels"":[""filter_name"",""module"",""path"",""stream"",""writer""],""label_values"":[""default"",""Weird"",""weird"",""Weird::LOG"",""Log::WRITER_ASCII""],""value"":0.0}",1790171974551250241,"{""ability"":""I"",""detected_level"":""S"",""filename"":""I"",""job"":""I"",""nist_control"":""I"",""service_name"":""I""}",1790171974551250241_b0bf0cfd
"{""ability"":""target_acquisition"",""detected_level"":""unknown"",""filename"":""/opt/zeek/logs/current/telemetry.log"",""job"":""search_man"",""nist_control"":""detect"",""service_name"":""search_man""}",2026-09-23 09:59:34.551,"{""ts"":1790085036.199737,""peer"":""zeek"",""metric_type"":""counter"",""name"":""zeek_log_writer_discarded_writes_total"",""labels"":[""filter_name"",""module"",""path"",""stream"",""writer""],""label_values"":[""default"",""CaptureLoss"",""capture_loss"",""CaptureLoss::LOG"",""Log::WRITER_ASCII""],""value"":0.0}",1790171974551245810,"{""ability"":""I"",""detected_level"":""S"",""filename"":""I"",""job"":""I"",""nist_control"":""I"",""service_name"":""I""}",1790171974551245810_999afd08
"{""ability"":""target_acquisition"",""detected_level"":""unknown"",""filename"":""/opt/zeek/logs/current/telemetry.log"",""job"":""search_man"",""nist_control"":""detect"",""service_name"":""search_man""}",2026-09-23 09:59:34.551,"{""ts"":1790085036.199737,""peer"":""zeek"",""metric_type"":""counter"",""name"":""zeek_log_writer_discarded_writes_total"",""labels"":[""filter_name"",""module"",""path"",""stream"",""writer""],""label_values"":[""default"",""Notice"",""notice"",""Notice::LOG"",""Log::WRITER_ASCII""],""value"":0.0}",1790171974551174952,"{""ability"":""I"",""detected_level"":""S"",""filename"":""I"",""job"":""I"",""nist_control"":""I"",""service_name"":""I""}",1790171974551174952_31365b2a
"{""ability"":""target_acquisition"",""detected_level"":""unknown"",""filename"":""/opt/zeek/logs/current/telemetry.log"",""job"":""search_man"",""nist_control"":""detect"",""service_name"":""search_man""}",2026-09-23 09:59:34.551,"{""ts"":1790085036.199737,""peer"":""zeek"",""metric_type"":""counter"",""name"":""zeek_log_writer_discarded_writes_total"",""labels"":[""filter_name"",""module"",""path"",""stream"",""writer""],""label_values"":[""default"",""Conn"",""conn"",""Conn::LOG"",""Log::WRITER_ASCII""],""value"":0.0}",1790171974551159733,"{""ability"":""I"",""detected_level"":""S"",""filename"":""I"",""job"":""I"",""nist_control"":""I"",""service_name"":""I""}",1790171974551159733_cb6ff18c
"{""ability"":""target_acquisition"",""detected_level"":""unknown"",""filename"":""/opt/zeek/logs/current/telemetry.log"",""job"":""search_man"",""nist_control"":""detect"",""service_name"":""search_man""}",2026-09-23 09:59:34.551,"{""ts"":1790085036.199737,""peer"":""zeek"",""metric_type"":""counter"",""name"":""zeek_log_writer_discarded_writes_total"",""labels"":[""filter_name"",""module"",""path"",""stream"",""writer""],""label_values"":[""default"",""Known"",""known_services"",""Known::SERVICES_LOG"",""Log::WRITER_ASCII""],""value"":0.0}",1790171974551147411,"{""ability"":""I"",""detected_level"":""S"",""filename"":""I"",""job"":""I"",""nist_control"":""I"",""service_name"":""I""}",1790171974551147411_35493547
"{""ability"":""target_acquisition"",""detected_level"":""unknown"",""filename"":""/opt/zeek/logs/current/telemetry.log"",""job"":""search_man"",""nist_control"":""detect"",""service_name"":""search_man""}",2026-09-23 09:59:34.551,"{""ts"":1790085036.199737,""peer"":""zeek"",""metric_type"":""counter"",""name"":""zeek_log_writer_discarded_writes_total"",""labels"":[""filter_name"",""module"",""path"",""stream"",""writer""],""label_values"":[""default"",""DNS"",""dns"",""DNS::LOG"",""Log::WRITER_ASCII""],""value"":0.0}",1790171974551138215,"{""ability"":""I"",""detected_level"":""S"",""filename"":""I"",""job"":""I"",""nist_control"":""I"",""service_name"":""I""}",1790171974551138215_3279ad83
"{""ability"":""target_acquisition"",""detected_level"":""unknown"",""filename"":""/opt/zeek/logs/current/telemetry.log"",""job"":""search_man"",""nist_control"":""detect"",""service_name"":""search_man""}",2026-09-23 09:59:34.551,"{""ts"":1790085036.199737,""peer"":""zeek"",""metric_type"":""counter"",""name"":""zeek_log_writer_discarded_writes_total"",""labels"":[""filter_name"",""module"",""path"",""stream"",""writer""],""label_values"":[""default"",""Stats"",""stats"",""Stats::LOG"",""Log::WRITER_ASCII""],""value"":0.0}",1790171974551133768,"{""ability"":""I"",""detected_level"":""S"",""filename"":""I"",""job"":""I"",""nist_control"":""I"",""service_name"":""I""}",1790171974551133768_2a3fff3f
"{""ability"":""target_acquisition"",""detected_level"":""unknown"",""filename"":""/opt/zeek/logs/current/telemetry.log"",""job"":""search_man"",""nist_control"":""detect"",""service_name"":""search_man""}",2026-09-23 09:59:34.551,"{""ts"":1790085036.199737,""peer"":""zeek"",""metric_type"":""counter"",""name"":""zeek_log_writer_discarded_writes_total"",""labels"":[""filter_name"",""module"",""path"",""stream"",""writer""],""label_values"":[""default"",""Telemetry"",""telemetry"",""Telemetry::LOG"",""Log::WRITER_ASCII""],""value"":0.0}",1790171974551065123,"{""ability"":""I"",""detected_level"":""S"",""filename"":""I"",""job"":""I"",""nist_control"":""I"",""service_name"":""I""}",1790171974551065123_42797edb
"{""ability"":""target_acquisition"",""detected_level"":""unknown"",""filename"":""/opt/zeek/logs/current/telemetry.log"",""job"":""search_man"",""nist_control"":""detect"",""service_name"":""search_man""}",2026-09-23 09:59:34.551,"{""ts"":1790085036.199737,""peer"":""zeek"",""metric_type"":""counter"",""name"":""zeek_log_writer_discarded_writes_total"",""labels"":[""filter_name"",""module"",""path"",""stream"",""writer""],""label_values"":[""default"",""LoadedScripts"",""loaded_scripts"",""LoadedScripts::LOG"",""Log::WRITER_ASCII""],""value"":0.0}",1790171974551048107,"{""ability"":""I"",""detected_level"":""S"",""filename"":""I"",""job"":""I"",""nist_control"":""I"",""service_name"":""I""}",1790171974551048107_d16ef0ae
"{""ability"":""target_acquisition"",""detected_level"":""unknown"",""filename"":""/opt/zeek/logs/current/telemetry.log"",""job"":""search_man"",""nist_control"":""detect"",""service_name"":""search_man""}",2026-09-23 09:59:34.551,"{""ts"":1790085036.199737,""peer"":""zeek"",""metric_type"":""counter"",""name"":""zeek_log_writer_discarded_writes_total"",""labels"":[""filter_name"",""module"",""path"",""stream"",""writer""],""label_values"":[""default"",""PacketFilter"",""packet_filter"",""PacketFilter::LOG"",""Log::WRITER_ASCII""],""value"":0.0}",1790171974551027493,"{""ability"":""I"",""detected_level"":""S"",""filename"":""I"",""job"":""I"",""nist_control"":""I"",""service_name"":""I""}",1790171974551027493_37ba4b5
"{""ability"":""target_acquisition"",""detected_level"":""unknown"",""filename"":""/opt/zeek/logs/current/telemetry.log"",""job"":""search_man"",""nist_control"":""detect"",""service_name"":""search_man""}",2026-09-23 09:59:34.551,"{""ts"":1790085036.199737,""peer"":""zeek"",""metric_type"":""counter"",""name"":""zeek_log_writer_discarded_writes_total"",""labels"":[""filter_name"",""module"",""path"",""stream"",""writer""],""label_values"":[""default"",""DHCP"",""dhcp"",""DHCP::LOG"",""Log::WRITER_ASCII""],""value"":0.0}",1790171974551017996,"{""ability"":""I"",""detected_level"":""S"",""filename"":""I"",""job"":""I"",""nist_control"":""I"",""service_name"":""I""}",1790171974551017996_511c1fc7
"{""ability"":""target_acquisition"",""detected_level"":""unknown"",""filename"":""/opt/zeek/logs/current/telemetry.log"",""job"":""search_man"",""nist_control"":""detect"",""service_name"":""search_man""}",2026-09-23 09:59:34.551,"{""ts"":1790085036.199737,""peer"":""zeek"",""metric_type"":""counter"",""name"":""zeek_log_writer_writes_total"",""labels"":[""filter_name"",""module"",""path"",""stream"",""writer""],""label_values"":[""default"",""QUIC"",""quic"",""QUIC::LOG"",""Log::WRITER_ASCII""],""value"":126.0}",1790171974551013155,"{""ability"":""I"",""detected_level"":""S"",""filename"":""I"",""job"":""I"",""nist_control"":""I"",""service_name"":""I""}",1790171974551013155_4385fa45
"{""ability"":""target_acquisition"",""detected_level"":""unknown"",""filename"":""/opt/zeek/logs/current/telemetry.log"",""job"":""search_man"",""nist_control"":""detect"",""service_name"":""search_man""}",2026-09-23 09:59:34.550,"{""ts"":1790085036.199737,""peer"":""zeek"",""metric_type"":""counter"",""name"":""zeek_log_writer_writes_total"",""labels"":[""filter_name"",""module"",""path"",""stream"",""writer""],""label_values"":[""default"",""Known"",""known_hosts"",""Known::HOSTS_LOG"",""Log::WRITER_ASCII""],""value"":1.0}",1790171974550932388,"{""ability"":""I"",""detected_level"":""S"",""filename"":""I"",""job"":""I"",""nist_control"":""I"",""service_name"":""I""}",1790171974550932388_acc0c52e
"{""ability"":""target_acquisition"",""detected_level"":""unknown"",""filename"":""/opt/zeek/logs/current/telemetry.log"",""job"":""search_man"",""nist_control"":""detect"",""service_name"":""search_man""}",2026-09-23 09:59:34.550,"{""ts"":1790085036.199737,""peer"":""zeek"",""metric_type"":""counter"",""name"":""zeek_log_writer_writes_total"",""labels"":[""filter_name"",""module"",""path"",""stream"",""writer""],""label_values"":[""default"",""X509"",""x509"",""X509::LOG"",""Log::WRITER_ASCII""],""value"":2.0}",1790171974550917057,"{""ability"":""I"",""detected_level"":""S"",""filename"":""I"",""job"":""I"",""nist_control"":""I"",""service_name"":""I""}",1790171974550917057_6113c3f8
"{""ability"":""target_acquisition"",""detected_level"":""unknown"",""filename"":""/opt/zeek/logs/current/telemetry.log"",""job"":""search_man"",""nist_control"":""detect"",""service_name"":""search_man""}",2026-09-23 09:59:34.550,"{""ts"":1790085036.199737,""peer"":""zeek"",""metric_type"":""counter"",""name"":""zeek_log_writer_writes_total"",""labels"":[""filter_name"",""module"",""path"",""stream"",""writer""],""label_values"":[""default"",""NTP"",""ntp"",""NTP::LOG"",""Log::WRITER_ASCII""],""value"":8.0}",1790171974550904246,"{""ability"":""I"",""detected_level"":""S"",""filename"":""I"",""job"":""I"",""nist_control"":""I"",""service_name"":""I""}",1790171974550904246_950250ae
"{""ability"":""target_acquisition"",""detected_level"":""unknown"",""filename"":""/opt/zeek/logs/current/telemetry.log"",""job"":""search_man"",""nist_control"":""detect"",""service_name"":""search_man""}",2026-09-23 09:59:34.550,"{""ts"":1790085036.199737,""peer"":""zeek"",""metric_type"":""counter"",""name"":""zeek_log_writer_writes_total"",""labels"":[""filter_name"",""module"",""path"",""stream"",""writer""],""label_values"":[""default"",""SSL"",""ssl"",""SSL::LOG"",""Log::WRITER_ASCII""],""value"":318.0}",1790171974550894799,"{""ability"":""I"",""detected_level"":""S"",""filename"":""I"",""job"":""I"",""nist_control"":""I"",""service_name"":""I""}",1790171974550894799_8da5d6a
"{""ability"":""target_acquisition"",""detected_level"":""unknown"",""filename"":""/opt/zeek/logs/current/telemetry.log"",""job"":""search_man"",""nist_control"":""detect"",""service_name"":""search_man""}",2026-09-23 09:59:34.550,"{""ts"":1790085036.199737,""peer"":""zeek"",""metric_type"":""counter"",""name"":""zeek_log_writer_writes_total"",""labels"":[""filter_name"",""module"",""path"",""stream"",""writer""],""label_values"":[""default"",""Weird"",""weird"",""Weird::LOG"",""Log::WRITER_ASCII""],""value"":6.0}",1790171974550890141,"{""ability"":""I"",""detected_level"":""S"",""filename"":""I"",""job"":""I"",""nist_control"":""I"",""service_name"":""I""}",1790171974550890141_3774c31f
"{""ability"":""target_acquisition"",""detected_level"":""unknown"",""filename"":""/opt/zeek/logs/current/telemetry.log"",""job"":""search_man"",""nist_control"":""detect"",""service_name"":""search_man""}",2026-09-23 09:59:34.550,"{""ts"":1790085036.199737,""peer"":""zeek"",""metric_type"":""counter"",""name"":""zeek_log_writer_writes_total"",""labels"":[""filter_name"",""module"",""path"",""stream"",""writer""],""label_values"":[""default"",""CaptureLoss"",""capture_loss"",""CaptureLoss::LOG"",""Log::WRITER_ASCII""],""value"":12.0}",1790171974550821304,"{""ability"":""I"",""detected_level"":""S"",""filename"":""I"",""job"":""I"",""nist_control"":""I"",""service_name"":""I""}",1790171974550821304_5bdebbed
"{""ability"":""target_acquisition"",""detected_level"":""unknown"",""filename"":""/opt/zeek/logs/current/telemetry.log"",""job"":""search_man"",""nist_control"":""detect"",""service_name"":""search_man""}",2026-09-23 09:59:34.550,"{""ts"":1790085036.199737,""peer"":""zeek"",""metric_type"":""counter"",""name"":""zeek_log_writer_writes_total"",""labels"":[""filter_name"",""module"",""path"",""stream"",""writer""],""label_values"":[""default"",""Notice"",""notice"",""Notice::LOG"",""Log::WRITER_ASCII""],""value"":3.0}",1790171974550805366,"{""ability"":""I"",""detected_level"":""S"",""filename"":""I"",""job"":""I"",""nist_control"":""I"",""service_name"":""I""}",1790171974550805366_8f581c3d
"{""ability"":""target_acquisition"",""detected_level"":""unknown"",""filename"":""/opt/zeek/logs/current/telemetry.log"",""job"":""search_man"",""nist_control"":""detect"",""service_name"":""search_man""}",2026-09-23 09:59:34.550,"{""ts"":1790085036.199737,""peer"":""zeek"",""metric_type"":""counter"",""name"":""zeek_log_writer_writes_total"",""labels"":[""filter_name"",""module"",""path"",""stream"",""writer""],""label_values"":[""default"",""Conn"",""conn"",""Conn::LOG"",""Log::WRITER_ASCII""],""value"":2863.0}",1790171974550792537,"{""ability"":""I"",""detected_level"":""S"",""filename"":""I"",""job"":""I"",""nist_control"":""I"",""service_name"":""I""}",1790171974550792537_404c4ab3
"{""ability"":""target_acquisition"",""detected_level"":""unknown"",""filename"":""/opt/zeek/logs/current/telemetry.log"",""job"":""search_man"",""nist_control"":""detect"",""service_name"":""search_man""}",2026-09-23 09:59:34.550,"{""ts"":1790085036.199737,""peer"":""zeek"",""metric_type"":""counter"",""name"":""zeek_log_writer_writes_total"",""labels"":[""filter_name"",""module"",""path"",""stream"",""writer""],""label_values"":[""default"",""Known"",""known_services"",""Known::SERVICES_LOG"",""Log::WRITER_ASCII""],""value"":2.0}",1790171974550783633,"{""ability"":""I"",""detected_level"":""S"",""filename"":""I"",""job"":""I"",""nist_control"":""I"",""service_name"":""I""}",1790171974550783633_1ce96c49
"{""ability"":""target_acquisition"",""detected_level"":""unknown"",""filename"":""/opt/zeek/logs/current/telemetry.log"",""job"":""search_man"",""nist_control"":""detect"",""service_name"":""search_man""}",2026-09-23 09:59:34.550,"{""ts"":1790085036.199737,""peer"":""zeek"",""metric_type"":""counter"",""name"":""zeek_log_writer_writes_total"",""labels"":[""filter_name"",""module"",""path"",""stream"",""writer""],""label_values"":[""default"",""DNS"",""dns"",""DNS::LOG"",""Log::WRITER_ASCII""],""value"":27057.0}",1790171974550779048,"{""ability"":""I"",""detected_level"":""S"",""filename"":""I"",""job"":""I"",""nist_control"":""I"",""service_name"":""I""}",1790171974550779048_f9d7b138
"{""ability"":""target_acquisition"",""detected_level"":""unknown"",""filename"":""/opt/zeek/logs/current/telemetry.log"",""job"":""search_man"",""nist_control"":""detect"",""service_name"":""search_man""}",2026-09-23 09:59:34.550,"{""ts"":1790085036.199737,""peer"":""zeek"",""metric_type"":""counter"",""name"":""zeek_log_writer_writes_total"",""labels"":[""filter_name"",""module"",""path"",""stream"",""writer""],""label_values"":[""default"",""Stats"",""stats"",""Stats::LOG"",""Log::WRITER_ASCII""],""value"":35.0}",1790171974550708378,"{""ability"":""I"",""detected_level"":""S"",""filename"":""I"",""job"":""I"",""nist_control"":""I"",""service_name"":""I""}",1790171974550708378_8679d2a1
"{""ability"":""target_acquisition"",""detected_level"":""unknown"",""filename"":""/opt/zeek/logs/current/telemetry.log"",""job"":""search_man"",""nist_control"":""detect"",""service_name"":""search_man""}",2026-09-23 09:59:34.550,"{""ts"":1790085036.199737,""peer"":""zeek"",""metric_type"":""counter"",""name"":""zeek_log_writer_writes_total"",""labels"":[""filter_name"",""module"",""path"",""stream"",""writer""],""label_values"":[""default"",""Telemetry"",""telemetry"",""Telemetry::LOG"",""Log::WRITER_ASCII""],""value"":42521.0}",1790171974550689503,"{""ability"":""I"",""detected_level"":""S"",""filename"":""I"",""job"":""I"",""nist_control"":""I"",""service_name"":""I""}",1790171974550689503_76b2193
"{""ability"":""target_acquisition"",""detected_level"":""unknown"",""filename"":""/opt/zeek/logs/current/telemetry.log"",""job"":""search_man"",""nist_control"":""detect"",""service_name"":""search_man""}",2026-09-23 09:59:34.550,"{""ts"":1790085036.199737,""peer"":""zeek"",""metric_type"":""counter"",""name"":""zeek_log_writer_writes_total"",""labels"":[""filter_name"",""module"",""path"",""stream"",""writer""],""label_values"":[""default"",""LoadedScripts"",""loaded_scripts"",""LoadedScripts::LOG"",""Log::WRITER_ASCII""],""value"":559.0}",1790171974550655571,"{""ability"":""I"",""detected_level"":""S"",""filename"":""I"",""job"":""I"",""nist_control"":""I"",""service_name"":""I""}",1790171974550655571_552ebf95
"{""ability"":""target_acquisition"",""detected_level"":""unknown"",""filename"":""/opt/zeek/logs/current/telemetry.log"",""job"":""search_man"",""nist_control"":""detect"",""service_name"":""search_man""}",2026-09-23 09:59:34.550,"{""ts"":1790085036.199737,""peer"":""zeek"",""metric_type"":""counter"",""name"":""zeek_log_writer_writes_total"",""labels"":[""filter_name"",""module"",""path"",""stream"",""writer""],""label_values"":[""default"",""PacketFilter"",""packet_filter"",""PacketFilter::LOG"",""Log::WRITER_ASCII""],""value"":1.0}",1790171974550613589,"{""ability"":""I"",""detected_level"":""S"",""filename"":""I"",""job"":""I"",""nist_control"":""I"",""service_name"":""I""}",1790171974550613589_a84db1d0
"{""ability"":""target_acquisition"",""detected_level"":""unknown"",""filename"":""/opt/zeek/logs/current/telemetry.log"",""job"":""search_man"",""nist_control"":""detect"",""service_name"":""search_man""}",2026-09-23 09:59:34.550,"{""ts"":1790085036.199737,""peer"":""zeek"",""metric_type"":""counter"",""name"":""zeek_log_writer_writes_total"",""labels"":[""filter_name"",""module"",""path"",""stream"",""writer""],""label_values"":[""default"",""DHCP"",""dhcp"",""DHCP::LOG"",""Log::WRITER_ASCII""],""value"":16.0}",1790171974550608220,"{""ability"":""I"",""detected_level"":""S"",""filename"":""I"",""job"":""I"",""nist_control"":""I"",""service_name"":""I""}",1790171974550608220_dcb0707c
"{""ability"":""target_acquisition"",""detected_level"":""unknown"",""filename"":""/opt/zeek/logs/current/telemetry.log"",""job"":""search_man"",""nist_control"":""detect"",""service_name"":""search_man""}",2026-09-23 09:59:34.550,"{""ts"":1790085036.199737,""peer"":""zeek"",""metric_type"":""counter"",""name"":""zeek_log_stream_writes_total"",""labels"":[""module"",""stream""],""label_values"":[""Files"",""Files::LOG""],""value"":15.0}",1790171974550539492,"{""ability"":""I"",""detected_level"":""S"",""filename"":""I"",""job"":""I"",""nist_control"":""I"",""service_name"":""I""}",1790171974550539492_dd6fb951
"{""ability"":""target_acquisition"",""detected_level"":""unknown"",""filename"":""/opt/zeek/logs/current/telemetry.log"",""job"":""search_man"",""nist_control"":""detect"",""service_name"":""search_man""}",2026-09-23 09:59:34.550,"{""ts"":1790085036.199737,""peer"":""zeek"",""metric_type"":""counter"",""name"":""zeek_log_stream_writes_total"",""labels"":[""module"",""stream""],""label_values"":[""Stats"",""Stats::LOG""],""value"":35.0}",1790171974550523837,"{""ability"":""I"",""detected_level"":""S"",""filename"":""I"",""job"":""I"",""nist_control"":""I"",""service_name"":""I""}",1790171974550523837_8667807f
"{""ability"":""target_acquisition"",""detected_level"":""unknown"",""filename"":""/opt/zeek/logs/current/telemetry.log"",""job"":""search_man"",""nist_control"":""detect"",""service_name"":""search_man""}",2026-09-23 09:59:34.550,"{""ts"":1790085036.199737,""peer"":""zeek"",""metric_type"":""counter"",""name"":""zeek_log_stream_writes_total"",""labels"":[""module"",""stream""],""label_values"":[""X509"",""X509::LOG""],""value"":4.0}",1790171974550512467,"{""ability"":""I"",""detected_level"":""S"",""filename"":""I"",""job"":""I"",""nist_control"":""I"",""service_name"":""I""}",1790171974550512467_869c830d
"{""ability"":""target_acquisition"",""detected_level"":""unknown"",""filename"":""/opt/zeek/logs/current/telemetry.log"",""job"":""search_man"",""nist_control"":""detect"",""service_name"":""search_man""}",2026-09-23 09:59:34.550,"{""ts"":1790085036.199737,""peer"":""zeek"",""metric_type"":""counter"",""name"":""zeek_log_stream_writes_total"",""labels"":[""module"",""stream""],""label_values"":[""Known"",""Known::HOSTS_LOG""],""value"":1.0}",1790171974550503247,"{""ability"":""I"",""detected_level"":""S"",""filename"":""I"",""job"":""I"",""nist_control"":""I"",""service_name"":""I""}",1790171974550503247_e9d38378
"{""ability"":""target_acquisition"",""detected_level"":""unknown"",""filename"":""/opt/zeek/logs/current/telemetry.log"",""job"":""search_man"",""nist_control"":""detect"",""service_name"":""search_man""}",2026-09-23 09:59:34.550,"{""ts"":1790085036.199737,""peer"":""zeek"",""metric_type"":""counter"",""name"":""zeek_log_stream_writes_total"",""labels"":[""module"",""stream""],""label_values"":[""CaptureLoss"",""CaptureLoss::LOG""],""value"":12.0}",1790171974550498727,"{""ability"":""I"",""detected_level"":""S"",""filename"":""I"",""job"":""I"",""nist_control"":""I"",""service_name"":""I""}",1790171974550498727_79b14e7e
"{""ability"":""target_acquisition"",""detected_level"":""unknown"",""filename"":""/opt/zeek/logs/current/telemetry.log"",""job"":""search_man"",""nist_control"":""detect"",""service_name"":""search_man""}",2026-09-23 09:59:34.550,"{""ts"":1790085036.199737,""peer"":""zeek"",""metric_type"":""counter"",""name"":""zeek_log_stream_writes_total"",""labels"":[""module"",""stream""],""label_values"":[""Notice"",""Notice::LOG""],""value"":3.0}",1790171974550425406,"{""ability"":""I"",""detected_level"":""S"",""filename"":""I"",""job"":""I"",""nist_control"":""I"",""service_name"":""I""}",1790171974550425406_c3c6d1d6
"{""ability"":""target_acquisition"",""detected_level"":""unknown"",""filename"":""/opt/zeek/logs/current/telemetry.log"",""job"":""search_man"",""nist_control"":""detect"",""service_name"":""search_man""}",2026-09-23 09:59:34.550,"{""ts"":1790085036.199737,""peer"":""zeek"",""metric_type"":""counter"",""name"":""zeek_log_stream_writes_total"",""labels"":[""module"",""stream""],""label_values"":[""SSL"",""SSL::LOG""],""value"":318.0}",1790171974550409627,"{""ability"":""I"",""detected_level"":""S"",""filename"":""I"",""job"":""I"",""nist_control"":""I"",""service_name"":""I""}",1790171974550409627_ffa47ced
"{""ability"":""target_acquisition"",""detected_level"":""unknown"",""filename"":""/opt/zeek/logs/current/telemetry.log"",""job"":""search_man"",""nist_control"":""detect"",""service_name"":""search_man""}",2026-09-23 09:59:34.550,"{""ts"":1790085036.199737,""peer"":""zeek"",""metric_type"":""counter"",""name"":""zeek_log_stream_writes_total"",""labels"":[""module"",""stream""],""label_values"":[""Known"",""Known::SERVICES_LOG""],""value"":2.0}",1790171974550396822,"{""ability"":""I"",""detected_level"":""S"",""filename"":""I"",""job"":""I"",""nist_control"":""I"",""service_name"":""I""}",1790171974550396822_b940354
"{""ability"":""target_acquisition"",""detected_level"":""unknown"",""filename"":""/opt/zeek/logs/current/telemetry.log"",""job"":""search_man"",""nist_control"":""detect"",""service_name"":""search_man""}",2026-09-23 09:59:34.550,"{""ts"":1790085036.199737,""peer"":""zeek"",""metric_type"":""counter"",""name"":""zeek_log_stream_writes_total"",""labels"":[""module"",""stream""],""label_values"":[""DHCP"",""DHCP::LOG""],""value"":16.0}",1790171974550385557,"{""ability"":""I"",""detected_level"":""S"",""filename"":""I"",""job"":""I"",""nist_control"":""I"",""service_name"":""I""}",1790171974550385557_ba07089c
"{""ability"":""target_acquisition"",""detected_level"":""unknown"",""filename"":""/opt/zeek/logs/current/telemetry.log"",""job"":""search_man"",""nist_control"":""detect"",""service_name"":""search_man""}",2026-09-23 09:59:34.550,"{""ts"":1790085036.199737,""peer"":""zeek"",""metric_type"":""counter"",""name"":""zeek_log_stream_writes_total"",""labels"":[""module"",""stream""],""label_values"":[""Conn"",""Conn::LOG""],""value"":2863.0}",1790171974550331515,"{""ability"":""I"",""detected_level"":""S"",""filename"":""I"",""job"":""I"",""nist_control"":""I"",""service_name"":""I""}",1790171974550331515_32337094
"{""ability"":""target_acquisition"",""detected_level"":""unknown"",""filename"":""/opt/zeek/logs/current/telemetry.log"",""job"":""search_man"",""nist_control"":""detect"",""service_name"":""search_man""}",2026-09-23 09:59:34.550,"{""ts"":1790085036.199737,""peer"":""zeek"",""metric_type"":""counter"",""name"":""zeek_log_stream_writes_total"",""labels"":[""module"",""stream""],""label_values"":[""DNS"",""DNS::LOG""],""value"":27057.0}",1790171974550228168,"{""ability"":""I"",""detected_level"":""S"",""filename"":""I"",""job"":""I"",""nist_control"":""I"",""service_name"":""I""}",1790171974550228168_4ad6e2f2
"{""ability"":""target_acquisition"",""detected_level"":""unknown"",""filename"":""/opt/zeek/logs/current/telemetry.log"",""job"":""search_man"",""nist_control"":""detect"",""service_name"":""search_man""}",2026-09-23 09:59:34.550,"{""ts"":1790085036.199737,""peer"":""zeek"",""metric_type"":""counter"",""name"":""zeek_log_stream_writes_total"",""labels"":[""module"",""stream""],""label_values"":[""Telemetry"",""Telemetry::LOG""],""value"":42521.0}",1790171974550208106,"{""ability"":""I"",""detected_level"":""S"",""filename"":""I"",""job"":""I"",""nist_control"":""I"",""service_name"":""I""}",1790171974550208106_bd3f3d4d
"{""ability"":""target_acquisition"",""detected_level"":""unknown"",""filename"":""/opt/zeek/logs/current/telemetry.log"",""job"":""search_man"",""nist_control"":""detect"",""service_name"":""search_man""}",2026-09-23 09:59:34.550,"{""ts"":1790085036.199737,""peer"":""zeek"",""metric_type"":""counter"",""name"":""zeek_log_stream_writes_total"",""labels"":[""module"",""stream""],""label_values"":[""LoadedScripts"",""LoadedScripts::LOG""],""value"":559.0}",1790171974550169980,"{""ability"":""I"",""detected_level"":""S"",""filename"":""I"",""job"":""I"",""nist_control"":""I"",""service_name"":""I""}",1790171974550169980_18835baa
"{""ability"":""target_acquisition"",""detected_level"":""unknown"",""filename"":""/opt/zeek/logs/current/telemetry.log"",""job"":""search_man"",""nist_control"":""detect"",""service_name"":""search_man""}",2026-09-23 09:59:34.550,"{""ts"":1790085036.199737,""peer"":""zeek"",""metric_type"":""counter"",""name"":""zeek_log_stream_writes_total"",""labels"":[""module"",""stream""],""label_values"":[""PacketFilter"",""PacketFilter::LOG""],""value"":1.0}",1790171974550159744,"{""ability"":""I"",""detected_level"":""S"",""filename"":""I"",""job"":""I"",""nist_control"":""I"",""service_name"":""I""}",1790171974550159744_b7e97780
"{""ability"":""target_acquisition"",""detected_level"":""unknown"",""filename"":""/opt/zeek/logs/current/telemetry.log"",""job"":""search_man"",""nist_control"":""detect"",""service_name"":""search_man""}",2026-09-23 09:59:34.550,"{""ts"":1790085036.199737,""peer"":""zeek"",""metric_type"":""counter"",""name"":""zeek_log_stream_writes_total"",""labels"":[""module"",""stream""],""label_values"":[""QUIC"",""QUIC::LOG""],""value"":126.0}",1790171974550153406,"{""ability"":""I"",""detected_level"":""S"",""filename"":""I"",""job"":""I"",""nist_control"":""I"",""service_name"":""I""}",1790171974550153406_459c44a8
"{""ability"":""target_acquisition"",""detected_level"":""unknown"",""filename"":""/opt/zeek/logs/current/telemetry.log"",""job"":""search_man"",""nist_control"":""detect"",""service_name"":""search_man""}",2026-09-23 09:59:34.550,"{""ts"":1790085036.199737,""peer"":""zeek"",""metric_type"":""counter"",""name"":""zeek_log_stream_writes_total"",""labels"":[""module"",""stream""],""label_values"":[""Weird"",""Weird::LOG""],""value"":6.0}",1790171974550061192,"{""ability"":""I"",""detected_level"":""S"",""filename"":""I"",""job"":""I"",""nist_control"":""I"",""service_name"":""I""}",1790171974550061192_febe62d3
"{""ability"":""target_acquisition"",""detected_level"":""unknown"",""filename"":""/opt/zeek/logs/current/telemetry.log"",""job"":""search_man"",""nist_control"":""detect"",""service_name"":""search_man""}",2026-09-23 09:59:34.549,"{""ts"":1790085036.199737,""peer"":""zeek"",""metric_type"":""counter"",""name"":""zeek_log_stream_writes_total"",""labels"":[""module"",""stream""],""label_values"":[""NTP"",""NTP::LOG""],""value"":8.0}",1790171974549959501,"{""ability"":""I"",""detected_level"":""S"",""filename"":""I"",""job"":""I"",""nist_control"":""I"",""service_name"":""I""}",1790171974549959501_3bdb1119
"{""ability"":""target_acquisition"",""detected_level"":""unknown"",""filename"":""/opt/zeek/logs/current/telemetry.log"",""job"":""search_man"",""nist_control"":""detect"",""service_name"":""search_man""}",2026-09-23 09:59:34.549,"{""ts"":1790085036.199737,""peer"":""zeek"",""metric_type"":""gauge"",""name"":""process_start_time_seconds"",""labels"":[],""label_values"":[],""value"":1790074749.905205}",1790171974549938045,"{""ability"":""I"",""detected_level"":""S"",""filename"":""I"",""job"":""I"",""nist_control"":""I"",""service_name"":""I""}",1790171974549938045_4333f7de
"{""ability"":""target_acquisition"",""detected_level"":""unknown"",""filename"":""/opt/zeek/logs/current/telemetry.log"",""job"":""search_man"",""nist_control"":""detect"",""service_name"":""search_man""}",2026-09-23 09:59:34.549,"{""ts"":1790085036.199737,""peer"":""zeek"",""metric_type"":""gauge"",""name"":""process_open_fds"",""labels"":[],""label_values"":[],""value"":110.0}",1790171974549912095,"{""ability"":""I"",""detected_level"":""S"",""filename"":""I"",""job"":""I"",""nist_control"":""I"",""service_name"":""I""}",1790171974549912095_b3044557
"{""ability"":""target_acquisition"",""detected_level"":""unknown"",""filename"":""/opt/zeek/logs/current/telemetry.log"",""job"":""search_man"",""nist_control"":""detect"",""service_name"":""search_man""}",2026-09-23 09:59:34.549,"{""ts"":1790085036.199737,""peer"":""zeek"",""metric_type"":""gauge"",""name"":""process_virtual_memory_bytes"",""labels"":[],""label_values"":[],""value"":1632182272.0}",1790171974549864753,"{""ability"":""I"",""detected_level"":""S"",""filename"":""I"",""job"":""I"",""nist_control"":""I"",""service_name"":""I""}",1790171974549864753_3c1ec98c
"{""ability"":""target_acquisition"",""detected_level"":""unknown"",""filename"":""/opt/zeek/logs/current/telemetry.log"",""job"":""search_man"",""nist_control"":""detect"",""service_name"":""search_man""}",2026-09-23 09:59:34.549,"{""ts"":1790085036.199737,""peer"":""zeek"",""metric_type"":""gauge"",""name"":""process_resident_memory_bytes"",""labels"":[],""label_values"":[],""value"":170049536.0}",1790171974549440904,"{""ability"":""I"",""detected_level"":""S"",""filename"":""I"",""job"":""I"",""nist_control"":""I"",""service_name"":""I""}",1790171974549440904_c5ca8222
"{""ability"":""target_acquisition"",""detected_level"":""unknown"",""filename"":""/opt/zeek/logs/current/telemetry.log"",""job"":""search_man"",""nist_control"":""detect"",""service_name"":""search_man""}",2026-09-23 09:59:34.549,"{""ts"":1790085036.199737,""peer"":""zeek"",""metric_type"":""counter"",""name"":""process_cpu_system_seconds_total"",""labels"":[],""label_values"":[],""value"":33.63}",1790171974549424427,"{""ability"":""I"",""detected_level"":""S"",""filename"":""I"",""job"":""I"",""nist_control"":""I"",""service_name"":""I""}",1790171974549424427_66c7855c
"{""ability"":""target_acquisition"",""detected_level"":""unknown"",""filename"":""/opt/zeek/logs/current/telemetry.log"",""job"":""search_man"",""nist_control"":""detect"",""service_name"":""search_man""}",2026-09-23 09:59:34.549,"{""ts"":1790085036.199737,""peer"":""zeek"",""metric_type"":""counter"",""name"":""process_cpu_user_seconds_total"",""labels"":[],""label_values"":[],""value"":67.05}",1790171974549410154,"{""ability"":""I"",""detected_level"":""S"",""filename"":""I"",""job"":""I"",""nist_control"":""I"",""service_name"":""I""}",1790171974549410154_6fe3cdab
"{""ability"":""target_acquisition"",""detected_level"":""unknown"",""filename"":""/opt/zeek/logs/current/telemetry.log"",""job"":""search_man"",""nist_control"":""detect"",""service_name"":""search_man""}",2026-09-23 09:59:34.549,"{""ts"":1790084976.069322,""peer"":""zeek"",""metric_type"":""gauge"",""name"":""zeek_active_sessions"",""labels"":[""protocol""],""label_values"":[""tcp""],""value"":9.0}",1790171974549395695,"{""ability"":""I"",""detected_level"":""S"",""filename"":""I"",""job"":""I"",""nist_control"":""I"",""service_name"":""I""}",1790171974549395695_5be38795
"{""ability"":""target_acquisition"",""detected_level"":""unknown"",""filename"":""/opt/zeek/logs/current/telemetry.log"",""job"":""search_man"",""nist_control"":""detect"",""service_name"":""search_man""}",2026-09-23 09:59:34.549,"{""ts"":1790084976.069322,""peer"":""zeek"",""metric_type"":""gauge"",""name"":""zeek_active_sessions"",""labels"":[""protocol""],""label_values"":[""udp""],""value"":15.0}",1790171974549375562,"{""ability"":""I"",""detected_level"":""S"",""filename"":""I"",""job"":""I"",""nist_control"":""I"",""service_name"":""I""}",1790171974549375562_3d2a77ea
"{""ability"":""target_acquisition"",""detected_level"":""unknown"",""filename"":""/opt/zeek/logs/current/telemetry.log"",""job"":""search_man"",""nist_control"":""detect"",""service_name"":""search_man""}",2026-09-23 09:59:34.549,"{""ts"":1790084976.069322,""peer"":""zeek"",""metric_type"":""gauge"",""name"":""zeek_active_sessions"",""labels"":[""protocol""],""label_values"":[""icmp""],""value"":8.0}",1790171974549178094,"{""ability"":""I"",""detected_level"":""S"",""filename"":""I"",""job"":""I"",""nist_control"":""I"",""service_name"":""I""}",1790171974549178094_7f72518
"{""ability"":""target_acquisition"",""detected_level"":""unknown"",""filename"":""/opt/zeek/logs/current/telemetry.log"",""job"":""search_man"",""nist_control"":""detect"",""service_name"":""search_man""}",2026-09-23 09:59:34.549,"{""ts"":1790084976.069322,""peer"":""zeek"",""metric_type"":""gauge"",""name"":""zeek_pending_triggers"",""labels"":[],""label_values"":[],""value"":0.0}",1790171974549173062,"{""ability"":""I"",""detected_level"":""S"",""filename"":""I"",""job"":""I"",""nist_control"":""I"",""service_name"":""I""}",1790171974549173062_82a216b0
"{""ability"":""target_acquisition"",""detected_level"":""unknown"",""filename"":""/opt/zeek/logs/current/telemetry.log"",""job"":""search_man"",""nist_control"":""detect"",""service_name"":""search_man""}",2026-09-23 09:59:34.549,"{""ts"":1790084976.069322,""peer"":""zeek"",""metric_type"":""gauge"",""name"":""zeek_dnsmgr_cache_entries"",""labels"":[""type""],""label_values"":[""host""],""value"":0.0}",1790171974549084368,"{""ability"":""I"",""detected_level"":""S"",""filename"":""I"",""job"":""I"",""nist_control"":""I"",""service_name"":""I""}",1790171974549084368_62769722
"{""ability"":""target_acquisition"",""detected_level"":""unknown"",""filename"":""/opt/zeek/logs/current/telemetry.log"",""job"":""search_man"",""nist_control"":""detect"",""service_name"":""search_man""}",2026-09-23 09:59:34.549,"{""ts"":1790084976.069322,""peer"":""zeek"",""metric_type"":""gauge"",""name"":""zeek_dnsmgr_cache_entries"",""labels"":[""type""],""label_values"":[""address""],""value"":0.0}",1790171974549068940,"{""ability"":""I"",""detected_level"":""S"",""filename"":""I"",""job"":""I"",""nist_control"":""I"",""service_name"":""I""}",1790171974549068940_87c396c
"{""ability"":""target_acquisition"",""detected_level"":""unknown"",""filename"":""/opt/zeek/logs/current/telemetry.log"",""job"":""search_man"",""nist_control"":""detect"",""service_name"":""search_man""}",2026-09-23 09:59:34.549,"{""ts"":1790084976.069322,""peer"":""zeek"",""metric_type"":""gauge"",""name"":""zeek_dnsmgr_cache_entries"",""labels"":[""type""],""label_values"":[""text""],""value"":0.0}",1790171974549056586,"{""ability"":""I"",""detected_level"":""S"",""filename"":""I"",""job"":""I"",""nist_control"":""I"",""service_name"":""I""}",1790171974549056586_738c9429
"{""ability"":""target_acquisition"",""detected_level"":""unknown"",""filename"":""/opt/zeek/logs/current/telemetry.log"",""job"":""search_man"",""nist_control"":""detect"",""service_name"":""search_man""}",2026-09-23 09:59:34.549,"{""ts"":1790084976.069322,""peer"":""zeek"",""metric_type"":""gauge"",""name"":""zeek_dnsmgr_pending_asyncs_requests"",""labels"":[],""label_values"":[],""value"":0.0}",1790171974549047225,"{""ability"":""I"",""detected_level"":""S"",""filename"":""I"",""job"":""I"",""nist_control"":""I"",""service_name"":""I""}",1790171974549047225_ef4d4545
"{""ability"":""target_acquisition"",""detected_level"":""unknown"",""filename"":""/opt/zeek/logs/current/telemetry.log"",""job"":""search_man"",""nist_control"":""detect"",""service_name"":""search_man""}",2026-09-23 09:59:34.549,"{""ts"":1790084976.069322,""peer"":""zeek"",""metric_type"":""gauge"",""name"":""zeek_timers_pending"",""labels"":[""type""],""label_values"":[""TCPConnectionPartialClose""],""value"":0.0}",1790171974549042047,"{""ability"":""I"",""detected_level"":""S"",""filename"":""I"",""job"":""I"",""nist_control"":""I"",""service_name"":""I""}",1790171974549042047_6611b54d
"{""ability"":""target_acquisition"",""detected_level"":""unknown"",""filename"":""/opt/zeek/logs/current/telemetry.log"",""job"":""search_man"",""nist_control"":""detect"",""service_name"":""search_man""}",2026-09-23 09:59:34.548,"{""ts"":1790084976.069322,""peer"":""zeek"",""metric_type"":""gauge"",""name"":""zeek_timers_pending"",""labels"":[""type""],""label_values"":[""TCPConnectionAttemptTimer""],""value"":0.0}",1790171974548963461,"{""ability"":""I"",""detected_level"":""S"",""filename"":""I"",""job"":""I"",""nist_control"":""I"",""service_name"":""I""}",1790171974548963461_44e7e4c6
"{""ability"":""target_acquisition"",""detected_level"":""unknown"",""filename"":""/opt/zeek/logs/current/telemetry.log"",""job"":""search_man"",""nist_control"":""detect"",""service_name"":""search_man""}",2026-09-23 09:59:34.548,"{""ts"":1790084976.069322,""peer"":""zeek"",""metric_type"":""gauge"",""name"":""zeek_timers_pending"",""labels"":[""type""],""label_values"":[""TableValTimer""],""value"":36.0}",1790171974548948439,"{""ability"":""I"",""detected_level"":""S"",""filename"":""I"",""job"":""I"",""nist_control"":""I"",""service_name"":""I""}",1790171974548948439_f965ee1c
"{""ability"":""target_acquisition"",""detected_level"":""unknown"",""filename"":""/opt/zeek/logs/current/telemetry.log"",""job"":""search_man"",""nist_control"":""detect"",""service_name"":""search_man""}",2026-09-23 09:59:34.548,"{""ts"":1790084976.069322,""peer"":""zeek"",""metric_type"":""gauge"",""name"":""zeek_timers_pending"",""labels"":[""type""],""label_values"":[""TriggerTimer""],""value"":0.0}",1790171974548936303,"{""ability"":""I"",""detected_level"":""S"",""filename"":""I"",""job"":""I"",""nist_control"":""I"",""service_name"":""I""}",1790171974548936303_a5c48228
"{""ability"":""target_acquisition"",""detected_level"":""unknown"",""filename"":""/opt/zeek/logs/current/telemetry.log"",""job"":""search_man"",""nist_control"":""detect"",""service_name"":""search_man""}",2026-09-23 09:59:34.548,"{""ts"":1790084976.069322,""peer"":""zeek"",""metric_type"":""gauge"",""name"":""zeek_timers_pending"",""labels"":[""type""],""label_values"":[""ConnectionDeleteTimer""],""value"":0.0}",1790171974548927386,"{""ability"":""I"",""detected_level"":""S"",""filename"":""I"",""job"":""I"",""nist_control"":""I"",""service_name"":""I""}",1790171974548927386_b81b481d
"{""ability"":""target_acquisition"",""detected_level"":""unknown"",""filename"":""/opt/zeek/logs/current/telemetry.log"",""job"":""search_man"",""nist_control"":""detect"",""service_name"":""search_man""}",2026-09-23 09:59:34.548,"{""ts"":1790084976.069322,""peer"":""zeek"",""metric_type"":""gauge"",""name"":""zeek_timers_pending"",""labels"":[""type""],""label_values"":[""RPCExpireTimer""],""value"":0.0}",1790171974548923031,"{""ability"":""I"",""detected_level"":""S"",""filename"":""I"",""job"":""I"",""nist_control"":""I"",""service_name"":""I""}",1790171974548923031_e3e29b3c
"{""ability"":""target_acquisition"",""detected_level"":""unknown"",""filename"":""/opt/zeek/logs/current/telemetry.log"",""job"":""search_man"",""nist_control"":""detect"",""service_name"":""search_man""}",2026-09-23 09:59:34.548,"{""ts"":1790084976.069322,""peer"":""zeek"",""metric_type"":""gauge"",""name"":""zeek_timers_pending"",""labels"":[""type""],""label_values"":[""NTPExpireTimer""],""value"":0.0}",1790171974548854743,"{""ability"":""I"",""detected_level"":""S"",""filename"":""I"",""job"":""I"",""nist_control"":""I"",""service_name"":""I""}",1790171974548854743_a6937f81
"{""ability"":""target_acquisition"",""detected_level"":""unknown"",""filename"":""/opt/zeek/logs/current/telemetry.log"",""job"":""search_man"",""nist_control"":""detect"",""service_name"":""search_man""}",2026-09-23 09:59:34.548,"{""ts"":1790084976.069322,""peer"":""zeek"",""metric_type"":""gauge"",""name"":""zeek_timers_pending"",""labels"":[""type""],""label_values"":[""ScheduleTimer""],""value"":6.0}",1790171974548839751,"{""ability"":""I"",""detected_level"":""S"",""filename"":""I"",""job"":""I"",""nist_control"":""I"",""service_name"":""I""}",1790171974548839751_3946143d
"{""ability"":""target_acquisition"",""detected_level"":""unknown"",""filename"":""/opt/zeek/logs/current/telemetry.log"",""job"":""search_man"",""nist_control"":""detect"",""service_name"":""search_man""}",2026-09-23 09:59:34.548,"{""ts"":1790084976.069322,""peer"":""zeek"",""metric_type"":""gauge"",""name"":""zeek_timers_pending"",""labels"":[""type""],""label_values"":[""TCPConnectionDeleteTimer""],""value"":0.0}",1790171974548828463,"{""ability"":""I"",""detected_level"":""S"",""filename"":""I"",""job"":""I"",""nist_control"":""I"",""service_name"":""I""}",1790171974548828463_5c85d278
"{""ability"":""target_acquisition"",""detected_level"":""unknown"",""filename"":""/opt/zeek/logs/current/telemetry.log"",""job"":""search_man"",""nist_control"":""detect"",""service_name"":""search_man""}",2026-09-23 09:59:34.548,"{""ts"":1790084976.069322,""peer"":""zeek"",""metric_type"":""gauge"",""name"":""zeek_timers_pending"",""labels"":[""type""],""label_values"":[""ConnTupleWeirdTimer""],""value"":0.0}",1790171974548819632,"{""ability"":""I"",""detected_level"":""S"",""filename"":""I"",""job"":""I"",""nist_control"":""I"",""service_name"":""I""}",1790171974548819632_581de133
"{""ability"":""target_acquisition"",""detected_level"":""unknown"",""filename"":""/opt/zeek/logs/current/telemetry.log"",""job"":""search_man"",""nist_control"":""detect"",""service_name"":""search_man""}",2026-09-23 09:59:34.548,"{""ts"":1790084976.069322,""peer"":""zeek"",""metric_type"":""gauge"",""name"":""zeek_timers_pending"",""labels"":[""type""],""label_values"":[""TCPConnectionResetTimer""],""value"":0.0}",1790171974548815153,"{""ability"":""I"",""detected_level"":""S"",""filename"":""I"",""job"":""I"",""nist_control"":""I"",""service_name"":""I""}",1790171974548815153_f496de20
"{""ability"":""target_acquisition"",""detected_level"":""unknown"",""filename"":""/opt/zeek/logs/current/telemetry.log"",""job"":""search_man"",""nist_control"":""detect"",""service_name"":""search_man""}",2026-09-23 09:59:34.548,"{""ts"":1790084976.069322,""peer"":""zeek"",""metric_type"":""gauge"",""name"":""zeek_timers_pending"",""labels"":[""type""],""label_values"":[""RemoveConnection""],""value"":0.0}",1790171974548744917,"{""ability"":""I"",""detected_level"":""S"",""filename"":""I"",""job"":""I"",""nist_control"":""I"",""service_name"":""I""}",1790171974548744917_e113de47
"{""ability"":""target_acquisition"",""detected_level"":""unknown"",""filename"":""/opt/zeek/logs/current/telemetry.log"",""job"":""search_man"",""nist_control"":""detect"",""service_name"":""search_man""}",2026-09-23 09:59:34.548,"{""ts"":1790084976.069322,""peer"":""zeek"",""metric_type"":""gauge"",""name"":""zeek_timers_pending"",""labels"":[""type""],""label_values"":[""NetworkTimer""],""value"":0.0}",1790171974548730040,"{""ability"":""I"",""detected_level"":""S"",""filename"":""I"",""job"":""I"",""nist_control"":""I"",""service_name"":""I""}",1790171974548730040_f69fb6ca
"{""ability"":""target_acquisition"",""detected_level"":""unknown"",""filename"":""/opt/zeek/logs/current/telemetry.log"",""job"":""search_man"",""nist_control"":""detect"",""service_name"":""search_man""}",2026-09-23 09:59:34.548,"{""ts"":1790084976.069322,""peer"":""zeek"",""metric_type"":""gauge"",""name"":""zeek_timers_pending"",""labels"":[""type""],""label_values"":[""NetbiosExpireTimer""],""value"":0.0}",1790171974548718516,"{""ability"":""I"",""detected_level"":""S"",""filename"":""I"",""job"":""I"",""nist_control"":""I"",""service_name"":""I""}",1790171974548718516_a6fa4b0f
"{""ability"":""target_acquisition"",""detected_level"":""unknown"",""filename"":""/opt/zeek/logs/current/telemetry.log"",""job"":""search_man"",""nist_control"":""detect"",""service_name"":""search_man""}",2026-09-23 09:59:34.548,"{""ts"":1790084976.069322,""peer"":""zeek"",""metric_type"":""gauge"",""name"":""zeek_timers_pending"",""labels"":[""type""],""label_values"":[""BackdoorTimer""],""value"":0.0}",1790171974548707266,"{""ability"":""I"",""detected_level"":""S"",""filename"":""I"",""job"":""I"",""nist_control"":""I"",""service_name"":""I""}",1790171974548707266_fea68991
"{""ability"":""target_acquisition"",""detected_level"":""unknown"",""filename"":""/opt/zeek/logs/current/telemetry.log"",""job"":""search_man"",""nist_control"":""detect"",""service_name"":""search_man""}",2026-09-23 09:59:34.548,"{""ts"":1790084976.069322,""peer"":""zeek"",""metric_type"":""gauge"",""name"":""zeek_timers_pending"",""labels"":[""type""],""label_values"":[""BreakpointTimer""],""value"":0.0}",1790171974548694396,"{""ability"":""I"",""detected_level"":""S"",""filename"":""I"",""job"":""I"",""nist_control"":""I"",""service_name"":""I""}",1790171974548694396_e1d7ed1d
"{""ability"":""target_acquisition"",""detected_level"":""unknown"",""filename"":""/opt/zeek/logs/current/telemetry.log"",""job"":""search_man"",""nist_control"":""detect"",""service_name"":""search_man""}",2026-09-23 09:59:34.548,"{""ts"":1790084976.069322,""peer"":""zeek"",""metric_type"":""gauge"",""name"":""zeek_timers_pending"",""labels"":[""type""],""label_values"":[""ConnectionExpireTimer""],""value"":0.0}",1790171974548627286,"{""ability"":""I"",""detected_level"":""S"",""filename"":""I"",""job"":""I"",""nist_control"":""I"",""service_name"":""I""}",1790171974548627286_ce42f19
"{""ability"":""target_acquisition"",""detected_level"":""unknown"",""filename"":""/opt/zeek/logs/current/telemetry.log"",""job"":""search_man"",""nist_control"":""detect"",""service_name"":""search_man""}",2026-09-23 09:59:34.548,"{""ts"":1790084976.069322,""peer"":""zeek"",""metric_type"":""gauge"",""name"":""zeek_timers_pending"",""labels"":[""type""],""label_values"":[""ProfileTimer""],""value"":0.0}",1790171974548612235,"{""ability"":""I"",""detected_level"":""S"",""filename"":""I"",""job"":""I"",""nist_control"":""I"",""service_name"":""I""}",1790171974548612235_25b20939
"{""ability"":""target_acquisition"",""detected_level"":""unknown"",""filename"":""/opt/zeek/logs/current/telemetry.log"",""job"":""search_man"",""nist_control"":""detect"",""service_name"":""search_man""}",2026-09-23 09:59:34.548,"{""ts"":1790084976.069322,""peer"":""zeek"",""metric_type"":""gauge"",""name"":""zeek_timers_pending"",""labels"":[""type""],""label_values"":[""UnknownProtocolExpire""],""value"":0.0}",1790171974548600876,"{""ability"":""I"",""detected_level"":""S"",""filename"":""I"",""job"":""I"",""nist_control"":""I"",""service_name"":""I""}",1790171974548600876_c3adeb8a
"{""ability"":""target_acquisition"",""detected_level"":""unknown"",""filename"":""/opt/zeek/logs/current/telemetry.log"",""job"":""search_man"",""nist_control"":""detect"",""service_name"":""search_man""}",2026-09-23 09:59:34.548,"{""ts"":1790084976.069322,""peer"":""zeek"",""metric_type"":""gauge"",""name"":""zeek_timers_pending"",""labels"":[""type""],""label_values"":[""DNSExpireTimer""],""value"":5.0}",1790171974548591995,"{""ability"":""I"",""detected_level"":""S"",""filename"":""I"",""job"":""I"",""nist_control"":""I"",""service_name"":""I""}",1790171974548591995_14644029
"{""ability"":""target_acquisition"",""detected_level"":""unknown"",""filename"":""/opt/zeek/logs/current/telemetry.log"",""job"":""search_man"",""nist_control"":""detect"",""service_name"":""search_man""}",2026-09-23 09:59:34.548,"{""ts"":1790084976.069322,""peer"":""zeek"",""metric_type"":""gauge"",""name"":""zeek_timers_pending"",""labels"":[""type""],""label_values"":[""IPTunnelInactivityTimer""],""value"":0.0}",1790171974548587608,"{""ability"":""I"",""detected_level"":""S"",""filename"":""I"",""job"":""I"",""nist_control"":""I"",""service_name"":""I""}",1790171974548587608_dac879c3
"{""ability"":""target_acquisition"",""detected_level"":""unknown"",""filename"":""/opt/zeek/logs/current/telemetry.log"",""job"":""search_man"",""nist_control"":""detect"",""service_name"":""search_man""}",2026-09-23 09:59:34.548,"{""ts"":1790084976.069322,""peer"":""zeek"",""metric_type"":""gauge"",""name"":""zeek_timers_pending"",""labels"":[""type""],""label_values"":[""InterconnTimer""],""value"":0.0}",1790171974548521037,"{""ability"":""I"",""detected_level"":""S"",""filename"":""I"",""job"":""I"",""nist_control"":""I"",""service_name"":""I""}",1790171974548521037_6399eb08
"{""ability"":""target_acquisition"",""detected_level"":""unknown"",""filename"":""/opt/zeek/logs/current/telemetry.log"",""job"":""search_man"",""nist_control"":""detect"",""service_name"":""search_man""}",2026-09-23 09:59:34.548,"{""ts"":1790084976.069322,""peer"":""zeek"",""metric_type"":""gauge"",""name"":""zeek_timers_pending"",""labels"":[""type""],""label_values"":[""NetWeirdTimer""],""value"":0.0}",1790171974548505647,"{""ability"":""I"",""detected_level"":""S"",""filename"":""I"",""job"":""I"",""nist_control"":""I"",""service_name"":""I""}",1790171974548505647_d534d1c6
"{""ability"":""target_acquisition"",""detected_level"":""unknown"",""filename"":""/opt/zeek/logs/current/telemetry.log"",""job"":""search_man"",""nist_control"":""detect"",""service_name"":""search_man""}",2026-09-23 09:59:34.548,"{""ts"":1790084976.069322,""peer"":""zeek"",""metric_type"":""gauge"",""name"":""zeek_timers_pending"",""labels"":[""type""],""label_values"":[""LogFlushWriteBufferTimer""],""value"":1.0}",1790171974548494047,"{""ability"":""I"",""detected_level"":""S"",""filename"":""I"",""job"":""I"",""nist_control"":""I"",""service_name"":""I""}",1790171974548494047_ee619f70
"{""ability"":""target_acquisition"",""detected_level"":""unknown"",""filename"":""/opt/zeek/logs/current/telemetry.log"",""job"":""search_man"",""nist_control"":""detect"",""service_name"":""search_man""}",2026-09-23 09:59:34.548,"{""ts"":1790084976.069322,""peer"":""zeek"",""metric_type"":""gauge"",""name"":""zeek_timers_pending"",""labels"":[""type""],""label_values"":[""ConnectionStatusUpdateTimer""],""value"":0.0}",1790171974548484762,"{""ability"":""I"",""detected_level"":""S"",""filename"":""I"",""job"":""I"",""nist_control"":""I"",""service_name"":""I""}",1790171974548484762_4a355a9
"{""ability"":""target_acquisition"",""detected_level"":""unknown"",""filename"":""/opt/zeek/logs/current/telemetry.log"",""job"":""search_man"",""nist_control"":""detect"",""service_name"":""search_man""}",2026-09-23 09:59:34.548,"{""ts"":1790084976.069322,""peer"":""zeek"",""metric_type"":""gauge"",""name"":""zeek_timers_pending"",""labels"":[""type""],""label_values"":[""TCPConnectionExpireTimer""],""value"":9.0}",1790171974548480307,"{""ability"":""I"",""detected_level"":""S"",""filename"":""I"",""job"":""I"",""nist_control"":""I"",""service_name"":""I""}",1790171974548480307_8519d181
"{""ability"":""target_acquisition"",""detected_level"":""unknown"",""filename"":""/opt/zeek/logs/current/telemetry.log"",""job"":""search_man"",""nist_control"":""detect"",""service_name"":""search_man""}",2026-09-23 09:59:34.548,"{""ts"":1790084976.069322,""peer"":""zeek"",""metric_type"":""gauge"",""name"":""zeek_timers_pending"",""labels"":[""type""],""label_values"":[""ConnectionInactivityTimer""],""value"":32.0}",1790171974548412225,"{""ability"":""I"",""detected_level"":""S"",""filename"":""I"",""job"":""I"",""nist_control"":""I"",""service_name"":""I""}",1790171974548412225_c5699ed3
"{""ability"":""target_acquisition"",""detected_level"":""unknown"",""filename"":""/opt/zeek/logs/current/telemetry.log"",""job"":""search_man"",""nist_control"":""detect"",""service_name"":""search_man""}",2026-09-23 09:59:34.548,"{""ts"":1790084976.069322,""peer"":""zeek"",""metric_type"":""gauge"",""name"":""zeek_timers_pending"",""labels"":[""type""],""label_values"":[""StorageExpire""],""value"":1.0}",1790171974548397810,"{""ability"":""I"",""detected_level"":""S"",""filename"":""I"",""job"":""I"",""nist_control"":""I"",""service_name"":""I""}",1790171974548397810_2682dc4e
"{""ability"":""target_acquisition"",""detected_level"":""unknown"",""filename"":""/opt/zeek/logs/current/telemetry.log"",""job"":""search_man"",""nist_control"":""detect"",""service_name"":""search_man""}",2026-09-23 09:59:34.548,"{""ts"":1790084976.069322,""peer"":""zeek"",""metric_type"":""gauge"",""name"":""zeek_timers_pending"",""labels"":[""type""],""label_values"":[""FileAnalysisInactivityTimer""],""value"":0.0}",1790171974548385948,"{""ability"":""I"",""detected_level"":""S"",""filename"":""I"",""job"":""I"",""nist_control"":""I"",""service_name"":""I""}",1790171974548385948_3d850d00
"{""ability"":""target_acquisition"",""detected_level"":""unknown"",""filename"":""/opt/zeek/logs/current/telemetry.log"",""job"":""search_man"",""nist_control"":""detect"",""service_name"":""search_man""}",2026-09-23 09:59:34.548,"{""ts"":1790084976.069322,""peer"":""zeek"",""metric_type"":""gauge"",""name"":""zeek_timers_pending"",""labels"":[""type""],""label_values"":[""FlowWeirdTimer""],""value"":0.0}",1790171974548376869,"{""ability"":""I"",""detected_level"":""S"",""filename"":""I"",""job"":""I"",""nist_control"":""I"",""service_name"":""I""}",1790171974548376869_9b316cb9
"{""ability"":""target_acquisition"",""detected_level"":""unknown"",""filename"":""/opt/zeek/logs/current/telemetry.log"",""job"":""search_man"",""nist_control"":""detect"",""service_name"":""search_man""}",2026-09-23 09:59:34.548,"{""ts"":1790084976.069322,""peer"":""zeek"",""metric_type"":""gauge"",""name"":""zeek_timers_pending"",""labels"":[""type""],""label_values"":[""RotateTimer""],""value"":16.0}",1790171974548372069,"{""ability"":""I"",""detected_level"":""S"",""filename"":""I"",""job"":""I"",""nist_control"":""I"",""service_name"":""I""}",1790171974548372069_8e7a6ac6
"{""ability"":""target_acquisition"",""detected_level"":""unknown"",""filename"":""/opt/zeek/logs/current/telemetry.log"",""job"":""search_man"",""nist_control"":""detect"",""service_name"":""search_man""}",2026-09-23 09:59:34.548,"{""ts"":1790084976.069322,""peer"":""zeek"",""metric_type"":""gauge"",""name"":""zeek_timers_pending"",""labels"":[""type""],""label_values"":[""FragTimer""],""value"":0.0}",1790171974548304839,"{""ability"":""I"",""detected_level"":""S"",""filename"":""I"",""job"":""I"",""nist_control"":""I"",""service_name"":""I""}",1790171974548304839_65b1d45e
"{""ability"":""target_acquisition"",""detected_level"":""unknown"",""filename"":""/opt/zeek/logs/current/telemetry.log"",""job"":""search_man"",""nist_control"":""detect"",""service_name"":""search_man""}",2026-09-23 09:59:34.548,"{""ts"":1790084976.069322,""peer"":""zeek"",""metric_type"":""gauge"",""name"":""zeek_timers_pending"",""labels"":[""type""],""label_values"":[""ParentProcessIDCheck""],""value"":0.0}",1790171974548290180,"{""ability"":""I"",""detected_level"":""S"",""filename"":""I"",""job"":""I"",""nist_control"":""I"",""service_name"":""I""}",1790171974548290180_341bdaa7
"{""ability"":""target_acquisition"",""detected_level"":""unknown"",""filename"":""/opt/zeek/logs/current/telemetry.log"",""job"":""search_man"",""nist_control"":""detect"",""service_name"":""search_man""}",2026-09-23 09:59:34.548,"{""ts"":1790084976.069322,""peer"":""zeek"",""metric_type"":""gauge"",""name"":""zeek_timers_pending"",""labels"":[""type""],""label_values"":[""TablePublishBatchedChanges""],""value"":0.0}",1790171974548277677,"{""ability"":""I"",""detected_level"":""S"",""filename"":""I"",""job"":""I"",""nist_control"":""I"",""service_name"":""I""}",1790171974548277677_e976a404
"{""ability"":""target_acquisition"",""detected_level"":""unknown"",""filename"":""/opt/zeek/logs/current/telemetry.log"",""job"":""search_man"",""nist_control"":""detect"",""service_name"":""search_man""}",2026-09-23 09:59:34.548,"{""ts"":1790084976.069322,""peer"":""zeek"",""metric_type"":""gauge"",""name"":""zeek_timers_pending"",""labels"":[""type""],""label_values"":[""TimerMgrExpireTimer""],""value"":0.0}",1790171974548268802,"{""ability"":""I"",""detected_level"":""S"",""filename"":""I"",""job"":""I"",""nist_control"":""I"",""service_name"":""I""}",1790171974548268802_4b0b3e7c
"{""ability"":""target_acquisition"",""detected_level"":""unknown"",""filename"":""/opt/zeek/logs/current/telemetry.log"",""job"":""search_man"",""nist_control"":""detect"",""service_name"":""search_man""}",2026-09-23 09:59:34.548,"{""ts"":1790084976.069322,""peer"":""zeek"",""metric_type"":""gauge"",""name"":""zeek_timers_pending"",""labels"":[""type""],""label_values"":[""ThreadHeartbeat""],""value"":1.0}",1790171974548264250,"{""ability"":""I"",""detected_level"":""S"",""filename"":""I"",""job"":""I"",""nist_control"":""I"",""service_name"":""I""}",1790171974548264250_59923ce4
"{""ability"":""target_acquisition"",""detected_level"":""unknown"",""filename"":""/opt/zeek/logs/current/telemetry.log"",""job"":""search_man"",""nist_control"":""detect"",""service_name"":""search_man""}",2026-09-23 09:59:34.548,"{""ts"":1790084976.069322,""peer"":""zeek"",""metric_type"":""gauge"",""name"":""zeek_timers_pending"",""labels"":[""type""],""label_values"":[""LogDelayExpire""],""value"":0.0}",1790171974548193690,"{""ability"":""I"",""detected_level"":""S"",""filename"":""I"",""job"":""I"",""nist_control"":""I"",""service_name"":""I""}",1790171974548193690_333f9f39
"{""ability"":""target_acquisition"",""detected_level"":""unknown"",""filename"":""/opt/zeek/logs/current/telemetry.log"",""job"":""search_man"",""nist_control"":""detect"",""service_name"":""search_man""}",2026-09-23 09:59:34.548,"{""ts"":1790084976.069322,""peer"":""zeek"",""metric_type"":""gauge"",""name"":""zeek_timers_lag_time_seconds"",""labels"":[],""label_values"":[],""value"":0.00017213821411132813}",1790171974548178052,"{""ability"":""I"",""detected_level"":""S"",""filename"":""I"",""job"":""I"",""nist_control"":""I"",""service_name"":""I""}",1790171974548178052_ad2bba2f
"{""ability"":""target_acquisition"",""detected_level"":""unknown"",""filename"":""/opt/zeek/logs/current/telemetry.log"",""job"":""search_man"",""nist_control"":""detect"",""service_name"":""search_man""}",2026-09-23 09:59:34.548,"{""ts"":1790084976.069322,""peer"":""zeek"",""metric_type"":""gauge"",""name"":""zeek_broker_pending_queries"",""labels"":[],""label_values"":[],""value"":0.0}",1790171974548165969,"{""ability"":""I"",""detected_level"":""S"",""filename"":""I"",""job"":""I"",""nist_control"":""I"",""service_name"":""I""}",1790171974548165969_e3e4b2cf
"{""ability"":""target_acquisition"",""detected_level"":""unknown"",""filename"":""/opt/zeek/logs/current/telemetry.log"",""job"":""search_man"",""nist_control"":""detect"",""service_name"":""search_man""}",2026-09-23 09:59:34.548,"{""ts"":1790084976.069322,""peer"":""zeek"",""metric_type"":""gauge"",""name"":""zeek_broker_stores"",""labels"":[],""label_values"":[],""value"":1.0}",1790171974548156348,"{""ability"":""I"",""detected_level"":""S"",""filename"":""I"",""job"":""I"",""nist_control"":""I"",""service_name"":""I""}",1790171974548156348_d3ffe844
"{""ability"":""target_acquisition"",""detected_level"":""unknown"",""filename"":""/opt/zeek/logs/current/telemetry.log"",""job"":""search_man"",""nist_control"":""detect"",""service_name"":""search_man""}",2026-09-23 09:59:34.548,"{""ts"":1790084976.069322,""peer"":""zeek"",""metric_type"":""gauge"",""name"":""zeek_broker_peers"",""labels"":[],""label_values"":[],""value"":0.0}",1790171974548151333,"{""ability"":""I"",""detected_level"":""S"",""filename"":""I"",""job"":""I"",""nist_control"":""I"",""service_name"":""I""}",1790171974548151333_1c872522
"{""ability"":""target_acquisition"",""detected_level"":""unknown"",""filename"":""/opt/zeek/logs/current/telemetry.log"",""job"":""search_man"",""nist_control"":""detect"",""service_name"":""search_man""}",2026-09-23 09:59:34.548,"{""ts"":1790084976.069322,""peer"":""zeek"",""metric_type"":""gauge"",""name"":""zeek_msgthread_pending_messages_out_buckets"",""labels"":[""leq""],""label_values"":[""1""],""value"":17.0}",1790171974548070148,"{""ability"":""I"",""detected_level"":""S"",""filename"":""I"",""job"":""I"",""nist_control"":""I"",""service_name"":""I""}",1790171974548070148_ef928f3f
"{""ability"":""target_acquisition"",""detected_level"":""unknown"",""filename"":""/opt/zeek/logs/current/telemetry.log"",""job"":""search_man"",""nist_control"":""detect"",""service_name"":""search_man""}",2026-09-23 09:59:34.548,"{""ts"":1790084976.069322,""peer"":""zeek"",""metric_type"":""gauge"",""name"":""zeek_msgthread_pending_messages_out_buckets"",""labels"":[""leq""],""label_values"":[""10""],""value"":17.0}",1790171974548055250,"{""ability"":""I"",""detected_level"":""S"",""filename"":""I"",""job"":""I"",""nist_control"":""I"",""service_name"":""I""}",1790171974548055250_cd7f992d
"{""ability"":""target_acquisition"",""detected_level"":""unknown"",""filename"":""/opt/zeek/logs/current/telemetry.log"",""job"":""search_man"",""nist_control"":""detect"",""service_name"":""search_man""}",2026-09-23 09:59:34.548,"{""ts"":1790084976.069322,""peer"":""zeek"",""metric_type"":""gauge"",""name"":""zeek_msgthread_pending_messages_out_buckets"",""labels"":[""leq""],""label_values"":[""100""],""value"":17.0}",1790171974548043435,"{""ability"":""I"",""detected_level"":""S"",""filename"":""I"",""job"":""I"",""nist_control"":""I"",""service_name"":""I""}",1790171974548043435_f74a0a47
"{""ability"":""target_acquisition"",""detected_level"":""unknown"",""filename"":""/opt/zeek/logs/current/telemetry.log"",""job"":""search_man"",""nist_control"":""detect"",""service_name"":""search_man""}",2026-09-23 09:59:34.548,"{""ts"":1790084976.069322,""peer"":""zeek"",""metric_type"":""gauge"",""name"":""zeek_msgthread_pending_messages_out_buckets"",""labels"":[""leq""],""label_values"":[""1000""],""value"":17.0}",1790171974548034138,"{""ability"":""I"",""detected_level"":""S"",""filename"":""I"",""job"":""I"",""nist_control"":""I"",""service_name"":""I""}",1790171974548034138_8804e585
"{""ability"":""target_acquisition"",""detected_level"":""unknown"",""filename"":""/opt/zeek/logs/current/telemetry.log"",""job"":""search_man"",""nist_control"":""detect"",""service_name"":""search_man""}",2026-09-23 09:59:34.548,"{""ts"":1790084976.069322,""peer"":""zeek"",""metric_type"":""gauge"",""name"":""zeek_msgthread_pending_messages_out_buckets"",""labels"":[""leq""],""label_values"":[""10000""],""value"":17.0}",1790171974548029527,"{""ability"":""I"",""detected_level"":""S"",""filename"":""I"",""job"":""I"",""nist_control"":""I"",""service_name"":""I""}",1790171974548029527_a018d94f
"{""ability"":""target_acquisition"",""detected_level"":""unknown"",""filename"":""/opt/zeek/logs/current/telemetry.log"",""job"":""search_man"",""nist_control"":""detect"",""service_name"":""search_man""}",2026-09-23 09:59:34.547,"{""ts"":1790084976.069322,""peer"":""zeek"",""metric_type"":""gauge"",""name"":""zeek_msgthread_pending_messages_out_buckets"",""labels"":[""leq""],""label_values"":[""inf""],""value"":17.0}",1790171974547949965,"{""ability"":""I"",""detected_level"":""S"",""filename"":""I"",""job"":""I"",""nist_control"":""I"",""service_name"":""I""}",1790171974547949965_69fc9ac7
"{""ability"":""target_acquisition"",""detected_level"":""unknown"",""filename"":""/opt/zeek/logs/current/telemetry.log"",""job"":""search_man"",""nist_control"":""detect"",""service_name"":""search_man""}",2026-09-23 09:59:34.547,"{""ts"":1790084976.069322,""peer"":""zeek"",""metric_type"":""gauge"",""name"":""zeek_msgthread_pending_messages_in_buckets"",""labels"":[""leq""],""label_values"":[""1""],""value"":17.0}",1790171974547934761,"{""ability"":""I"",""detected_level"":""S"",""filename"":""I"",""job"":""I"",""nist_control"":""I"",""service_name"":""I""}",1790171974547934761_ea45d7e8
"{""ability"":""target_acquisition"",""detected_level"":""unknown"",""filename"":""/opt/zeek/logs/current/telemetry.log"",""job"":""search_man"",""nist_control"":""detect"",""service_name"":""search_man""}",2026-09-23 09:59:34.547,"{""ts"":1790084976.069322,""peer"":""zeek"",""metric_type"":""gauge"",""name"":""zeek_msgthread_pending_messages_in_buckets"",""labels"":[""leq""],""label_values"":[""10""],""value"":17.0}",1790171974547919365,"{""ability"":""I"",""detected_level"":""S"",""filename"":""I"",""job"":""I"",""nist_control"":""I"",""service_name"":""I""}",1790171974547919365_25b16bac
"{""ability"":""target_acquisition"",""detected_level"":""unknown"",""filename"":""/opt/zeek/logs/current/telemetry.log"",""job"":""search_man"",""nist_control"":""detect"",""service_name"":""search_man""}",2026-09-23 09:59:34.547,"{""ts"":1790084976.069322,""peer"":""zeek"",""metric_type"":""gauge"",""name"":""zeek_msgthread_pending_messages_in_buckets"",""labels"":[""leq""],""label_values"":[""100""],""value"":17.0}",1790171974547891347,"{""ability"":""I"",""detected_level"":""S"",""filename"":""I"",""job"":""I"",""nist_control"":""I"",""service_name"":""I""}",1790171974547891347_1da897b8
"{""ability"":""target_acquisition"",""detected_level"":""unknown"",""filename"":""/opt/zeek/logs/current/telemetry.log"",""job"":""search_man"",""nist_control"":""detect"",""service_name"":""search_man""}",2026-09-23 09:59:34.547,"{""ts"":1790084976.069322,""peer"":""zeek"",""metric_type"":""gauge"",""name"":""zeek_msgthread_pending_messages_in_buckets"",""labels"":[""leq""],""label_values"":[""1000""],""value"":17.0}",1790171974547886995,"{""ability"":""I"",""detected_level"":""S"",""filename"":""I"",""job"":""I"",""nist_control"":""I"",""service_name"":""I""}",1790171974547886995_682bfcbc
"{""ability"":""target_acquisition"",""detected_level"":""unknown"",""filename"":""/opt/zeek/logs/current/telemetry.log"",""job"":""search_man"",""nist_control"":""detect"",""service_name"":""search_man""}",2026-09-23 09:59:34.547,"{""ts"":1790084976.069322,""peer"":""zeek"",""metric_type"":""gauge"",""name"":""zeek_msgthread_pending_messages_in_buckets"",""labels"":[""leq""],""label_values"":[""10000""],""value"":17.0}",1790171974547816361,"{""ability"":""I"",""detected_level"":""S"",""filename"":""I"",""job"":""I"",""nist_control"":""I"",""service_name"":""I""}",1790171974547816361_7a419948
"{""ability"":""target_acquisition"",""detected_level"":""unknown"",""filename"":""/opt/zeek/logs/current/telemetry.log"",""job"":""search_man"",""nist_control"":""detect"",""service_name"":""search_man""}",2026-09-23 09:59:34.547,"{""ts"":1790084976.069322,""peer"":""zeek"",""metric_type"":""gauge"",""name"":""zeek_msgthread_pending_messages_in_buckets"",""labels"":[""leq""],""label_values"":[""inf""],""value"":17.0}",1790171974547801027,"{""ability"":""I"",""detected_level"":""S"",""filename"":""I"",""job"":""I"",""nist_control"":""I"",""service_name"":""I""}",1790171974547801027_ffd9c9e4
"{""ability"":""target_acquisition"",""detected_level"":""unknown"",""filename"":""/opt/zeek/logs/current/telemetry.log"",""job"":""search_man"",""nist_control"":""detect"",""service_name"":""search_man""}",2026-09-23 09:59:34.547,"{""ts"":1790084976.069322,""peer"":""zeek"",""metric_type"":""gauge"",""name"":""zeek_msgthread_pending_out_messages"",""labels"":[],""label_values"":[],""value"":0.0}",1790171974547788651,"{""ability"":""I"",""detected_level"":""S"",""filename"":""I"",""job"":""I"",""nist_control"":""I"",""service_name"":""I""}",1790171974547788651_f289eb62
"{""ability"":""target_acquisition"",""detected_level"":""unknown"",""filename"":""/opt/zeek/logs/current/telemetry.log"",""job"":""search_man"",""nist_control"":""detect"",""service_name"":""search_man""}",2026-09-23 09:59:34.547,"{""ts"":1790084976.069322,""peer"":""zeek"",""metric_type"":""gauge"",""name"":""zeek_msgthread_pending_in_messages"",""labels"":[],""label_values"":[],""value"":0.0}",1790171974547775153,"{""ability"":""I"",""detected_level"":""S"",""filename"":""I"",""job"":""I"",""nist_control"":""I"",""service_name"":""I""}",1790171974547775153_95f5a8ff
"{""ability"":""target_acquisition"",""detected_level"":""unknown"",""filename"":""/opt/zeek/logs/current/telemetry.log"",""job"":""search_man"",""nist_control"":""detect"",""service_name"":""search_man""}",2026-09-23 09:59:34.547,"{""ts"":1790084976.069322,""peer"":""zeek"",""metric_type"":""gauge"",""name"":""zeek_msgthread_active_threads"",""labels"":[],""label_values"":[],""value"":17.0}",1790171974547650448,"{""ability"":""I"",""detected_level"":""S"",""filename"":""I"",""job"":""I"",""nist_control"":""I"",""service_name"":""I""}",1790171974547650448_5c91a6b5
"{""ability"":""target_acquisition"",""detected_level"":""unknown"",""filename"":""/opt/zeek/logs/current/telemetry.log"",""job"":""search_man"",""nist_control"":""detect"",""service_name"":""search_man""}",2026-09-23 09:59:34.547,"{""ts"":1790084976.069322,""peer"":""zeek"",""metric_type"":""gauge"",""name"":""zeek_net_timestamp_seconds"",""labels"":[],""label_values"":[],""value"":1790084976.069322}",1790171974547552920,"{""ability"":""I"",""detected_level"":""S"",""filename"":""I"",""job"":""I"",""nist_control"":""I"",""service_name"":""I""}",1790171974547552920_50b44cee
"{""ability"":""target_acquisition"",""detected_level"":""unknown"",""filename"":""/opt/zeek/logs/current/telemetry.log"",""job"":""search_man"",""nist_control"":""detect"",""service_name"":""search_man""}",2026-09-23 09:59:34.547,"{""ts"":1790084976.069322,""peer"":""zeek"",""metric_type"":""gauge"",""name"":""zeek_net_packet_lag_seconds"",""labels"":[],""label_values"":[],""value"":0.009892940521240234}",1790171974547537834,"{""ability"":""I"",""detected_level"":""S"",""filename"":""I"",""job"":""I"",""nist_control"":""I"",""service_name"":""I""}",1790171974547537834_5b7c590a
"{""ability"":""target_acquisition"",""detected_level"":""debug"",""filename"":""/opt/zeek/logs/current/telemetry.log"",""job"":""search_man"",""nist_control"":""detect"",""service_name"":""search_man""}",2026-09-23 09:59:34.547,"{""ts"":1790084976.069322,""peer"":""zeek"",""metric_type"":""gauge"",""name"":""zeek_version_info"",""labels"":[""beta"",""commit"",""debug"",""major"",""minor"",""patch"",""version_number"",""version_string""],""label_values"":[""false"",""0"",""false"",""8"",""2"",""2"",""80202"",""8.2.2""],""value"":1.0}",1790171974547525836,"{""ability"":""I"",""detected_level"":""S"",""filename"":""I"",""job"":""I"",""nist_control"":""I"",""service_name"":""I""}",1790171974547525836_555a8004
"{""ability"":""target_acquisition"",""detected_level"":""unknown"",""filename"":""/opt/zeek/logs/current/telemetry.log"",""job"":""search_man"",""nist_control"":""detect"",""service_name"":""search_man""}",2026-09-23 09:59:34.547,"{""ts"":1790084976.069322,""peer"":""zeek"",""metric_type"":""counter"",""name"":""zeek_total_sessions_total"",""labels"":[""protocol""],""label_values"":[""tcp""],""value"":789.0}",1790171974547515058,"{""ability"":""I"",""detected_level"":""S"",""filename"":""I"",""job"":""I"",""nist_control"":""I"",""service_name"":""I""}",1790171974547515058_3a71a546
"{""ability"":""target_acquisition"",""detected_level"":""unknown"",""filename"":""/opt/zeek/logs/current/telemetry.log"",""job"":""search_man"",""nist_control"":""detect"",""service_name"":""search_man""}",2026-09-23 09:59:34.547,"{""ts"":1790084976.069322,""peer"":""zeek"",""metric_type"":""counter"",""name"":""zeek_total_sessions_total"",""labels"":[""protocol""],""label_values"":[""udp""],""value"":1668.0}",1790171974547510697,"{""ability"":""I"",""detected_level"":""S"",""filename"":""I"",""job"":""I"",""nist_control"":""I"",""service_name"":""I""}",1790171974547510697_f7e72803
"{""ability"":""target_acquisition"",""detected_level"":""unknown"",""filename"":""/opt/zeek/logs/current/telemetry.log"",""job"":""search_man"",""nist_control"":""detect"",""service_name"":""search_man""}",2026-09-23 09:59:34.547,"{""ts"":1790084976.069322,""peer"":""zeek"",""metric_type"":""counter"",""name"":""zeek_total_sessions_total"",""labels"":[""protocol""],""label_values"":[""icmp""],""value"":412.0}",1790171974547442579,"{""ability"":""I"",""detected_level"":""S"",""filename"":""I"",""job"":""I"",""nist_control"":""I"",""service_name"":""I""}",1790171974547442579_9a9bcb75
"{""ability"":""target_acquisition"",""detected_level"":""unknown"",""filename"":""/opt/zeek/logs/current/telemetry.log"",""job"":""search_man"",""nist_control"":""detect"",""service_name"":""search_man""}",2026-09-23 09:59:34.547,"{""ts"":1790084976.069322,""peer"":""zeek"",""metric_type"":""counter"",""name"":""zeek_cluster_zeromq_proxy_backend_bytes_sent_total"",""labels"":[],""label_values"":[],""value"":0.0}",1790171974547427737,"{""ability"":""I"",""detected_level"":""S"",""filename"":""I"",""job"":""I"",""nist_control"":""I"",""service_name"":""I""}",1790171974547427737_ec52972d
"{""ability"":""target_acquisition"",""detected_level"":""unknown"",""filename"":""/opt/zeek/logs/current/telemetry.log"",""job"":""search_man"",""nist_control"":""detect"",""service_name"":""search_man""}",2026-09-23 09:59:34.547,"{""ts"":1790084976.069322,""peer"":""zeek"",""metric_type"":""counter"",""name"":""zeek_cluster_zeromq_proxy_backend_messages_sent_total"",""labels"":[],""label_values"":[],""value"":0.0}",1790171974547415453,"{""ability"":""I"",""detected_level"":""S"",""filename"":""I"",""job"":""I"",""nist_control"":""I"",""service_name"":""I""}",1790171974547415453_1b206e8e
"{""ability"":""target_acquisition"",""detected_level"":""unknown"",""filename"":""/opt/zeek/logs/current/telemetry.log"",""job"":""search_man"",""nist_control"":""detect"",""service_name"":""search_man""}",2026-09-23 09:59:34.547,"{""ts"":1790084976.069322,""peer"":""zeek"",""metric_type"":""counter"",""name"":""zeek_cluster_zeromq_proxy_backend_bytes_received_total"",""labels"":[],""label_values"":[],""value"":52.0}",1790171974547404365,"{""ability"":""I"",""detected_level"":""S"",""filename"":""I"",""job"":""I"",""nist_control"":""I"",""service_name"":""I""}",1790171974547404365_ac71e48d
"{""ability"":""target_acquisition"",""detected_level"":""unknown"",""filename"":""/opt/zeek/logs/current/telemetry.log"",""job"":""search_man"",""nist_control"":""detect"",""service_name"":""search_man""}",2026-09-23 09:59:34.547,"{""ts"":1790084976.069322,""peer"":""zeek"",""metric_type"":""counter"",""name"":""zeek_cluster_zeromq_proxy_backend_messages_received_total"",""labels"":[],""label_values"":[],""value"":3.0}",1790171974547390001,"{""ability"":""I"",""detected_level"":""S"",""filename"":""I"",""job"":""I"",""nist_control"":""I"",""service_name"":""I""}",1790171974547390001_62f83f4c
"{""ability"":""target_acquisition"",""detected_level"":""unknown"",""filename"":""/opt/zeek/logs/current/telemetry.log"",""job"":""search_man"",""nist_control"":""detect"",""service_name"":""search_man""}",2026-09-23 09:59:34.547,"{""ts"":1790084976.069322,""peer"":""zeek"",""metric_type"":""counter"",""name"":""zeek_cluster_zeromq_proxy_frontend_bytes_sent_total"",""labels"":[],""label_values"":[],""value"":52.0}",1790171974547320501,"{""ability"":""I"",""detected_level"":""S"",""filename"":""I"",""job"":""I"",""nist_control"":""I"",""service_name"":""I""}",1790171974547320501_8adcff22
"{""ability"":""target_acquisition"",""detected_level"":""unknown"",""filename"":""/opt/zeek/logs/current/telemetry.log"",""job"":""search_man"",""nist_control"":""detect"",""service_name"":""search_man""}",2026-09-23 09:59:34.547,"{""ts"":1790084976.069322,""peer"":""zeek"",""metric_type"":""counter"",""name"":""zeek_cluster_zeromq_proxy_frontend_messages_sent_total"",""labels"":[],""label_values"":[],""value"":3.0}",1790171974547305315,"{""ability"":""I"",""detected_level"":""S"",""filename"":""I"",""job"":""I"",""nist_control"":""I"",""service_name"":""I""}",1790171974547305315_3104f209
"{""ability"":""target_acquisition"",""detected_level"":""unknown"",""filename"":""/opt/zeek/logs/current/telemetry.log"",""job"":""search_man"",""nist_control"":""detect"",""service_name"":""search_man""}",2026-09-23 09:59:34.547,"{""ts"":1790084976.069322,""peer"":""zeek"",""metric_type"":""counter"",""name"":""zeek_cluster_zeromq_proxy_frontend_bytes_received_total"",""labels"":[],""label_values"":[],""value"":0.0}",1790171974547293116,"{""ability"":""I"",""detected_level"":""S"",""filename"":""I"",""job"":""I"",""nist_control"":""I"",""service_name"":""I""}",1790171974547293116_4953b4ac
"{""ability"":""target_acquisition"",""detected_level"":""unknown"",""filename"":""/opt/zeek/logs/current/telemetry.log"",""job"":""search_man"",""nist_control"":""detect"",""service_name"":""search_man""}",2026-09-23 09:59:34.547,"{""ts"":1790084976.069322,""peer"":""zeek"",""metric_type"":""counter"",""name"":""zeek_cluster_zeromq_proxy_frontend_messages_received_total"",""labels"":[],""label_values"":[],""value"":0.0}",1790171974547284230,"{""ability"":""I"",""detected_level"":""S"",""filename"":""I"",""job"":""I"",""nist_control"":""I"",""service_name"":""I""}",1790171974547284230_ffc126eb
"{""ability"":""target_acquisition"",""detected_level"":""unknown"",""filename"":""/opt/zeek/logs/current/telemetry.log"",""job"":""search_man"",""nist_control"":""detect"",""service_name"":""search_man""}",2026-09-23 09:59:34.547,"{""ts"":1790084976.069322,""peer"":""zeek"",""metric_type"":""counter"",""name"":""zeek_event_handler_invocations_total"",""labels"":[""name""],""label_values"":[""x509_ocsp_ext_signed_certificate_timestamp""],""value"":15.0}",1790171974547279727,"{""ability"":""I"",""detected_level"":""S"",""filename"":""I"",""job"":""I"",""nist_control"":""I"",""service_name"":""I""}",1790171974547279727_83e7791b
"{""ability"":""target_acquisition"",""detected_level"":""unknown"",""filename"":""/opt/zeek/logs/current/telemetry.log"",""job"":""search_man"",""nist_control"":""detect"",""service_name"":""search_man""}",2026-09-23 09:59:34.547,"{""ts"":1790084976.069322,""peer"":""zeek"",""metric_type"":""counter"",""name"":""zeek_event_handler_invocations_total"",""labels"":[""name""],""label_values"":[""file_hash""],""value"":45.0}",1790171974547211398,"{""ability"":""I"",""detected_level"":""S"",""filename"":""I"",""job"":""I"",""nist_control"":""I"",""service_name"":""I""}",1790171974547211398_76aea34f
"{""ability"":""target_acquisition"",""detected_level"":""unknown"",""filename"":""/opt/zeek/logs/current/telemetry.log"",""job"":""search_man"",""nist_control"":""detect"",""service_name"":""search_man""}",2026-09-23 09:59:34.547,"{""ts"":1790084976.069322,""peer"":""zeek"",""metric_type"":""counter"",""name"":""zeek_event_handler_invocations_total"",""labels"":[""name""],""label_values"":[""x509_certificate""],""value"":15.0}",1790171974547196635,"{""ability"":""I"",""detected_level"":""S"",""filename"":""I"",""job"":""I"",""nist_control"":""I"",""service_name"":""I""}",1790171974547196635_658778a9
"{""ability"":""target_acquisition"",""detected_level"":""unknown"",""filename"":""/opt/zeek/logs/current/telemetry.log"",""job"":""search_man"",""nist_control"":""detect"",""service_name"":""search_man""}",2026-09-23 09:59:34.547,"{""ts"":1790084976.069322,""peer"":""zeek"",""metric_type"":""counter"",""name"":""zeek_event_handler_invocations_total"",""labels"":[""name""],""label_values"":[""ntp_message""],""value"":8.0}",1790171974547184080,"{""ability"":""I"",""detected_level"":""S"",""filename"":""I"",""job"":""I"",""nist_control"":""I"",""service_name"":""I""}",1790171974547184080_b6791b09
"{""ability"":""target_acquisition"",""detected_level"":""unknown"",""filename"":""/opt/zeek/logs/current/telemetry.log"",""job"":""search_man"",""nist_control"":""detect"",""service_name"":""search_man""}",2026-09-23 09:59:34.547,"{""ts"":1790084976.069322,""peer"":""zeek"",""metric_type"":""counter"",""name"":""zeek_event_handler_invocations_total"",""labels"":[""name""],""label_values"":[""QUIC::zero_rtt_packet""],""value"":166.0}",1790171974547174610,"{""ability"":""I"",""detected_level"":""S"",""filename"":""I"",""job"":""I"",""nist_control"":""I"",""service_name"":""I""}",1790171974547174610_26e78a68
"{""ability"":""target_acquisition"",""detected_level"":""unknown"",""filename"":""/opt/zeek/logs/current/telemetry.log"",""job"":""search_man"",""nist_control"":""detect"",""service_name"":""search_man""}",2026-09-23 09:59:34.547,"{""ts"":1790084976.069322,""peer"":""zeek"",""metric_type"":""counter"",""name"":""zeek_event_handler_invocations_total"",""labels"":[""name""],""label_values"":[""ssl_plaintext_data""],""value"":1032.0}",1790171974547170096,"{""ability"":""I"",""detected_level"":""S"",""filename"":""I"",""job"":""I"",""nist_control"":""I"",""service_name"":""I""}",1790171974547170096_dc9ec520
"{""ability"":""target_acquisition"",""detected_level"":""unknown"",""filename"":""/opt/zeek/logs/current/telemetry.log"",""job"":""search_man"",""nist_control"":""detect"",""service_name"":""search_man""}",2026-09-23 09:59:34.547,"{""ts"":1790084976.069322,""peer"":""zeek"",""metric_type"":""counter"",""name"":""zeek_event_handler_invocations_total"",""labels"":[""name""],""label_values"":[""file_sniff""],""value"":15.0}",1790171974547101059,"{""ability"":""I"",""detected_level"":""S"",""filename"":""I"",""job"":""I"",""nist_control"":""I"",""service_name"":""I""}",1790171974547101059_a38fd430
"{""ability"":""target_acquisition"",""detected_level"":""unknown"",""filename"":""/opt/zeek/logs/current/telemetry.log"",""job"":""search_man"",""nist_control"":""detect"",""service_name"":""search_man""}",2026-09-23 09:59:34.547,"{""ts"":1790084976.069322,""peer"":""zeek"",""metric_type"":""counter"",""name"":""zeek_event_handler_invocations_total"",""labels"":[""name""],""label_values"":[""file_over_new_connection""],""value"":15.0}",1790171974547085923,"{""ability"":""I"",""detected_level"":""S"",""filename"":""I"",""job"":""I"",""nist_control"":""I"",""service_name"":""I""}",1790171974547085923_318fe0b8
"{""ability"":""target_acquisition"",""detected_level"":""unknown"",""filename"":""/opt/zeek/logs/current/telemetry.log"",""job"":""search_man"",""nist_control"":""detect"",""service_name"":""search_man""}",2026-09-23 09:59:34.547,"{""ts"":1790084976.069322,""peer"":""zeek"",""metric_type"":""counter"",""name"":""zeek_event_handler_invocations_total"",""labels"":[""name""],""label_values"":[""x509_extension""],""value"":125.0}",1790171974547074069,"{""ability"":""I"",""detected_level"":""S"",""filename"":""I"",""job"":""I"",""nist_control"":""I"",""service_name"":""I""}",1790171974547074069_ec9cfb91
"{""ability"":""target_acquisition"",""detected_level"":""unknown"",""filename"":""/opt/zeek/logs/current/telemetry.log"",""job"":""search_man"",""nist_control"":""detect"",""service_name"":""search_man""}",2026-09-23 09:59:34.547,"{""ts"":1790084976.069322,""peer"":""zeek"",""metric_type"":""counter"",""name"":""zeek_event_handler_invocations_total"",""labels"":[""name""],""label_values"":[""file_new""],""value"":15.0}",1790171974547065321,"{""ability"":""I"",""detected_level"":""S"",""filename"":""I"",""job"":""I"",""nist_control"":""I"",""service_name"":""I""}",1790171974547065321_c2d9d736
"{""ability"":""target_acquisition"",""detected_level"":""unknown"",""filename"":""/opt/zeek/logs/current/telemetry.log"",""job"":""search_man"",""nist_control"":""detect"",""service_name"":""search_man""}",2026-09-23 09:59:34.547,"{""ts"":1790084976.069322,""peer"":""zeek"",""metric_type"":""counter"",""name"":""zeek_event_handler_invocations_total"",""labels"":[""name""],""label_values"":[""ssl_ecdh_server_params""],""value"":5.0}",1790171974547060915,"{""ability"":""I"",""detected_level"":""S"",""filename"":""I"",""job"":""I"",""nist_control"":""I"",""service_name"":""I""}",1790171974547060915_a0bac30a
"{""ability"":""target_acquisition"",""detected_level"":""unknown"",""filename"":""/opt/zeek/logs/current/telemetry.log"",""job"":""search_man"",""nist_control"":""detect"",""service_name"":""search_man""}",2026-09-23 09:59:34.546,"{""ts"":1790084976.069322,""peer"":""zeek"",""metric_type"":""counter"",""name"":""zeek_event_handler_invocations_total"",""labels"":[""name""],""label_values"":[""ssl_extension_application_layer_protocol_negotiation""],""value"":306.0}",1790171974546990986,"{""ability"":""I"",""detected_level"":""S"",""filename"":""I"",""job"":""I"",""nist_control"":""I"",""service_name"":""I""}",1790171974546990986_314733ee
"{""ability"":""target_acquisition"",""detected_level"":""unknown"",""filename"":""/opt/zeek/logs/current/telemetry.log"",""job"":""search_man"",""nist_control"":""detect"",""service_name"":""search_man""}",2026-09-23 09:59:34.546,"{""ts"":1790084976.069322,""peer"":""zeek"",""metric_type"":""counter"",""name"":""zeek_event_handler_invocations_total"",""labels"":[""name""],""label_values"":[""file_state_remove""],""value"":15.0}",1790171974546975071,"{""ability"":""I"",""detected_level"":""S"",""filename"":""I"",""job"":""I"",""nist_control"":""I"",""service_name"":""I""}",1790171974546975071_8c4f6cf2
"{""ability"":""target_acquisition"",""detected_level"":""unknown"",""filename"":""/opt/zeek/logs/current/telemetry.log"",""job"":""search_man"",""nist_control"":""detect"",""service_name"":""search_man""}",2026-09-23 09:59:34.546,"{""ts"":1790084976.069322,""peer"":""zeek"",""metric_type"":""counter"",""name"":""zeek_event_handler_invocations_total"",""labels"":[""name""],""label_values"":[""dns_message""],""value"":46398.0}",1790171974546963356,"{""ability"":""I"",""detected_level"":""S"",""filename"":""I"",""job"":""I"",""nist_control"":""I"",""service_name"":""I""}",1790171974546963356_ae615b68
"{""ability"":""target_acquisition"",""detected_level"":""unknown"",""filename"":""/opt/zeek/logs/current/telemetry.log"",""job"":""search_man"",""nist_control"":""detect"",""service_name"":""search_man""}",2026-09-23 09:59:34.546,"{""ts"":1790084976.069322,""peer"":""zeek"",""metric_type"":""counter"",""name"":""zeek_event_handler_invocations_total"",""labels"":[""name""],""label_values"":[""ssl_established""],""value"":181.0}",1790171974546953800,"{""ability"":""I"",""detected_level"":""S"",""filename"":""I"",""job"":""I"",""nist_control"":""I"",""service_name"":""I""}",1790171974546953800_83ceeef6
"{""ability"":""target_acquisition"",""detected_level"":""unknown"",""filename"":""/opt/zeek/logs/current/telemetry.log"",""job"":""search_man"",""nist_control"":""detect"",""service_name"":""search_man""}",2026-09-23 09:59:34.546,"{""ts"":1790084976.069322,""peer"":""zeek"",""metric_type"":""counter"",""name"":""zeek_event_handler_invocations_total"",""labels"":[""name""],""label_values"":[""dns_AAAA_reply""],""value"":75409.0}",1790171974546948853,"{""ability"":""I"",""detected_level"":""S"",""filename"":""I"",""job"":""I"",""nist_control"":""I"",""service_name"":""I""}",1790171974546948853_f58fe459
"{""ability"":""target_acquisition"",""detected_level"":""unknown"",""filename"":""/opt/zeek/logs/current/telemetry.log"",""job"":""search_man"",""nist_control"":""detect"",""service_name"":""search_man""}",2026-09-23 09:59:34.546,"{""ts"":1790084976.069322,""peer"":""zeek"",""metric_type"":""counter"",""name"":""zeek_event_handler_invocations_total"",""labels"":[""name""],""label_values"":[""ssl_change_cipher_spec""],""value"":370.0}",1790171974546759480,"{""ability"":""I"",""detected_level"":""S"",""filename"":""I"",""job"":""I"",""nist_control"":""I"",""service_name"":""I""}",1790171974546759480_f32edd1e
"{""ability"":""target_acquisition"",""detected_level"":""unknown"",""filename"":""/opt/zeek/logs/current/telemetry.log"",""job"":""search_man"",""nist_control"":""detect"",""service_name"":""search_man""}",2026-09-23 09:59:34.546,"{""ts"":1790084976.069322,""peer"":""zeek"",""metric_type"":""counter"",""name"":""zeek_event_handler_invocations_total"",""labels"":[""name""],""label_values"":[""dhcp_message""],""value"":25.0}",1790171974546741123,"{""ability"":""I"",""detected_level"":""S"",""filename"":""I"",""job"":""I"",""nist_control"":""I"",""service_name"":""I""}",1790171974546741123_396aaa83
"{""ability"":""target_acquisition"",""detected_level"":""unknown"",""filename"":""/opt/zeek/logs/current/telemetry.log"",""job"":""search_man"",""nist_control"":""detect"",""service_name"":""search_man""}",2026-09-23 09:59:34.546,"{""ts"":1790084976.069322,""peer"":""zeek"",""metric_type"":""counter"",""name"":""zeek_event_handler_invocations_total"",""labels"":[""name""],""label_values"":[""ssl_client_hello""],""value"":319.0}",1790171974546719961,"{""ability"":""I"",""detected_level"":""S"",""filename"":""I"",""job"":""I"",""nist_control"":""I"",""service_name"":""I""}",1790171974546719961_36ea261
"{""ability"":""target_acquisition"",""detected_level"":""unknown"",""filename"":""/opt/zeek/logs/current/telemetry.log"",""job"":""search_man"",""nist_control"":""detect"",""service_name"":""search_man""}",2026-09-23 09:59:34.546,"{""ts"":1790084976.069322,""peer"":""zeek"",""metric_type"":""counter"",""name"":""zeek_event_handler_invocations_total"",""labels"":[""name""],""label_values"":[""zeek_init""],""value"":1.0}",1790171974546710506,"{""ability"":""I"",""detected_level"":""S"",""filename"":""I"",""job"":""I"",""nist_control"":""I"",""service_name"":""I""}",1790171974546710506_101a074e
"{""ability"":""target_acquisition"",""detected_level"":""unknown"",""filename"":""/opt/zeek/logs/current/telemetry.log"",""job"":""search_man"",""nist_control"":""detect"",""service_name"":""search_man""}",2026-09-23 09:59:34.546,"{""ts"":1790084976.069322,""peer"":""zeek"",""metric_type"":""counter"",""name"":""zeek_event_handler_invocations_total"",""labels"":[""name""],""label_values"":[""ssl_extension_server_name""],""value"":319.0}",1790171974546705871,"{""ability"":""I"",""detected_level"":""S"",""filename"":""I"",""job"":""I"",""nist_control"":""I"",""service_name"":""I""}",1790171974546705871_9e603452
"{""ability"":""target_acquisition"",""detected_level"":""unknown"",""filename"":""/opt/zeek/logs/current/telemetry.log"",""job"":""search_man"",""nist_control"":""detect"",""service_name"":""search_man""}",2026-09-23 09:59:34.546,"{""ts"":1790084976.069322,""peer"":""zeek"",""metric_type"":""counter"",""name"":""zeek_event_handler_invocations_total"",""labels"":[""name""],""label_values"":[""known_host_add""],""value"":1.0}",1790171974546617885,"{""ability"":""I"",""detected_level"":""S"",""filename"":""I"",""job"":""I"",""nist_control"":""I"",""service_name"":""I""}",1790171974546617885_487e29be
"{""ability"":""target_acquisition"",""detected_level"":""unknown"",""filename"":""/opt/zeek/logs/current/telemetry.log"",""job"":""search_man"",""nist_control"":""detect"",""service_name"":""search_man""}",2026-09-23 09:59:34.546,"{""ts"":1790084976.069322,""peer"":""zeek"",""metric_type"":""counter"",""name"":""zeek_event_handler_invocations_total"",""labels"":[""name""],""label_values"":[""SumStats::finish_epoch""],""value"":3.0}",1790171974546603040,"{""ability"":""I"",""detected_level"":""S"",""filename"":""I"",""job"":""I"",""nist_control"":""I"",""service_name"":""I""}",1790171974546603040_c0c81e63
"{""ability"":""target_acquisition"",""detected_level"":""unknown"",""filename"":""/opt/zeek/logs/current/telemetry.log"",""job"":""search_man"",""nist_control"":""detect"",""service_name"":""search_man""}",2026-09-23 09:59:34.546,"{""ts"":1790084976.069322,""peer"":""zeek"",""metric_type"":""counter"",""name"":""zeek_event_handler_invocations_total"",""labels"":[""name""],""label_values"":[""filter_change_tracking""],""value"":35.0}",1790171974546590721,"{""ability"":""I"",""detected_level"":""S"",""filename"":""I"",""job"":""I"",""nist_control"":""I"",""service_name"":""I""}",1790171974546590721_4d55d5ba
"{""ability"":""target_acquisition"",""detected_level"":""unknown"",""filename"":""/opt/zeek/logs/current/telemetry.log"",""job"":""search_man"",""nist_control"":""detect"",""service_name"":""search_man""}",2026-09-23 09:59:34.546,"{""ts"":1790084976.069322,""peer"":""zeek"",""metric_type"":""counter"",""name"":""zeek_event_handler_invocations_total"",""labels"":[""name""],""label_values"":[""QUIC::short_header_packet_threshold_crossed""],""value"":1249.0}",1790171974546581766,"{""ability"":""I"",""detected_level"":""S"",""filename"":""I"",""job"":""I"",""nist_control"":""I"",""service_name"":""I""}",1790171974546581766_991e8c26
"{""ability"":""target_acquisition"",""detected_level"":""unknown"",""filename"":""/opt/zeek/logs/current/telemetry.log"",""job"":""search_man"",""nist_control"":""detect"",""service_name"":""search_man""}",2026-09-23 09:59:34.546,"{""ts"":1790084976.069322,""peer"":""zeek"",""metric_type"":""counter"",""name"":""zeek_event_handler_invocations_total"",""labels"":[""name""],""label_values"":[""Known::host_found""],""value"":197.0}",1790171974546576966,"{""ability"":""I"",""detected_level"":""S"",""filename"":""I"",""job"":""I"",""nist_control"":""I"",""service_name"":""I""}",1790171974546576966_7a38fea4
"{""ability"":""target_acquisition"",""detected_level"":""unknown"",""filename"":""/opt/zeek/logs/current/telemetry.log"",""job"":""search_man"",""nist_control"":""detect"",""service_name"":""search_man""}",2026-09-23 09:59:34.546,"{""ts"":1790084976.069322,""peer"":""zeek"",""metric_type"":""counter"",""name"":""zeek_event_handler_invocations_total"",""labels"":[""name""],""label_values"":[""TrimTraceFile::go""],""value"":1.0}",1790171974546507266,"{""ability"":""I"",""detected_level"":""S"",""filename"":""I"",""job"":""I"",""nist_control"":""I"",""service_name"":""I""}",1790171974546507266_9052abed
"{""ability"":""target_acquisition"",""detected_level"":""unknown"",""filename"":""/opt/zeek/logs/current/telemetry.log"",""job"":""search_man"",""nist_control"":""detect"",""service_name"":""search_man""}",2026-09-23 09:59:34.546,"{""ts"":1790084976.069322,""peer"":""zeek"",""metric_type"":""counter"",""name"":""zeek_event_handler_invocations_total"",""labels"":[""name""],""label_values"":[""zeek_script_loaded""],""value"":559.0}",1790171974546491921,"{""ability"":""I"",""detected_level"":""S"",""filename"":""I"",""job"":""I"",""nist_control"":""I"",""service_name"":""I""}",1790171974546491921_b7f1eb8b
"{""ability"":""target_acquisition"",""detected_level"":""unknown"",""filename"":""/opt/zeek/logs/current/telemetry.log"",""job"":""search_man"",""nist_control"":""detect"",""service_name"":""search_man""}",2026-09-23 09:59:34.546,"{""ts"":1790084976.069322,""peer"":""zeek"",""metric_type"":""counter"",""name"":""zeek_event_handler_invocations_total"",""labels"":[""name""],""label_values"":[""dns_SRV_reply""],""value"":24925.0}",1790171974546480459,"{""ability"":""I"",""detected_level"":""S"",""filename"":""I"",""job"":""I"",""nist_control"":""I"",""service_name"":""I""}",1790171974546480459_d2910255
"{""ability"":""target_acquisition"",""detected_level"":""unknown"",""filename"":""/opt/zeek/logs/current/telemetry.log"",""job"":""search_man"",""nist_control"":""detect"",""service_name"":""search_man""}",2026-09-23 09:59:34.546,"{""ts"":1790084976.069322,""peer"":""zeek"",""metric_type"":""counter"",""name"":""zeek_event_handler_invocations_total"",""labels"":[""name""],""label_values"":[""ssl_extension_key_share""],""value"":632.0}",1790171974546471106,"{""ability"":""I"",""detected_level"":""S"",""filename"":""I"",""job"":""I"",""nist_control"":""I"",""service_name"":""I""}",1790171974546471106_a93d721a
"{""ability"":""target_acquisition"",""detected_level"":""unknown"",""filename"":""/opt/zeek/logs/current/telemetry.log"",""job"":""search_man"",""nist_control"":""detect"",""service_name"":""search_man""}",2026-09-23 09:59:34.546,"{""ts"":1790084976.069322,""peer"":""zeek"",""metric_type"":""counter"",""name"":""zeek_event_handler_invocations_total"",""labels"":[""name""],""label_values"":[""new_connection""],""value"":2869.0}",1790171974546466248,"{""ability"":""I"",""detected_level"":""S"",""filename"":""I"",""job"":""I"",""nist_control"":""I"",""service_name"":""I""}",1790171974546466248_9734d1cd
"{""ability"":""target_acquisition"",""detected_level"":""unknown"",""filename"":""/opt/zeek/logs/current/telemetry.log"",""job"":""search_man"",""nist_control"":""detect"",""service_name"":""search_man""}",2026-09-23 09:59:34.546,"{""ts"":1790084976.069322,""peer"":""zeek"",""metric_type"":""counter"",""name"":""zeek_event_handler_invocations_total"",""labels"":[""name""],""label_values"":[""known_service_add""],""value"":3.0}",1790171974546398701,"{""ability"":""I"",""detected_level"":""S"",""filename"":""I"",""job"":""I"",""nist_control"":""I"",""service_name"":""I""}",1790171974546398701_6b69b705
"{""ability"":""target_acquisition"",""detected_level"":""unknown"",""filename"":""/opt/zeek/logs/current/telemetry.log"",""job"":""search_man"",""nist_control"":""detect"",""service_name"":""search_man""}",2026-09-23 09:59:34.546,"{""ts"":1790084976.069322,""peer"":""zeek"",""metric_type"":""counter"",""name"":""zeek_event_handler_invocations_total"",""labels"":[""name""],""label_values"":[""dns_CNAME_reply""],""value"":235.0}",1790171974546383910,"{""ability"":""I"",""detected_level"":""S"",""filename"":""I"",""job"":""I"",""nist_control"":""I"",""service_name"":""I""}",1790171974546383910_d618341e
"{""ability"":""target_acquisition"",""detected_level"":""unknown"",""filename"":""/opt/zeek/logs/current/telemetry.log"",""job"":""search_man"",""nist_control"":""detect"",""service_name"":""search_man""}",2026-09-23 09:59:34.546,"{""ts"":1790084976.069322,""peer"":""zeek"",""metric_type"":""counter"",""name"":""zeek_event_handler_invocations_total"",""labels"":[""name""],""label_values"":[""connection_established""],""value"":197.0}",1790171974546371832,"{""ability"":""I"",""detected_level"":""S"",""filename"":""I"",""job"":""I"",""nist_control"":""I"",""service_name"":""I""}",1790171974546371832_39fab573
"{""ability"":""target_acquisition"",""detected_level"":""unknown"",""filename"":""/opt/zeek/logs/current/telemetry.log"",""job"":""search_man"",""nist_control"":""detect"",""service_name"":""search_man""}",2026-09-23 09:59:34.546,"{""ts"":1790084976.069322,""peer"":""zeek"",""metric_type"":""counter"",""name"":""zeek_event_handler_invocations_total"",""labels"":[""name""],""label_values"":[""analyzer_confirmation_info""],""value"":1734.0}",1790171974546362828,"{""ability"":""I"",""detected_level"":""S"",""filename"":""I"",""job"":""I"",""nist_control"":""I"",""service_name"":""I""}",1790171974546362828_b48828c5
"{""ability"":""target_acquisition"",""detected_level"":""unknown"",""filename"":""/opt/zeek/logs/current/telemetry.log"",""job"":""search_man"",""nist_control"":""detect"",""service_name"":""search_man""}",2026-09-23 09:59:34.546,"{""ts"":1790084976.069322,""peer"":""zeek"",""metric_type"":""counter"",""name"":""zeek_event_handler_invocations_total"",""labels"":[""name""],""label_values"":[""service_info_commit""],""value"":718.0}",1790171974546357668,"{""ability"":""I"",""detected_level"":""S"",""filename"":""I"",""job"":""I"",""nist_control"":""I"",""service_name"":""I""}",1790171974546357668_6e0da26f
"{""ability"":""target_acquisition"",""detected_level"":""unknown"",""filename"":""/opt/zeek/logs/current/telemetry.log"",""job"":""search_man"",""nist_control"":""detect"",""service_name"":""search_man""}",2026-09-23 09:59:34.546,"{""ts"":1790084976.069322,""peer"":""zeek"",""metric_type"":""counter"",""name"":""zeek_event_handler_invocations_total"",""labels"":[""name""],""label_values"":[""ssl_extension_supported_versions""],""value"":632.0}",1790171974546252094,"{""ability"":""I"",""detected_level"":""S"",""filename"":""I"",""job"":""I"",""nist_control"":""I"",""service_name"":""I""}",1790171974546252094_8284555d
"{""ability"":""target_acquisition"",""detected_level"":""unknown"",""filename"":""/opt/zeek/logs/current/telemetry.log"",""job"":""search_man"",""nist_control"":""detect"",""service_name"":""search_man""}",2026-09-23 09:59:34.546,"{""ts"":1790084976.069322,""peer"":""zeek"",""metric_type"":""counter"",""name"":""zeek_event_handler_invocations_total"",""labels"":[""name""],""label_values"":[""net_stats_update""],""value"":34.0}",1790171974546233991,"{""ability"":""I"",""detected_level"":""S"",""filename"":""I"",""job"":""I"",""nist_control"":""I"",""service_name"":""I""}",1790171974546233991_672b700f
"{""ability"":""target_acquisition"",""detected_level"":""unknown"",""filename"":""/opt/zeek/logs/current/telemetry.log"",""job"":""search_man"",""nist_control"":""detect"",""service_name"":""search_man""}",2026-09-23 09:59:34.546,"{""ts"":1790084976.069322,""peer"":""zeek"",""metric_type"":""counter"",""name"":""zeek_event_handler_invocations_total"",""labels"":[""name""],""label_values"":[""CaptureLoss::take_measurement""],""value"":13.0}",1790171974546218678,"{""ability"":""I"",""detected_level"":""S"",""filename"":""I"",""job"":""I"",""nist_control"":""I"",""service_name"":""I""}",1790171974546218678_ec46a0b4
"{""ability"":""target_acquisition"",""detected_level"":""unknown"",""filename"":""/opt/zeek/logs/current/telemetry.log"",""job"":""search_man"",""nist_control"":""detect"",""service_name"":""search_man""}",2026-09-23 09:59:34.546,"{""ts"":1790084976.069322,""peer"":""zeek"",""metric_type"":""counter"",""name"":""zeek_event_handler_invocations_total"",""labels"":[""name""],""label_values"":[""x509_ext_subject_alternative_name""],""value"":5.0}",1790171974546203524,"{""ability"":""I"",""detected_level"":""S"",""filename"":""I"",""job"":""I"",""nist_control"":""I"",""service_name"":""I""}",1790171974546203524_a10571df
"{""ability"":""target_acquisition"",""detected_level"":""unknown"",""filename"":""/opt/zeek/logs/current/telemetry.log"",""job"":""search_man"",""nist_control"":""detect"",""service_name"":""search_man""}",2026-09-23 09:59:34.546,"{""ts"":1790084976.069322,""peer"":""zeek"",""metric_type"":""counter"",""name"":""zeek_event_handler_invocations_total"",""labels"":[""name""],""label_values"":[""dns_end""],""value"":46398.0}",1790171974546163106,"{""ability"":""I"",""detected_level"":""S"",""filename"":""I"",""job"":""I"",""nist_control"":""I"",""service_name"":""I""}",1790171974546163106_a16d23a
"{""ability"":""target_acquisition"",""detected_level"":""unknown"",""filename"":""/opt/zeek/logs/current/telemetry.log"",""job"":""search_man"",""nist_control"":""detect"",""service_name"":""search_man""}",2026-09-23 09:59:34.546,"{""ts"":1790084976.069322,""peer"":""zeek"",""metric_type"":""counter"",""name"":""zeek_event_handler_invocations_total"",""labels"":[""name""],""label_values"":[""dns_PTR_reply""],""value"":152063.0}",1790171974546048106,"{""ability"":""I"",""detected_level"":""S"",""filename"":""I"",""job"":""I"",""nist_control"":""I"",""service_name"":""I""}",1790171974546048106_a1ec62b9
"{""ability"":""target_acquisition"",""detected_level"":""unknown"",""filename"":""/opt/zeek/logs/current/telemetry.log"",""job"":""search_man"",""nist_control"":""detect"",""service_name"":""search_man""}",2026-09-23 09:59:34.545,"{""ts"":1790084976.069322,""peer"":""zeek"",""metric_type"":""counter"",""name"":""zeek_event_handler_invocations_total"",""labels"":[""name""],""label_values"":[""check_stats""],""value"":34.0}",1790171974545955942,"{""ability"":""I"",""detected_level"":""S"",""filename"":""I"",""job"":""I"",""nist_control"":""I"",""service_name"":""I""}",1790171974545955942_f8bd25d8
"{""ability"":""target_acquisition"",""detected_level"":""unknown"",""filename"":""/opt/zeek/logs/current/telemetry.log"",""job"":""search_man"",""nist_control"":""detect"",""service_name"":""search_man""}",2026-09-23 09:59:34.545,"{""ts"":1790084976.069322,""peer"":""zeek"",""metric_type"":""counter"",""name"":""zeek_event_handler_invocations_total"",""labels"":[""name""],""label_values"":[""Cluster::Backend::ZeroMQ::subscription""],""value"":3.0}",1790171974545943068,"{""ability"":""I"",""detected_level"":""S"",""filename"":""I"",""job"":""I"",""nist_control"":""I"",""service_name"":""I""}",1790171974545943068_ede1f23b
"{""ability"":""target_acquisition"",""detected_level"":""unknown"",""filename"":""/opt/zeek/logs/current/telemetry.log"",""job"":""search_man"",""nist_control"":""detect"",""service_name"":""search_man""}",2026-09-23 09:59:34.545,"{""ts"":1790084976.069322,""peer"":""zeek"",""metric_type"":""counter"",""name"":""zeek_event_handler_invocations_total"",""labels"":[""name""],""label_values"":[""Broker::log_flush""],""value"":9744.0}",1790171974545932700,"{""ability"":""I"",""detected_level"":""S"",""filename"":""I"",""job"":""I"",""nist_control"":""I"",""service_name"":""I""}",1790171974545932700_10a6f2d
"{""ability"":""target_acquisition"",""detected_level"":""unknown"",""filename"":""/opt/zeek/logs/current/telemetry.log"",""job"":""search_man"",""nist_control"":""detect"",""service_name"":""search_man""}",2026-09-23 09:59:34.545,"{""ts"":1790084976.069322,""peer"":""zeek"",""metric_type"":""counter"",""name"":""zeek_event_handler_invocations_total"",""labels"":[""name""],""label_values"":[""dns_rejected""],""value"":352.0}",1790171974545928265,"{""ability"":""I"",""detected_level"":""S"",""filename"":""I"",""job"":""I"",""nist_control"":""I"",""service_name"":""I""}",1790171974545928265_9659141
"{""ability"":""target_acquisition"",""detected_level"":""unknown"",""filename"":""/opt/zeek/logs/current/telemetry.log"",""job"":""search_man"",""nist_control"":""detect"",""service_name"":""search_man""}",2026-09-23 09:59:34.545,"{""ts"":1790084976.069322,""peer"":""zeek"",""metric_type"":""counter"",""name"":""zeek_event_handler_invocations_total"",""labels"":[""name""],""label_values"":[""ssl_extension""],""value"":5698.0}",1790171974545853479,"{""ability"":""I"",""detected_level"":""S"",""filename"":""I"",""job"":""I"",""nist_control"":""I"",""service_name"":""I""}",1790171974545853479_d7c71e43
"{""ability"":""target_acquisition"",""detected_level"":""unknown"",""filename"":""/opt/zeek/logs/current/telemetry.log"",""job"":""search_man"",""nist_control"":""detect"",""service_name"":""search_man""}",2026-09-23 09:59:34.545,"{""ts"":1790084976.069322,""peer"":""zeek"",""metric_type"":""counter"",""name"":""zeek_event_handler_invocations_total"",""labels"":[""name""],""label_values"":[""NetControl::init""],""value"":1.0}",1790171974545834321,"{""ability"":""I"",""detected_level"":""S"",""filename"":""I"",""job"":""I"",""nist_control"":""I"",""service_name"":""I""}",1790171974545834321_3a3c1e3a
"{""ability"":""target_acquisition"",""detected_level"":""unknown"",""filename"":""/opt/zeek/logs/current/telemetry.log"",""job"":""search_man"",""nist_control"":""detect"",""service_name"":""search_man""}",2026-09-23 09:59:34.545,"{""ts"":1790084976.069322,""peer"":""zeek"",""metric_type"":""counter"",""name"":""zeek_event_handler_invocations_total"",""labels"":[""name""],""label_values"":[""Telemetry::log""],""value"":170.0}",1790171974545820897,"{""ability"":""I"",""detected_level"":""S"",""filename"":""I"",""job"":""I"",""nist_control"":""I"",""service_name"":""I""}",1790171974545820897_24da2e4
"{""ability"":""target_acquisition"",""detected_level"":""unknown"",""filename"":""/opt/zeek/logs/current/telemetry.log"",""job"":""search_man"",""nist_control"":""detect"",""service_name"":""search_man""}",2026-09-23 09:59:34.545,"{""ts"":1790084976.069322,""peer"":""zeek"",""metric_type"":""counter"",""name"":""zeek_event_handler_invocations_total"",""labels"":[""name""],""label_values"":[""ssl_server_hello""],""value"":318.0}",1790171974545805619,"{""ability"":""I"",""detected_level"":""S"",""filename"":""I"",""job"":""I"",""nist_control"":""I"",""service_name"":""I""}",1790171974545805619_eaeb1484
"{""ability"":""target_acquisition"",""detected_level"":""unknown"",""filename"":""/opt/zeek/logs/current/telemetry.log"",""job"":""search_man"",""nist_control"":""detect"",""service_name"":""search_man""}",2026-09-23 09:59:34.545,"{""ts"":1790084976.069322,""peer"":""zeek"",""metric_type"":""counter"",""name"":""zeek_event_handler_invocations_total"",""labels"":[""name""],""label_values"":[""ChecksumOffloading::check""],""value"":2.0}",1790171974545798792,"{""ability"":""I"",""detected_level"":""S"",""filename"":""I"",""job"":""I"",""nist_control"":""I"",""service_name"":""I""}",1790171974545798792_40496d69
"{""ability"":""target_acquisition"",""detected_level"":""unknown"",""filename"":""/opt/zeek/logs/current/telemetry.log"",""job"":""search_man"",""nist_control"":""detect"",""service_name"":""search_man""}",2026-09-23 09:59:34.545,"{""ts"":1790084976.069322,""peer"":""zeek"",""metric_type"":""counter"",""name"":""zeek_event_handler_invocations_total"",""labels"":[""name""],""label_values"":[""QUIC::initial_packet""],""value"":1090.0}",1790171974545591675,"{""ability"":""I"",""detected_level"":""S"",""filename"":""I"",""job"":""I"",""nist_control"":""I"",""service_name"":""I""}",1790171974545591675_90fd5030
"{""ability"":""target_acquisition"",""detected_level"":""unknown"",""filename"":""/opt/zeek/logs/current/telemetry.log"",""job"":""search_man"",""nist_control"":""detect"",""service_name"":""search_man""}",2026-09-23 09:59:34.545,"{""ts"":1790084976.069322,""peer"":""zeek"",""metric_type"":""counter"",""name"":""zeek_event_handler_invocations_total"",""labels"":[""name""],""label_values"":[""dns_TXT_reply""],""value"":24925.0}",1790171974545460398,"{""ability"":""I"",""detected_level"":""S"",""filename"":""I"",""job"":""I"",""nist_control"":""I"",""service_name"":""I""}",1790171974545460398_aa4344ea
"{""ability"":""target_acquisition"",""detected_level"":""unknown"",""filename"":""/opt/zeek/logs/current/telemetry.log"",""job"":""search_man"",""nist_control"":""detect"",""service_name"":""search_man""}",2026-09-23 09:59:34.545,"{""ts"":1790084976.069322,""peer"":""zeek"",""metric_type"":""counter"",""name"":""zeek_event_handler_invocations_total"",""labels"":[""name""],""label_values"":[""ssl_handshake_message""],""value"":662.0}",1790171974545434887,"{""ability"":""I"",""detected_level"":""S"",""filename"":""I"",""job"":""I"",""nist_control"":""I"",""service_name"":""I""}",1790171974545434887_bcb553bd
"{""ability"":""target_acquisition"",""detected_level"":""unknown"",""filename"":""/opt/zeek/logs/current/telemetry.log"",""job"":""search_man"",""nist_control"":""detect"",""service_name"":""search_man""}",2026-09-23 09:59:34.545,"{""ts"":1790084976.069322,""peer"":""zeek"",""metric_type"":""counter"",""name"":""zeek_event_handler_invocations_total"",""labels"":[""name""],""label_values"":[""grab_vulnerable_versions""],""value"":4.0}",1790171974545419709,"{""ability"":""I"",""detected_level"":""S"",""filename"":""I"",""job"":""I"",""nist_control"":""I"",""service_name"":""I""}",1790171974545419709_42f3556
"{""ability"":""target_acquisition"",""detected_level"":""unknown"",""filename"":""/opt/zeek/logs/current/telemetry.log"",""job"":""search_man"",""nist_control"":""detect"",""service_name"":""search_man""}",2026-09-23 09:59:34.545,"{""ts"":1790084976.069322,""peer"":""zeek"",""metric_type"":""counter"",""name"":""zeek_event_handler_invocations_total"",""labels"":[""name""],""label_values"":[""Cluster::Backend::ZeroMQ::monitoring_event""],""value"":6.0}",1790171974545344267,"{""ability"":""I"",""detected_level"":""S"",""filename"":""I"",""job"":""I"",""nist_control"":""I"",""service_name"":""I""}",1790171974545344267_5e23e192
"{""ability"":""target_acquisition"",""detected_level"":""unknown"",""filename"":""/opt/zeek/logs/current/telemetry.log"",""job"":""search_man"",""nist_control"":""detect"",""service_name"":""search_man""}",2026-09-23 09:59:34.545,"{""ts"":1790084976.069322,""peer"":""zeek"",""metric_type"":""counter"",""name"":""zeek_event_handler_invocations_total"",""labels"":[""name""],""label_values"":[""dns_A_reply""],""value"":9285.0}",1790171974545302287,"{""ability"":""I"",""detected_level"":""S"",""filename"":""I"",""job"":""I"",""nist_control"":""I"",""service_name"":""I""}",1790171974545302287_ecc506d9
"{""ability"":""target_acquisition"",""detected_level"":""unknown"",""filename"":""/opt/zeek/logs/current/telemetry.log"",""job"":""search_man"",""nist_control"":""detect"",""service_name"":""search_man""}",2026-09-23 09:59:34.545,"{""ts"":1790084976.069322,""peer"":""zeek"",""metric_type"":""counter"",""name"":""zeek_event_handler_invocations_total"",""labels"":[""name""],""label_values"":[""content_gap""],""value"":4.0}",1790171974545036143,"{""ability"":""I"",""detected_level"":""S"",""filename"":""I"",""job"":""I"",""nist_control"":""I"",""service_name"":""I""}",1790171974545036143_99dcd549
"{""ability"":""target_acquisition"",""detected_level"":""unknown"",""filename"":""/opt/zeek/logs/current/telemetry.log"",""job"":""search_man"",""nist_control"":""detect"",""service_name"":""search_man""}",2026-09-23 09:59:34.544,"{""ts"":1790084976.069322,""peer"":""zeek"",""metric_type"":""counter"",""name"":""zeek_event_handler_invocations_total"",""labels"":[""name""],""label_values"":[""connection_state_remove""],""value"":2837.0}",1790171974544988983,"{""ability"":""I"",""detected_level"":""S"",""filename"":""I"",""job"":""I"",""nist_control"":""I"",""service_name"":""I""}",1790171974544988983_a1dc4d06
"{""ability"":""target_acquisition"",""detected_level"":""unknown"",""filename"":""/opt/zeek/logs/current/telemetry.log"",""job"":""search_man"",""nist_control"":""detect"",""service_name"":""search_man""}",2026-09-23 09:59:34.544,"{""ts"":1790084976.069322,""peer"":""zeek"",""metric_type"":""counter"",""name"":""zeek_event_handler_invocations_total"",""labels"":[""name""],""label_values"":[""dns_request""],""value"":70642.0}",1790171974544971899,"{""ability"":""I"",""detected_level"":""S"",""filename"":""I"",""job"":""I"",""nist_control"":""I"",""service_name"":""I""}",1790171974544971899_b9f3cba3
"{""ability"":""target_acquisition"",""detected_level"":""unknown"",""filename"":""/opt/zeek/logs/current/telemetry.log"",""job"":""search_man"",""nist_control"":""detect"",""service_name"":""search_man""}",2026-09-23 09:59:34.544,"{""ts"":1790084976.069322,""peer"":""zeek"",""metric_type"":""counter"",""name"":""zeek_event_handler_invocations_total"",""labels"":[""name""],""label_values"":[""x509_ext_basic_constraints""],""value"":15.0}",1790171974544892885,"{""ability"":""I"",""detected_level"":""S"",""filename"":""I"",""job"":""I"",""nist_control"":""I"",""service_name"":""I""}",1790171974544892885_56ff5eff
"{""ability"":""target_acquisition"",""detected_level"":""unknown"",""filename"":""/opt/zeek/logs/current/telemetry.log"",""job"":""search_man"",""nist_control"":""detect"",""service_name"":""search_man""}",2026-09-23 09:59:34.544,"{""ts"":1790084976.069322,""peer"":""zeek"",""metric_type"":""counter"",""name"":""zeek_event_handler_invocations_total"",""labels"":[""name""],""label_values"":[""DHCP::aggregate_msgs""],""value"":25.0}",1790171974544887163,"{""ability"":""I"",""detected_level"":""S"",""filename"":""I"",""job"":""I"",""nist_control"":""I"",""service_name"":""I""}",1790171974544887163_224b00c1
"{""ability"":""target_acquisition"",""detected_level"":""unknown"",""filename"":""/opt/zeek/logs/current/telemetry.log"",""job"":""search_man"",""nist_control"":""detect"",""service_name"":""search_man""}",2026-09-23 09:59:34.544,"{""ts"":1790084976.069322,""peer"":""zeek"",""metric_type"":""counter"",""name"":""zeek_event_handler_invocations_total"",""labels"":[""name""],""label_values"":[""QUIC::handshake_packet""],""value"":705.0}",1790171974544778952,"{""ability"":""I"",""detected_level"":""S"",""filename"":""I"",""job"":""I"",""nist_control"":""I"",""service_name"":""I""}",1790171974544778952_20e114a7
"{""ability"":""target_acquisition"",""detected_level"":""unknown"",""filename"":""/opt/zeek/logs/current/telemetry.log"",""job"":""search_man"",""nist_control"":""detect"",""service_name"":""search_man""}",2026-09-23 09:59:34.544,"{""ts"":1790084976.069322,""peer"":""zeek"",""metric_type"":""counter"",""name"":""zeek_event_handler_invocations_total"",""labels"":[""name""],""label_values"":[""conn_weird""],""value"":31.0}",1790171974544731386,"{""ability"":""I"",""detected_level"":""S"",""filename"":""I"",""job"":""I"",""nist_control"":""I"",""service_name"":""I""}",1790171974544731386_e46ee843
"{""ability"":""target_acquisition"",""detected_level"":""unknown"",""filename"":""/opt/zeek/logs/current/telemetry.log"",""job"":""search_man"",""nist_control"":""detect"",""service_name"":""search_man""}",2026-09-23 09:59:34.544,"{""ts"":1790084976.069322,""peer"":""zeek"",""metric_type"":""counter"",""name"":""zeek_event_handler_invocations_total"",""labels"":[""name""],""label_values"":[""connection_flipped""],""value"":1.0}",1790171974544714688,"{""ability"":""I"",""detected_level"":""S"",""filename"":""I"",""job"":""I"",""nist_control"":""I"",""service_name"":""I""}",1790171974544714688_f3cf3ba9
"{""ability"":""target_acquisition"",""detected_level"":""unknown"",""filename"":""/opt/zeek/logs/current/telemetry.log"",""job"":""search_man"",""nist_control"":""detect"",""service_name"":""search_man""}",2026-09-23 09:59:34.544,"{""ts"":1790084976.069322,""peer"":""zeek"",""metric_type"":""counter"",""name"":""zeek_event_handler_invocations_total"",""labels"":[""name""],""label_values"":[""QUIC::discarded_packet""],""value"":3.0}",1790171974544663952,"{""ability"":""I"",""detected_level"":""S"",""filename"":""I"",""job"":""I"",""nist_control"":""I"",""service_name"":""I""}",1790171974544663952_9c2c1c28
"{""ability"":""target_acquisition"",""detected_level"":""unknown"",""filename"":""/opt/zeek/logs/current/telemetry.log"",""job"":""search_man"",""nist_control"":""detect"",""service_name"":""search_man""}",2026-09-23 09:59:34.544,"{""ts"":1790084976.069322,""peer"":""zeek"",""metric_type"":""counter"",""name"":""zeek_ended_sessions_total"",""labels"":[""reason""],""label_values"":[""inactivity""],""value"":795.0}",1790171974544658342,"{""ability"":""I"",""detected_level"":""S"",""filename"":""I"",""job"":""I"",""nist_control"":""I"",""service_name"":""I""}",1790171974544658342_e0b7e57a
"{""ability"":""target_acquisition"",""detected_level"":""unknown"",""filename"":""/opt/zeek/logs/current/telemetry.log"",""job"":""search_man"",""nist_control"":""detect"",""service_name"":""search_man""}",2026-09-23 09:59:34.544,"{""ts"":1790084976.069322,""peer"":""zeek"",""metric_type"":""counter"",""name"":""zeek_triggers_total"",""labels"":[],""label_values"":[],""value"":0.0}",1790171974544526453,"{""ability"":""I"",""detected_level"":""S"",""filename"":""I"",""job"":""I"",""nist_control"":""I"",""service_name"":""I""}",1790171974544526453_ebb03e68
"{""ability"":""target_acquisition"",""detected_level"":""unknown"",""filename"":""/opt/zeek/logs/current/telemetry.log"",""job"":""search_man"",""nist_control"":""detect"",""service_name"":""search_man""}",2026-09-23 09:59:34.544,"{""ts"":1790084976.069322,""peer"":""zeek"",""metric_type"":""counter"",""name"":""zeek_dnsmgr_failed_requests_total"",""labels"":[],""label_values"":[],""value"":0.0}",1790171974544510144,"{""ability"":""I"",""detected_level"":""S"",""filename"":""I"",""job"":""I"",""nist_control"":""I"",""service_name"":""I""}",1790171974544510144_2908399d
"{""ability"":""target_acquisition"",""detected_level"":""unknown"",""filename"":""/opt/zeek/logs/current/telemetry.log"",""job"":""search_man"",""nist_control"":""detect"",""service_name"":""search_man""}",2026-09-23 09:59:34.544,"{""ts"":1790084976.069322,""peer"":""zeek"",""metric_type"":""counter"",""name"":""zeek_dnsmgr_successful_requests_total"",""labels"":[],""label_values"":[],""value"":0.0}",1790171974544460795,"{""ability"":""I"",""detected_level"":""S"",""filename"":""I"",""job"":""I"",""nist_control"":""I"",""service_name"":""I""}",1790171974544460795_eff99da0
"{""ability"":""target_acquisition"",""detected_level"":""unknown"",""filename"":""/opt/zeek/logs/current/telemetry.log"",""job"":""search_man"",""nist_control"":""detect"",""service_name"":""search_man""}",2026-09-23 09:59:34.544,"{""ts"":1790084976.069322,""peer"":""zeek"",""metric_type"":""counter"",""name"":""zeek_dnsmgr_requests_total"",""labels"":[],""label_values"":[],""value"":0.0}",1790171974544455326,"{""ability"":""I"",""detected_level"":""S"",""filename"":""I"",""job"":""I"",""nist_control"":""I"",""service_name"":""I""}",1790171974544455326_5c13cdcd
"{""ability"":""target_acquisition"",""detected_level"":""unknown"",""filename"":""/opt/zeek/logs/current/telemetry.log"",""job"":""search_man"",""nist_control"":""detect"",""service_name"":""search_man""}",2026-09-23 09:59:34.544,"{""ts"":1790084976.069322,""peer"":""zeek"",""metric_type"":""counter"",""name"":""zeek_timers_total"",""labels"":[],""label_values"":[],""value"":81375.0}",1790171974544354308,"{""ability"":""I"",""detected_level"":""S"",""filename"":""I"",""job"":""I"",""nist_control"":""I"",""service_name"":""I""}",1790171974544354308_94302cfb
"{""ability"":""target_acquisition"",""detected_level"":""unknown"",""filename"":""/opt/zeek/logs/current/telemetry.log"",""job"":""search_man"",""nist_control"":""detect"",""service_name"":""search_man""}",2026-09-23 09:59:34.544,"{""ts"":1790084976.069322,""peer"":""zeek"",""metric_type"":""counter"",""name"":""zeek_broker_outgoing_ids_total"",""labels"":[],""label_values"":[],""value"":0.0}",1790171974544306309,"{""ability"":""I"",""detected_level"":""S"",""filename"":""I"",""job"":""I"",""nist_control"":""I"",""service_name"":""I""}",1790171974544306309_866a6da2
"{""ability"":""target_acquisition"",""detected_level"":""unknown"",""filename"":""/opt/zeek/logs/current/telemetry.log"",""job"":""search_man"",""nist_control"":""detect"",""service_name"":""search_man""}",2026-09-23 09:59:34.544,"{""ts"":1790084976.069322,""peer"":""zeek"",""metric_type"":""counter"",""name"":""zeek_broker_incoming_ids_total"",""labels"":[],""label_values"":[],""value"":0.0}",1790171974544290026,"{""ability"":""I"",""detected_level"":""S"",""filename"":""I"",""job"":""I"",""nist_control"":""I"",""service_name"":""I""}",1790171974544290026_fa436bf8
"{""ability"":""target_acquisition"",""detected_level"":""unknown"",""filename"":""/opt/zeek/logs/current/telemetry.log"",""job"":""search_man"",""nist_control"":""detect"",""service_name"":""search_man""}",2026-09-23 09:59:34.544,"{""ts"":1790084976.069322,""peer"":""zeek"",""metric_type"":""counter"",""name"":""zeek_broker_outgoing_logs_total"",""labels"":[],""label_values"":[],""value"":0.0}",1790171974544236134,"{""ability"":""I"",""detected_level"":""S"",""filename"":""I"",""job"":""I"",""nist_control"":""I"",""service_name"":""I""}",1790171974544236134_892a2807
"{""ability"":""target_acquisition"",""detected_level"":""unknown"",""filename"":""/opt/zeek/logs/current/telemetry.log"",""job"":""search_man"",""nist_control"":""detect"",""service_name"":""search_man""}",2026-09-23 09:59:34.544,"{""ts"":1790084976.069322,""peer"":""zeek"",""metric_type"":""counter"",""name"":""zeek_broker_incoming_logs_total"",""labels"":[],""label_values"":[],""value"":0.0}",1790171974544231111,"{""ability"":""I"",""detected_level"":""S"",""filename"":""I"",""job"":""I"",""nist_control"":""I"",""service_name"":""I""}",1790171974544231111_a0b76671
"{""ability"":""target_acquisition"",""detected_level"":""unknown"",""filename"":""/opt/zeek/logs/current/telemetry.log"",""job"":""search_man"",""nist_control"":""detect"",""service_name"":""search_man""}",2026-09-23 09:59:34.544,"{""ts"":1790084976.069322,""peer"":""zeek"",""metric_type"":""counter"",""name"":""zeek_broker_outgoing_events_total"",""labels"":[],""label_values"":[],""value"":0.0}",1790171974544129234,"{""ability"":""I"",""detected_level"":""S"",""filename"":""I"",""job"":""I"",""nist_control"":""I"",""service_name"":""I""}",1790171974544129234_188f71c5
"{""ability"":""target_acquisition"",""detected_level"":""unknown"",""filename"":""/opt/zeek/logs/current/telemetry.log"",""job"":""search_man"",""nist_control"":""detect"",""service_name"":""search_man""}",2026-09-23 09:59:34.544,"{""ts"":1790084976.069322,""peer"":""zeek"",""metric_type"":""counter"",""name"":""zeek_broker_incoming_events_total"",""labels"":[],""label_values"":[],""value"":0.0}",1790171974544081860,"{""ability"":""I"",""detected_level"":""S"",""filename"":""I"",""job"":""I"",""nist_control"":""I"",""service_name"":""I""}",1790171974544081860_d091dcd7
"{""ability"":""target_acquisition"",""detected_level"":""unknown"",""filename"":""/opt/zeek/logs/current/telemetry.log"",""job"":""search_man"",""nist_control"":""detect"",""service_name"":""search_man""}",2026-09-23 09:59:34.544,"{""ts"":1790084976.069322,""peer"":""zeek"",""metric_type"":""counter"",""name"":""zeek_cluster_core_incoming_events_total"",""labels"":[],""label_values"":[],""value"":0.0}",1790171974544065136,"{""ability"":""I"",""detected_level"":""S"",""filename"":""I"",""job"":""I"",""nist_control"":""I"",""service_name"":""I""}",1790171974544065136_c9cebf82
"{""ability"":""target_acquisition"",""detected_level"":""unknown"",""filename"":""/opt/zeek/logs/current/telemetry.log"",""job"":""search_man"",""nist_control"":""detect"",""service_name"":""search_man""}",2026-09-23 09:59:34.544,"{""ts"":1790084976.069322,""peer"":""zeek"",""metric_type"":""counter"",""name"":""zeek_cluster_core_outgoing_events_total"",""labels"":[],""label_values"":[],""value"":4.0}",1790171974544014880,"{""ability"":""I"",""detected_level"":""S"",""filename"":""I"",""job"":""I"",""nist_control"":""I"",""service_name"":""I""}",1790171974544014880_f16845bc
"{""ability"":""target_acquisition"",""detected_level"":""unknown"",""filename"":""/opt/zeek/logs/current/telemetry.log"",""job"":""search_man"",""nist_control"":""detect"",""service_name"":""search_man""}",2026-09-23 09:59:34.544,"{""ts"":1790084976.069322,""peer"":""zeek"",""metric_type"":""counter"",""name"":""zeek_cluster_zeromq_msg_errors_total"",""labels"":[],""label_values"":[],""value"":0.0}",1790171974544009650,"{""ability"":""I"",""detected_level"":""S"",""filename"":""I"",""job"":""I"",""nist_control"":""I"",""service_name"":""I""}",1790171974544009650_d58a412a
"{""ability"":""target_acquisition"",""detected_level"":""unknown"",""filename"":""/opt/zeek/logs/current/telemetry.log"",""job"":""search_man"",""nist_control"":""detect"",""service_name"":""search_man""}",2026-09-23 09:59:34.543,"{""ts"":1790084976.069322,""peer"":""zeek"",""metric_type"":""counter"",""name"":""zeek_cluster_zeromq_onloop_drops_total"",""labels"":[],""label_values"":[],""value"":0.0}",1790171974543905254,"{""ability"":""I"",""detected_level"":""S"",""filename"":""I"",""job"":""I"",""nist_control"":""I"",""service_name"":""I""}",1790171974543905254_d49ebe35
"{""ability"":""target_acquisition"",""detected_level"":""unknown"",""filename"":""/opt/zeek/logs/current/telemetry.log"",""job"":""search_man"",""nist_control"":""detect"",""service_name"":""search_man""}",2026-09-23 09:59:34.543,"{""ts"":1790084976.069322,""peer"":""zeek"",""metric_type"":""counter"",""name"":""zeek_cluster_zeromq_xpub_drops_total"",""labels"":[],""label_values"":[],""value"":0.0}",1790171974543858508,"{""ability"":""I"",""detected_level"":""S"",""filename"":""I"",""job"":""I"",""nist_control"":""I"",""service_name"":""I""}",1790171974543858508_e793caf9
"{""ability"":""target_acquisition"",""detected_level"":""unknown"",""filename"":""/opt/zeek/logs/current/telemetry.log"",""job"":""search_man"",""nist_control"":""detect"",""service_name"":""search_man""}",2026-09-23 09:59:34.543,"{""ts"":1790084976.069322,""peer"":""zeek"",""metric_type"":""counter"",""name"":""zeek_cluster_onloop_queue_blocks_total"",""labels"":[""tag""],""label_values"":[""ZeroMQ""],""value"":0.0}",1790171974543842107,"{""ability"":""I"",""detected_level"":""S"",""filename"":""I"",""job"":""I"",""nist_control"":""I"",""service_name"":""I""}",1790171974543842107_be9fe4be
"{""ability"":""target_acquisition"",""detected_level"":""unknown"",""filename"":""/opt/zeek/logs/current/telemetry.log"",""job"":""search_man"",""nist_control"":""detect"",""service_name"":""search_man""}",2026-09-23 09:59:34.543,"{""ts"":1790084976.069322,""peer"":""zeek"",""metric_type"":""counter"",""name"":""zeek_cluster_onloop_queue_blocks_total"",""labels"":[""tag""],""label_values"":[""WebSocketEventDispatcher:127.0.0.1:27759""],""value"":0.0}",1790171974543793054,"{""ability"":""I"",""detected_level"":""S"",""filename"":""I"",""job"":""I"",""nist_control"":""I"",""service_name"":""I""}",1790171974543793054_76021997
"{""ability"":""target_acquisition"",""detected_level"":""unknown"",""filename"":""/opt/zeek/logs/current/telemetry.log"",""job"":""search_man"",""nist_control"":""detect"",""service_name"":""search_man""}",2026-09-23 09:59:34.543,"{""ts"":1790084976.069322,""peer"":""zeek"",""metric_type"":""counter"",""name"":""zeek_msgthread_out_messages_total"",""labels"":[],""label_values"":[],""value"":32.0}",1790171974543787146,"{""ability"":""I"",""detected_level"":""S"",""filename"":""I"",""job"":""I"",""nist_control"":""I"",""service_name"":""I""}",1790171974543787146_6e816ba1
"{""ability"":""target_acquisition"",""detected_level"":""unknown"",""filename"":""/opt/zeek/logs/current/telemetry.log"",""job"":""search_man"",""nist_control"":""detect"",""service_name"":""search_man""}",2026-09-23 09:59:34.543,"{""ts"":1790084976.069322,""peer"":""zeek"",""metric_type"":""counter"",""name"":""zeek_msgthread_in_messages_total"",""labels"":[],""label_values"":[],""value"":21165.0}",1790171974543665003,"{""ability"":""I"",""detected_level"":""S"",""filename"":""I"",""job"":""I"",""nist_control"":""I"",""service_name"":""I""}",1790171974543665003_6863eea6
"{""ability"":""target_acquisition"",""detected_level"":""unknown"",""filename"":""/opt/zeek/logs/current/telemetry.log"",""job"":""search_man"",""nist_control"":""detect"",""service_name"":""search_man""}",2026-09-23 09:59:34.543,"{""ts"":1790084976.069322,""peer"":""zeek"",""metric_type"":""counter"",""name"":""zeek_msgthread_threads_total"",""labels"":[],""label_values"":[],""value"":17.0}",1790171974543646087,"{""ability"":""I"",""detected_level"":""S"",""filename"":""I"",""job"":""I"",""nist_control"":""I"",""service_name"":""I""}",1790171974543646087_8329d22c
"{""ability"":""target_acquisition"",""detected_level"":""unknown"",""filename"":""/opt/zeek/logs/current/telemetry.log"",""job"":""search_man"",""nist_control"":""detect"",""service_name"":""search_man""}",2026-09-23 09:59:34.543,"{""ts"":1790084976.069322,""peer"":""zeek"",""metric_type"":""counter"",""name"":""zeek_net_link_packets_total"",""labels"":[],""label_values"":[],""value"":151338.0}",1790171974543576970,"{""ability"":""I"",""detected_level"":""S"",""filename"":""I"",""job"":""I"",""nist_control"":""I"",""service_name"":""I""}",1790171974543576970_866e6e5e
"{""ability"":""target_acquisition"",""detected_level"":""unknown"",""filename"":""/opt/zeek/logs/current/telemetry.log"",""job"":""search_man"",""nist_control"":""detect"",""service_name"":""search_man""}",2026-09-23 09:59:34.543,"{""ts"":1790084976.069322,""peer"":""zeek"",""metric_type"":""counter"",""name"":""zeek_net_dropped_packets_total"",""labels"":[],""label_values"":[],""value"":1074.0}",1790171974543566928,"{""ability"":""I"",""detected_level"":""S"",""filename"":""I"",""job"":""I"",""nist_control"":""I"",""service_name"":""I""}",1790171974543566928_c2e5547b
"{""ability"":""target_acquisition"",""detected_level"":""unknown"",""filename"":""/opt/zeek/logs/current/telemetry.log"",""job"":""search_man"",""nist_control"":""detect"",""service_name"":""search_man""}",2026-09-23 09:59:34.543,"{""ts"":1790084976.069322,""peer"":""zeek"",""metric_type"":""counter"",""name"":""zeek_net_received_packets_total"",""labels"":[],""label_values"":[],""value"":150264.0}",1790171974543562052,"{""ability"":""I"",""detected_level"":""S"",""filename"":""I"",""job"":""I"",""nist_control"":""I"",""service_name"":""I""}",1790171974543562052_55ada312
"{""ability"":""target_acquisition"",""detected_level"":""unknown"",""filename"":""/opt/zeek/logs/current/telemetry.log"",""job"":""search_man"",""nist_control"":""detect"",""service_name"":""search_man""}",2026-09-23 09:59:34.543,"{""ts"":1790084976.069322,""peer"":""zeek"",""metric_type"":""counter"",""name"":""zeek_net_received_bytes_total"",""labels"":[],""label_values"":[],""value"":102028670.0}",1790171974543479287,"{""ability"":""I"",""detected_level"":""S"",""filename"":""I"",""job"":""I"",""nist_control"":""I"",""service_name"":""I""}",1790171974543479287_e12e58c4
"{""ability"":""target_acquisition"",""detected_level"":""unknown"",""filename"":""/opt/zeek/logs/current/telemetry.log"",""job"":""search_man"",""nist_control"":""detect"",""service_name"":""search_man""}",2026-09-23 09:59:34.543,"{""ts"":1790084976.069322,""peer"":""zeek"",""metric_type"":""counter"",""name"":""zeek_log_writer_truncated_containers_total"",""labels"":[""filter_name"",""module"",""path"",""stream"",""writer""],""label_values"":[""default"",""QUIC"",""quic"",""QUIC::LOG"",""Log::WRITER_ASCII""],""value"":0.0}",1790171974543469260,"{""ability"":""I"",""detected_level"":""S"",""filename"":""I"",""job"":""I"",""nist_control"":""I"",""service_name"":""I""}",1790171974543469260_f30ab90f
"{""ability"":""target_acquisition"",""detected_level"":""unknown"",""filename"":""/opt/zeek/logs/current/telemetry.log"",""job"":""search_man"",""nist_control"":""detect"",""service_name"":""search_man""}",2026-09-23 09:59:34.543,"{""ts"":1790084976.069322,""peer"":""zeek"",""metric_type"":""counter"",""name"":""zeek_log_writer_truncated_containers_total"",""labels"":[""filter_name"",""module"",""path"",""stream"",""writer""],""label_values"":[""default"",""Known"",""known_hosts"",""Known::HOSTS_LOG"",""Log::WRITER_ASCII""],""value"":0.0}",1790171974543464351,"{""ability"":""I"",""detected_level"":""S"",""filename"":""I"",""job"":""I"",""nist_control"":""I"",""service_name"":""I""}",1790171974543464351_69324de
"{""ability"":""target_acquisition"",""detected_level"":""unknown"",""filename"":""/opt/zeek/logs/current/telemetry.log"",""job"":""search_man"",""nist_control"":""detect"",""service_name"":""search_man""}",2026-09-23 09:59:34.543,"{""ts"":1790084976.069322,""peer"":""zeek"",""metric_type"":""counter"",""name"":""zeek_log_writer_truncated_containers_total"",""labels"":[""filter_name"",""module"",""path"",""stream"",""writer""],""label_values"":[""default"",""X509"",""x509"",""X509::LOG"",""Log::WRITER_ASCII""],""value"":0.0}",1790171974543355497,"{""ability"":""I"",""detected_level"":""S"",""filename"":""I"",""job"":""I"",""nist_control"":""I"",""service_name"":""I""}",1790171974543355497_388e47fd
"{""ability"":""target_acquisition"",""detected_level"":""unknown"",""filename"":""/opt/zeek/logs/current/telemetry.log"",""job"":""search_man"",""nist_control"":""detect"",""service_name"":""search_man""}",2026-09-23 09:59:34.543,"{""ts"":1790084976.069322,""peer"":""zeek"",""metric_type"":""counter"",""name"":""zeek_log_writer_truncated_containers_total"",""labels"":[""filter_name"",""module"",""path"",""stream"",""writer""],""label_values"":[""default"",""NTP"",""ntp"",""NTP::LOG"",""Log::WRITER_ASCII""],""value"":0.0}",1790171974543319980,"{""ability"":""I"",""detected_level"":""S"",""filename"":""I"",""job"":""I"",""nist_control"":""I"",""service_name"":""I""}",1790171974543319980_98f2b6bf
"{""ability"":""target_acquisition"",""detected_level"":""unknown"",""filename"":""/opt/zeek/logs/current/telemetry.log"",""job"":""search_man"",""nist_control"":""detect"",""service_name"":""search_man""}",2026-09-23 09:59:34.543,"{""ts"":1790084976.069322,""peer"":""zeek"",""metric_type"":""counter"",""name"":""zeek_log_writer_truncated_containers_total"",""labels"":[""filter_name"",""module"",""path"",""stream"",""writer""],""label_values"":[""default"",""SSL"",""ssl"",""SSL::LOG"",""Log::WRITER_ASCII""],""value"":0.0}",1790171974543213266,"{""ability"":""I"",""detected_level"":""S"",""filename"":""I"",""job"":""I"",""nist_control"":""I"",""service_name"":""I""}",1790171974543213266_644de067
"{""ability"":""target_acquisition"",""detected_level"":""unknown"",""filename"":""/opt/zeek/logs/current/telemetry.log"",""job"":""search_man"",""nist_control"":""detect"",""service_name"":""search_man""}",2026-09-23 09:59:34.543,"{""ts"":1790084976.069322,""peer"":""zeek"",""metric_type"":""counter"",""name"":""zeek_log_writer_truncated_containers_total"",""labels"":[""filter_name"",""module"",""path"",""stream"",""writer""],""label_values"":[""default"",""Weird"",""weird"",""Weird::LOG"",""Log::WRITER_ASCII""],""value"":0.0}",1790171974543197242,"{""ability"":""I"",""detected_level"":""S"",""filename"":""I"",""job"":""I"",""nist_control"":""I"",""service_name"":""I""}",1790171974543197242_c7740de8
"{""ability"":""target_acquisition"",""detected_level"":""unknown"",""filename"":""/opt/zeek/logs/current/telemetry.log"",""job"":""search_man"",""nist_control"":""detect"",""service_name"":""search_man""}",2026-09-23 09:59:34.543,"{""ts"":1790084976.069322,""peer"":""zeek"",""metric_type"":""counter"",""name"":""zeek_log_writer_truncated_containers_total"",""labels"":[""filter_name"",""module"",""path"",""stream"",""writer""],""label_values"":[""default"",""CaptureLoss"",""capture_loss"",""CaptureLoss::LOG"",""Log::WRITER_ASCII""],""value"":0.0}",1790171974543184231,"{""ability"":""I"",""detected_level"":""S"",""filename"":""I"",""job"":""I"",""nist_control"":""I"",""service_name"":""I""}",1790171974543184231_20a34397
"{""ability"":""target_acquisition"",""detected_level"":""unknown"",""filename"":""/opt/zeek/logs/current/telemetry.log"",""job"":""search_man"",""nist_control"":""detect"",""service_name"":""search_man""}",2026-09-23 09:59:34.543,"{""ts"":1790084976.069322,""peer"":""zeek"",""metric_type"":""counter"",""name"":""zeek_log_writer_truncated_containers_total"",""labels"":[""filter_name"",""module"",""path"",""stream"",""writer""],""label_values"":[""default"",""Notice"",""notice"",""Notice::LOG"",""Log::WRITER_ASCII""],""value"":0.0}",1790171974543171519,"{""ability"":""I"",""detected_level"":""S"",""filename"":""I"",""job"":""I"",""nist_control"":""I"",""service_name"":""I""}",1790171974543171519_ac66bc41
"{""ability"":""target_acquisition"",""detected_level"":""unknown"",""filename"":""/opt/zeek/logs/current/telemetry.log"",""job"":""search_man"",""nist_control"":""detect"",""service_name"":""search_man""}",2026-09-23 09:59:34.543,"{""ts"":1790084976.069322,""peer"":""zeek"",""metric_type"":""counter"",""name"":""zeek_log_writer_truncated_containers_total"",""labels"":[""filter_name"",""module"",""path"",""stream"",""writer""],""label_values"":[""default"",""Conn"",""conn"",""Conn::LOG"",""Log::WRITER_ASCII""],""value"":0.0}",1790171974543143059,"{""ability"":""I"",""detected_level"":""S"",""filename"":""I"",""job"":""I"",""nist_control"":""I"",""service_name"":""I""}",1790171974543143059_baf3a5bf
"{""ability"":""target_acquisition"",""detected_level"":""unknown"",""filename"":""/opt/zeek/logs/current/telemetry.log"",""job"":""search_man"",""nist_control"":""detect"",""service_name"":""search_man""}",2026-09-23 09:59:34.543,"{""ts"":1790084976.069322,""peer"":""zeek"",""metric_type"":""counter"",""name"":""zeek_log_writer_truncated_containers_total"",""labels"":[""filter_name"",""module"",""path"",""stream"",""writer""],""label_values"":[""default"",""Known"",""known_services"",""Known::SERVICES_LOG"",""Log::WRITER_ASCII""],""value"":0.0}",1790171974543047865,"{""ability"":""I"",""detected_level"":""S"",""filename"":""I"",""job"":""I"",""nist_control"":""I"",""service_name"":""I""}",1790171974543047865_db476d7a
"{""ability"":""target_acquisition"",""detected_level"":""unknown"",""filename"":""/opt/zeek/logs/current/telemetry.log"",""job"":""search_man"",""nist_control"":""detect"",""service_name"":""search_man""}",2026-09-23 09:59:34.543,"{""ts"":1790084976.069322,""peer"":""zeek"",""metric_type"":""counter"",""name"":""zeek_log_writer_truncated_containers_total"",""labels"":[""filter_name"",""module"",""path"",""stream"",""writer""],""label_values"":[""default"",""DNS"",""dns"",""DNS::LOG"",""Log::WRITER_ASCII""],""value"":0.0}",1790171974543035823,"{""ability"":""I"",""detected_level"":""S"",""filename"":""I"",""job"":""I"",""nist_control"":""I"",""service_name"":""I""}",1790171974543035823_10729682
"{""ability"":""target_acquisition"",""detected_level"":""unknown"",""filename"":""/opt/zeek/logs/current/telemetry.log"",""job"":""search_man"",""nist_control"":""detect"",""service_name"":""search_man""}",2026-09-23 09:59:34.543,"{""ts"":1790084976.069322,""peer"":""zeek"",""metric_type"":""counter"",""name"":""zeek_log_writer_truncated_containers_total"",""labels"":[""filter_name"",""module"",""path"",""stream"",""writer""],""label_values"":[""default"",""Stats"",""stats"",""Stats::LOG"",""Log::WRITER_ASCII""],""value"":0.0}",1790171974543022278,"{""ability"":""I"",""detected_level"":""S"",""filename"":""I"",""job"":""I"",""nist_control"":""I"",""service_name"":""I""}",1790171974543022278_251f42a2
"{""ability"":""target_acquisition"",""detected_level"":""unknown"",""filename"":""/opt/zeek/logs/current/telemetry.log"",""job"":""search_man"",""nist_control"":""detect"",""service_name"":""search_man""}",2026-09-23 09:59:34.542,"{""ts"":1790084976.069322,""peer"":""zeek"",""metric_type"":""counter"",""name"":""zeek_log_writer_truncated_containers_total"",""labels"":[""filter_name"",""module"",""path"",""stream"",""writer""],""label_values"":[""default"",""Telemetry"",""telemetry"",""Telemetry::LOG"",""Log::WRITER_ASCII""],""value"":0.0}",1790171974542992562,"{""ability"":""I"",""detected_level"":""S"",""filename"":""I"",""job"":""I"",""nist_control"":""I"",""service_name"":""I""}",1790171974542992562_5c22e572
"{""ability"":""target_acquisition"",""detected_level"":""unknown"",""filename"":""/opt/zeek/logs/current/telemetry.log"",""job"":""search_man"",""nist_control"":""detect"",""service_name"":""search_man""}",2026-09-23 09:59:34.542,"{""ts"":1790084976.069322,""peer"":""zeek"",""metric_type"":""counter"",""name"":""zeek_log_writer_truncated_containers_total"",""labels"":[""filter_name"",""module"",""path"",""stream"",""writer""],""label_values"":[""default"",""LoadedScripts"",""loaded_scripts"",""LoadedScripts::LOG"",""Log::WRITER_ASCII""],""value"":0.0}",1790171974542868245,"{""ability"":""I"",""detected_level"":""S"",""filename"":""I"",""job"":""I"",""nist_control"":""I"",""service_name"":""I""}",1790171974542868245_b8daea91
"{""ability"":""target_acquisition"",""detected_level"":""unknown"",""filename"":""/opt/zeek/logs/current/telemetry.log"",""job"":""search_man"",""nist_control"":""detect"",""service_name"":""search_man""}",2026-09-23 09:59:34.542,"{""ts"":1790084976.069322,""peer"":""zeek"",""metric_type"":""counter"",""name"":""zeek_log_writer_truncated_containers_total"",""labels"":[""filter_name"",""module"",""path"",""stream"",""writer""],""label_values"":[""default"",""PacketFilter"",""packet_filter"",""PacketFilter::LOG"",""Log::WRITER_ASCII""],""value"":0.0}",1790171974542855581,"{""ability"":""I"",""detected_level"":""S"",""filename"":""I"",""job"":""I"",""nist_control"":""I"",""service_name"":""I""}",1790171974542855581_27842750
"{""ability"":""target_acquisition"",""detected_level"":""unknown"",""filename"":""/opt/zeek/logs/current/telemetry.log"",""job"":""search_man"",""nist_control"":""detect"",""service_name"":""search_man""}",2026-09-23 09:59:34.542,"{""ts"":1790084976.069322,""peer"":""zeek"",""metric_type"":""counter"",""name"":""zeek_log_writer_truncated_containers_total"",""labels"":[""filter_name"",""module"",""path"",""stream"",""writer""],""label_values"":[""default"",""DHCP"",""dhcp"",""DHCP::LOG"",""Log::WRITER_ASCII""],""value"":0.0}",1790171974542843259,"{""ability"":""I"",""detected_level"":""S"",""filename"":""I"",""job"":""I"",""nist_control"":""I"",""service_name"":""I""}",1790171974542843259_230c5580
"{""ability"":""target_acquisition"",""detected_level"":""unknown"",""filename"":""/opt/zeek/logs/current/telemetry.log"",""job"":""search_man"",""nist_control"":""detect"",""service_name"":""search_man""}",2026-09-23 09:59:34.542,"{""ts"":1790084976.069322,""peer"":""zeek"",""metric_type"":""counter"",""name"":""zeek_log_writer_truncated_string_fields_total"",""labels"":[""filter_name"",""module"",""path"",""stream"",""writer""],""label_values"":[""default"",""QUIC"",""quic"",""QUIC::LOG"",""Log::WRITER_ASCII""],""value"":0.0}",1790171974542814969,"{""ability"":""I"",""detected_level"":""S"",""filename"":""I"",""job"":""I"",""nist_control"":""I"",""service_name"":""I""}",1790171974542814969_aaab7a36
"{""ability"":""target_acquisition"",""detected_level"":""unknown"",""filename"":""/opt/zeek/logs/current/telemetry.log"",""job"":""search_man"",""nist_control"":""detect"",""service_name"":""search_man""}",2026-09-23 09:59:34.542,"{""ts"":1790084976.069322,""peer"":""zeek"",""metric_type"":""counter"",""name"":""zeek_log_writer_truncated_string_fields_total"",""labels"":[""filter_name"",""module"",""path"",""stream"",""writer""],""label_values"":[""default"",""Known"",""known_hosts"",""Known::HOSTS_LOG"",""Log::WRITER_ASCII""],""value"":0.0}",1790171974542720610,"{""ability"":""I"",""detected_level"":""S"",""filename"":""I"",""job"":""I"",""nist_control"":""I"",""service_name"":""I""}",1790171974542720610_5c6055f9
"{""ability"":""target_acquisition"",""detected_level"":""unknown"",""filename"":""/opt/zeek/logs/current/telemetry.log"",""job"":""search_man"",""nist_control"":""detect"",""service_name"":""search_man""}",2026-09-23 09:59:34.542,"{""ts"":1790084976.069322,""peer"":""zeek"",""metric_type"":""counter"",""name"":""zeek_log_writer_truncated_string_fields_total"",""labels"":[""filter_name"",""module"",""path"",""stream"",""writer""],""label_values"":[""default"",""X509"",""x509"",""X509::LOG"",""Log::WRITER_ASCII""],""value"":0.0}",1790171974542707406,"{""ability"":""I"",""detected_level"":""S"",""filename"":""I"",""job"":""I"",""nist_control"":""I"",""service_name"":""I""}",1790171974542707406_c0a516ac
"{""ability"":""target_acquisition"",""detected_level"":""unknown"",""filename"":""/opt/zeek/logs/current/telemetry.log"",""job"":""search_man"",""nist_control"":""detect"",""service_name"":""search_man""}",2026-09-23 09:59:34.542,"{""ts"":1790084976.069322,""peer"":""zeek"",""metric_type"":""counter"",""name"":""zeek_log_writer_truncated_string_fields_total"",""labels"":[""filter_name"",""module"",""path"",""stream"",""writer""],""label_values"":[""default"",""NTP"",""ntp"",""NTP::LOG"",""Log::WRITER_ASCII""],""value"":0.0}",1790171974542693784,"{""ability"":""I"",""detected_level"":""S"",""filename"":""I"",""job"":""I"",""nist_control"":""I"",""service_name"":""I""}",1790171974542693784_c0567f48
"{""ability"":""target_acquisition"",""detected_level"":""unknown"",""filename"":""/opt/zeek/logs/current/telemetry.log"",""job"":""search_man"",""nist_control"":""detect"",""service_name"":""search_man""}",2026-09-23 09:59:34.542,"{""ts"":1790084976.069322,""peer"":""zeek"",""metric_type"":""counter"",""name"":""zeek_log_writer_truncated_string_fields_total"",""labels"":[""filter_name"",""module"",""path"",""stream"",""writer""],""label_values"":[""default"",""SSL"",""ssl"",""SSL::LOG"",""Log::WRITER_ASCII""],""value"":0.0}",1790171974542663915,"{""ability"":""I"",""detected_level"":""S"",""filename"":""I"",""job"":""I"",""nist_control"":""I"",""service_name"":""I""}",1790171974542663915_8e9ec348
"{""ability"":""target_acquisition"",""detected_level"":""unknown"",""filename"":""/opt/zeek/logs/current/telemetry.log"",""job"":""search_man"",""nist_control"":""detect"",""service_name"":""search_man""}",2026-09-23 09:59:34.542,"{""ts"":1790084976.069322,""peer"":""zeek"",""metric_type"":""counter"",""name"":""zeek_log_writer_truncated_string_fields_total"",""labels"":[""filter_name"",""module"",""path"",""stream"",""writer""],""label_values"":[""default"",""Weird"",""weird"",""Weird::LOG"",""Log::WRITER_ASCII""],""value"":0.0}",1790171974542505602,"{""ability"":""I"",""detected_level"":""S"",""filename"":""I"",""job"":""I"",""nist_control"":""I"",""service_name"":""I""}",1790171974542505602_31013517
"{""ability"":""target_acquisition"",""detected_level"":""unknown"",""filename"":""/opt/zeek/logs/current/telemetry.log"",""job"":""search_man"",""nist_control"":""detect"",""service_name"":""search_man""}",2026-09-23 09:59:34.541,"{""ts"":1790084976.069322,""peer"":""zeek"",""metric_type"":""counter"",""name"":""zeek_log_writer_truncated_string_fields_total"",""labels"":[""filter_name"",""module"",""path"",""stream"",""writer""],""label_values"":[""default"",""CaptureLoss"",""capture_loss"",""CaptureLoss::LOG"",""Log::WRITER_ASCII""],""value"":0.0}",1790171974541885844,"{""ability"":""I"",""detected_level"":""S"",""filename"":""I"",""job"":""I"",""nist_control"":""I"",""service_name"":""I""}",1790171974541885844_987580b6
"{""ability"":""target_acquisition"",""detected_level"":""unknown"",""filename"":""/opt/zeek/logs/current/telemetry.log"",""job"":""search_man"",""nist_control"":""detect"",""service_name"":""search_man""}",2026-09-23 09:59:34.541,"{""ts"":1790084976.069322,""peer"":""zeek"",""metric_type"":""counter"",""name"":""zeek_log_writer_truncated_string_fields_total"",""labels"":[""filter_name"",""module"",""path"",""stream"",""writer""],""label_values"":[""default"",""Notice"",""notice"",""Notice::LOG"",""Log::WRITER_ASCII""],""value"":0.0}",1790171974541701890,"{""ability"":""I"",""detected_level"":""S"",""filename"":""I"",""job"":""I"",""nist_control"":""I"",""service_name"":""I""}",1790171974541701890_693b6584
"{""ability"":""target_acquisition"",""detected_level"":""unknown"",""filename"":""/opt/zeek/logs/current/telemetry.log"",""job"":""search_man"",""nist_control"":""detect"",""service_name"":""search_man""}",2026-09-23 09:59:34.541,"{""ts"":1790084976.069322,""peer"":""zeek"",""metric_type"":""counter"",""name"":""zeek_log_writer_truncated_string_fields_total"",""labels"":[""filter_name"",""module"",""path"",""stream"",""writer""],""label_values"":[""default"",""Conn"",""conn"",""Conn::LOG"",""Log::WRITER_ASCII""],""value"":0.0}",1790171974541635964,"{""ability"":""I"",""detected_level"":""S"",""filename"":""I"",""job"":""I"",""nist_control"":""I"",""service_name"":""I""}",1790171974541635964_143a14e2
"{""ability"":""target_acquisition"",""detected_level"":""unknown"",""filename"":""/opt/zeek/logs/current/telemetry.log"",""job"":""search_man"",""nist_control"":""detect"",""service_name"":""search_man""}",2026-09-23 09:59:34.541,"{""ts"":1790084976.069322,""peer"":""zeek"",""metric_type"":""counter"",""name"":""zeek_log_writer_truncated_string_fields_total"",""labels"":[""filter_name"",""module"",""path"",""stream"",""writer""],""label_values"":[""default"",""Known"",""known_services"",""Known::SERVICES_LOG"",""Log::WRITER_ASCII""],""value"":0.0}",1790171974541622787,"{""ability"":""I"",""detected_level"":""S"",""filename"":""I"",""job"":""I"",""nist_control"":""I"",""service_name"":""I""}",1790171974541622787_5faff67d
"{""ability"":""target_acquisition"",""detected_level"":""unknown"",""filename"":""/opt/zeek/logs/current/telemetry.log"",""job"":""search_man"",""nist_control"":""detect"",""service_name"":""search_man""}",2026-09-23 09:59:34.541,"{""ts"":1790084976.069322,""peer"":""zeek"",""metric_type"":""counter"",""name"":""zeek_log_writer_truncated_string_fields_total"",""labels"":[""filter_name"",""module"",""path"",""stream"",""writer""],""label_values"":[""default"",""DNS"",""dns"",""DNS::LOG"",""Log::WRITER_ASCII""],""value"":0.0}",1790171974541605193,"{""ability"":""I"",""detected_level"":""S"",""filename"":""I"",""job"":""I"",""nist_control"":""I"",""service_name"":""I""}",1790171974541605193_253399b5
"{""ability"":""target_acquisition"",""detected_level"":""unknown"",""filename"":""/opt/zeek/logs/current/telemetry.log"",""job"":""search_man"",""nist_control"":""detect"",""service_name"":""search_man""}",2026-09-23 09:59:34.541,"{""ts"":1790084976.069322,""peer"":""zeek"",""metric_type"":""counter"",""name"":""zeek_log_writer_truncated_string_fields_total"",""labels"":[""filter_name"",""module"",""path"",""stream"",""writer""],""label_values"":[""default"",""Stats"",""stats"",""Stats::LOG"",""Log::WRITER_ASCII""],""value"":0.0}",1790171974541105130,"{""ability"":""I"",""detected_level"":""S"",""filename"":""I"",""job"":""I"",""nist_control"":""I"",""service_name"":""I""}",1790171974541105130_91c29ac9
"{""ability"":""target_acquisition"",""detected_level"":""unknown"",""filename"":""/opt/zeek/logs/current/telemetry.log"",""job"":""search_man"",""nist_control"":""detect"",""service_name"":""search_man""}",2026-09-23 09:59:34.541,"{""ts"":1790084976.069322,""peer"":""zeek"",""metric_type"":""counter"",""name"":""zeek_log_writer_truncated_string_fields_total"",""labels"":[""filter_name"",""module"",""path"",""stream"",""writer""],""label_values"":[""default"",""Telemetry"",""telemetry"",""Telemetry::LOG"",""Log::WRITER_ASCII""],""value"":0.0}",1790171974541084021,"{""ability"":""I"",""detected_level"":""S"",""filename"":""I"",""job"":""I"",""nist_control"":""I"",""service_name"":""I""}",1790171974541084021_993bb561
"{""ability"":""target_acquisition"",""detected_level"":""unknown"",""filename"":""/opt/zeek/logs/current/telemetry.log"",""job"":""search_man"",""nist_control"":""detect"",""service_name"":""search_man""}",2026-09-23 09:59:34.541,"{""ts"":1790084976.069322,""peer"":""zeek"",""metric_type"":""counter"",""name"":""zeek_log_writer_truncated_string_fields_total"",""labels"":[""filter_name"",""module"",""path"",""stream"",""writer""],""label_values"":[""default"",""LoadedScripts"",""loaded_scripts"",""LoadedScripts::LOG"",""Log::WRITER_ASCII""],""value"":0.0}",1790171974541074536,"{""ability"":""I"",""detected_level"":""S"",""filename"":""I"",""job"":""I"",""nist_control"":""I"",""service_name"":""I""}",1790171974541074536_148e87bc
"{""ability"":""target_acquisition"",""detected_level"":""unknown"",""filename"":""/opt/zeek/logs/current/telemetry.log"",""job"":""search_man"",""nist_control"":""detect"",""service_name"":""search_man""}",2026-09-23 09:59:34.541,"{""ts"":1790084976.069322,""peer"":""zeek"",""metric_type"":""counter"",""name"":""zeek_log_writer_truncated_string_fields_total"",""labels"":[""filter_name"",""module"",""path"",""stream"",""writer""],""label_values"":[""default"",""PacketFilter"",""packet_filter"",""PacketFilter::LOG"",""Log::WRITER_ASCII""],""value"":0.0}",1790171974541068602,"{""ability"":""I"",""detected_level"":""S"",""filename"":""I"",""job"":""I"",""nist_control"":""I"",""service_name"":""I""}",1790171974541068602_4ff766e3
"{""ability"":""target_acquisition"",""detected_level"":""unknown"",""filename"":""/opt/zeek/logs/current/telemetry.log"",""job"":""search_man"",""nist_control"":""detect"",""service_name"":""search_man""}",2026-09-23 09:59:34.540,"{""ts"":1790084976.069322,""peer"":""zeek"",""metric_type"":""counter"",""name"":""zeek_log_writer_truncated_string_fields_total"",""labels"":[""filter_name"",""module"",""path"",""stream"",""writer""],""label_values"":[""default"",""DHCP"",""dhcp"",""DHCP::LOG"",""Log::WRITER_ASCII""],""value"":0.0}",1790171974540975698,"{""ability"":""I"",""detected_level"":""S"",""filename"":""I"",""job"":""I"",""nist_control"":""I"",""service_name"":""I""}",1790171974540975698_b98e19a1
"{""ability"":""target_acquisition"",""detected_level"":""unknown"",""filename"":""/opt/zeek/logs/current/telemetry.log"",""job"":""search_man"",""nist_control"":""detect"",""service_name"":""search_man""}",2026-09-23 09:59:34.540,"{""ts"":1790084976.069322,""peer"":""zeek"",""metric_type"":""counter"",""name"":""zeek_log_writer_discarded_writes_total"",""labels"":[""filter_name"",""module"",""path"",""stream"",""writer""],""label_values"":[""default"",""QUIC"",""quic"",""QUIC::LOG"",""Log::WRITER_ASCII""],""value"":0.0}",1790171974540959957,"{""ability"":""I"",""detected_level"":""S"",""filename"":""I"",""job"":""I"",""nist_control"":""I"",""service_name"":""I""}",1790171974540959957_493c4dc
"{""ability"":""target_acquisition"",""detected_level"":""unknown"",""filename"":""/opt/zeek/logs/current/telemetry.log"",""job"":""search_man"",""nist_control"":""detect"",""service_name"":""search_man""}",2026-09-23 09:59:34.540,"{""ts"":1790084976.069322,""peer"":""zeek"",""metric_type"":""counter"",""name"":""zeek_log_writer_discarded_writes_total"",""labels"":[""filter_name"",""module"",""path"",""stream"",""writer""],""label_values"":[""default"",""Known"",""known_hosts"",""Known::HOSTS_LOG"",""Log::WRITER_ASCII""],""value"":0.0}",1790171974540947753,"{""ability"":""I"",""detected_level"":""S"",""filename"":""I"",""job"":""I"",""nist_control"":""I"",""service_name"":""I""}",1790171974540947753_476d854b
"{""ability"":""target_acquisition"",""detected_level"":""unknown"",""filename"":""/opt/zeek/logs/current/telemetry.log"",""job"":""search_man"",""nist_control"":""detect"",""service_name"":""search_man""}",2026-09-23 09:59:34.540,"{""ts"":1790084976.069322,""peer"":""zeek"",""metric_type"":""counter"",""name"":""zeek_log_writer_discarded_writes_total"",""labels"":[""filter_name"",""module"",""path"",""stream"",""writer""],""label_values"":[""default"",""X509"",""x509"",""X509::LOG"",""Log::WRITER_ASCII""],""value"":0.0}",1790171974540938604,"{""ability"":""I"",""detected_level"":""S"",""filename"":""I"",""job"":""I"",""nist_control"":""I"",""service_name"":""I""}",1790171974540938604_53672be6
"{""ability"":""target_acquisition"",""detected_level"":""unknown"",""filename"":""/opt/zeek/logs/current/telemetry.log"",""job"":""search_man"",""nist_control"":""detect"",""service_name"":""search_man""}",2026-09-23 09:59:34.540,"{""ts"":1790084976.069322,""peer"":""zeek"",""metric_type"":""counter"",""name"":""zeek_log_writer_discarded_writes_total"",""labels"":[""filter_name"",""module"",""path"",""stream"",""writer""],""label_values"":[""default"",""NTP"",""ntp"",""NTP::LOG"",""Log::WRITER_ASCII""],""value"":0.0}",1790171974540934052,"{""ability"":""I"",""detected_level"":""S"",""filename"":""I"",""job"":""I"",""nist_control"":""I"",""service_name"":""I""}",1790171974540934052_e54ea95a
"{""ability"":""target_acquisition"",""detected_level"":""unknown"",""filename"":""/opt/zeek/logs/current/telemetry.log"",""job"":""search_man"",""nist_control"":""detect"",""service_name"":""search_man""}",2026-09-23 09:59:34.540,"{""ts"":1790084976.069322,""peer"":""zeek"",""metric_type"":""counter"",""name"":""zeek_log_writer_discarded_writes_total"",""labels"":[""filter_name"",""module"",""path"",""stream"",""writer""],""label_values"":[""default"",""SSL"",""ssl"",""SSL::LOG"",""Log::WRITER_ASCII""],""value"":0.0}",1790171974540865887,"{""ability"":""I"",""detected_level"":""S"",""filename"":""I"",""job"":""I"",""nist_control"":""I"",""service_name"":""I""}",1790171974540865887_aba36b96
"{""ability"":""target_acquisition"",""detected_level"":""unknown"",""filename"":""/opt/zeek/logs/current/telemetry.log"",""job"":""search_man"",""nist_control"":""detect"",""service_name"":""search_man""}",2026-09-23 09:59:34.540,"{""ts"":1790084976.069322,""peer"":""zeek"",""metric_type"":""counter"",""name"":""zeek_log_writer_discarded_writes_total"",""labels"":[""filter_name"",""module"",""path"",""stream"",""writer""],""label_values"":[""default"",""Weird"",""weird"",""Weird::LOG"",""Log::WRITER_ASCII""],""value"":0.0}",1790171974540850644,"{""ability"":""I"",""detected_level"":""S"",""filename"":""I"",""job"":""I"",""nist_control"":""I"",""service_name"":""I""}",1790171974540850644_bb645c6d
"{""ability"":""target_acquisition"",""detected_level"":""unknown"",""filename"":""/opt/zeek/logs/current/telemetry.log"",""job"":""search_man"",""nist_control"":""detect"",""service_name"":""search_man""}",2026-09-23 09:59:34.540,"{""ts"":1790084976.069322,""peer"":""zeek"",""metric_type"":""counter"",""name"":""zeek_log_writer_discarded_writes_total"",""labels"":[""filter_name"",""module"",""path"",""stream"",""writer""],""label_values"":[""default"",""CaptureLoss"",""capture_loss"",""CaptureLoss::LOG"",""Log::WRITER_ASCII""],""value"":0.0}",1790171974540837898,"{""ability"":""I"",""detected_level"":""S"",""filename"":""I"",""job"":""I"",""nist_control"":""I"",""service_name"":""I""}",1790171974540837898_8358638
"{""ability"":""target_acquisition"",""detected_level"":""unknown"",""filename"":""/opt/zeek/logs/current/telemetry.log"",""job"":""search_man"",""nist_control"":""detect"",""service_name"":""search_man""}",2026-09-23 09:59:34.540,"{""ts"":1790084976.069322,""peer"":""zeek"",""metric_type"":""counter"",""name"":""zeek_log_writer_discarded_writes_total"",""labels"":[""filter_name"",""module"",""path"",""stream"",""writer""],""label_values"":[""default"",""Notice"",""notice"",""Notice::LOG"",""Log::WRITER_ASCII""],""value"":0.0}",1790171974540828522,"{""ability"":""I"",""detected_level"":""S"",""filename"":""I"",""job"":""I"",""nist_control"":""I"",""service_name"":""I""}",1790171974540828522_f94c035a
"{""ability"":""target_acquisition"",""detected_level"":""unknown"",""filename"":""/opt/zeek/logs/current/telemetry.log"",""job"":""search_man"",""nist_control"":""detect"",""service_name"":""search_man""}",2026-09-23 09:59:34.540,"{""ts"":1790084976.069322,""peer"":""zeek"",""metric_type"":""counter"",""name"":""zeek_log_writer_discarded_writes_total"",""labels"":[""filter_name"",""module"",""path"",""stream"",""writer""],""label_values"":[""default"",""Conn"",""conn"",""Conn::LOG"",""Log::WRITER_ASCII""],""value"":0.0}",1790171974540823766,"{""ability"":""I"",""detected_level"":""S"",""filename"":""I"",""job"":""I"",""nist_control"":""I"",""service_name"":""I""}",1790171974540823766_53b7da5c
"{""ability"":""target_acquisition"",""detected_level"":""unknown"",""filename"":""/opt/zeek/logs/current/telemetry.log"",""job"":""search_man"",""nist_control"":""detect"",""service_name"":""search_man""}",2026-09-23 09:59:34.540,"{""ts"":1790084976.069322,""peer"":""zeek"",""metric_type"":""counter"",""name"":""zeek_log_writer_discarded_writes_total"",""labels"":[""filter_name"",""module"",""path"",""stream"",""writer""],""label_values"":[""default"",""Known"",""known_services"",""Known::SERVICES_LOG"",""Log::WRITER_ASCII""],""value"":0.0}",1790171974540753061,"{""ability"":""I"",""detected_level"":""S"",""filename"":""I"",""job"":""I"",""nist_control"":""I"",""service_name"":""I""}",1790171974540753061_3c851d97
"{""ability"":""target_acquisition"",""detected_level"":""unknown"",""filename"":""/opt/zeek/logs/current/telemetry.log"",""job"":""search_man"",""nist_control"":""detect"",""service_name"":""search_man""}",2026-09-23 09:59:34.540,"{""ts"":1790084976.069322,""peer"":""zeek"",""metric_type"":""counter"",""name"":""zeek_log_writer_discarded_writes_total"",""labels"":[""filter_name"",""module"",""path"",""stream"",""writer""],""label_values"":[""default"",""DNS"",""dns"",""DNS::LOG"",""Log::WRITER_ASCII""],""value"":0.0}",1790171974540735441,"{""ability"":""I"",""detected_level"":""S"",""filename"":""I"",""job"":""I"",""nist_control"":""I"",""service_name"":""I""}",1790171974540735441_eab67fd3
"{""ability"":""target_acquisition"",""detected_level"":""unknown"",""filename"":""/opt/zeek/logs/current/telemetry.log"",""job"":""search_man"",""nist_control"":""detect"",""service_name"":""search_man""}",2026-09-23 09:59:34.540,"{""ts"":1790084976.069322,""peer"":""zeek"",""metric_type"":""counter"",""name"":""zeek_log_writer_discarded_writes_total"",""labels"":[""filter_name"",""module"",""path"",""stream"",""writer""],""label_values"":[""default"",""Stats"",""stats"",""Stats::LOG"",""Log::WRITER_ASCII""],""value"":0.0}",1790171974540715478,"{""ability"":""I"",""detected_level"":""S"",""filename"":""I"",""job"":""I"",""nist_control"":""I"",""service_name"":""I""}",1790171974540715478_1ef0752f
"{""ability"":""target_acquisition"",""detected_level"":""unknown"",""filename"":""/opt/zeek/logs/current/telemetry.log"",""job"":""search_man"",""nist_control"":""detect"",""service_name"":""search_man""}",2026-09-23 09:59:34.540,"{""ts"":1790084976.069322,""peer"":""zeek"",""metric_type"":""counter"",""name"":""zeek_log_writer_discarded_writes_total"",""labels"":[""filter_name"",""module"",""path"",""stream"",""writer""],""label_values"":[""default"",""Telemetry"",""telemetry"",""Telemetry::LOG"",""Log::WRITER_ASCII""],""value"":0.0}",1790171974540706344,"{""ability"":""I"",""detected_level"":""S"",""filename"":""I"",""job"":""I"",""nist_control"":""I"",""service_name"":""I""}",1790171974540706344_8eff748b
"{""ability"":""target_acquisition"",""detected_level"":""unknown"",""filename"":""/opt/zeek/logs/current/telemetry.log"",""job"":""search_man"",""nist_control"":""detect"",""service_name"":""search_man""}",2026-09-23 09:59:34.540,"{""ts"":1790084976.069322,""peer"":""zeek"",""metric_type"":""counter"",""name"":""zeek_log_writer_discarded_writes_total"",""labels"":[""filter_name"",""module"",""path"",""stream"",""writer""],""label_values"":[""default"",""LoadedScripts"",""loaded_scripts"",""LoadedScripts::LOG"",""Log::WRITER_ASCII""],""value"":0.0}",1790171974540701718,"{""ability"":""I"",""detected_level"":""S"",""filename"":""I"",""job"":""I"",""nist_control"":""I"",""service_name"":""I""}",1790171974540701718_9991f43e
"{""ability"":""target_acquisition"",""detected_level"":""unknown"",""filename"":""/opt/zeek/logs/current/telemetry.log"",""job"":""search_man"",""nist_control"":""detect"",""service_name"":""search_man""}",2026-09-23 09:59:34.540,"{""ts"":1790084976.069322,""peer"":""zeek"",""metric_type"":""counter"",""name"":""zeek_log_writer_discarded_writes_total"",""labels"":[""filter_name"",""module"",""path"",""stream"",""writer""],""label_values"":[""default"",""PacketFilter"",""packet_filter"",""PacketFilter::LOG"",""Log::WRITER_ASCII""],""value"":0.0}",1790171974540632336,"{""ability"":""I"",""detected_level"":""S"",""filename"":""I"",""job"":""I"",""nist_control"":""I"",""service_name"":""I""}",1790171974540632336_45447345
"{""ability"":""target_acquisition"",""detected_level"":""unknown"",""filename"":""/opt/zeek/logs/current/telemetry.log"",""job"":""search_man"",""nist_control"":""detect"",""service_name"":""search_man""}",2026-09-23 09:59:34.540,"{""ts"":1790084976.069322,""peer"":""zeek"",""metric_type"":""counter"",""name"":""zeek_log_writer_discarded_writes_total"",""labels"":[""filter_name"",""module"",""path"",""stream"",""writer""],""label_values"":[""default"",""DHCP"",""dhcp"",""DHCP::LOG"",""Log::WRITER_ASCII""],""value"":0.0}",1790171974540617032,"{""ability"":""I"",""detected_level"":""S"",""filename"":""I"",""job"":""I"",""nist_control"":""I"",""service_name"":""I""}",1790171974540617032_5d4ea377
"{""ability"":""target_acquisition"",""detected_level"":""unknown"",""filename"":""/opt/zeek/logs/current/telemetry.log"",""job"":""search_man"",""nist_control"":""detect"",""service_name"":""search_man""}",2026-09-23 09:59:34.540,"{""ts"":1790084976.069322,""peer"":""zeek"",""metric_type"":""counter"",""name"":""zeek_log_writer_writes_total"",""labels"":[""filter_name"",""module"",""path"",""stream"",""writer""],""label_values"":[""default"",""QUIC"",""quic"",""QUIC::LOG"",""Log::WRITER_ASCII""],""value"":123.0}",1790171974540604197,"{""ability"":""I"",""detected_level"":""S"",""filename"":""I"",""job"":""I"",""nist_control"":""I"",""service_name"":""I""}",1790171974540604197_410419c8
"{""ability"":""target_acquisition"",""detected_level"":""unknown"",""filename"":""/opt/zeek/logs/current/telemetry.log"",""job"":""search_man"",""nist_control"":""detect"",""service_name"":""search_man""}",2026-09-23 09:59:34.540,"{""ts"":1790084976.069322,""peer"":""zeek"",""metric_type"":""counter"",""name"":""zeek_log_writer_writes_total"",""labels"":[""filter_name"",""module"",""path"",""stream"",""writer""],""label_values"":[""default"",""Known"",""known_hosts"",""Known::HOSTS_LOG"",""Log::WRITER_ASCII""],""value"":1.0}",1790171974540594653,"{""ability"":""I"",""detected_level"":""S"",""filename"":""I"",""job"":""I"",""nist_control"":""I"",""service_name"":""I""}",1790171974540594653_29cc5f9e
"{""ability"":""target_acquisition"",""detected_level"":""unknown"",""filename"":""/opt/zeek/logs/current/telemetry.log"",""job"":""search_man"",""nist_control"":""detect"",""service_name"":""search_man""}",2026-09-23 09:59:34.540,"{""ts"":1790084976.069322,""peer"":""zeek"",""metric_type"":""counter"",""name"":""zeek_log_writer_writes_total"",""labels"":[""filter_name"",""module"",""path"",""stream"",""writer""],""label_values"":[""default"",""X509"",""x509"",""X509::LOG"",""Log::WRITER_ASCII""],""value"":2.0}",1790171974540589626,"{""ability"":""I"",""detected_level"":""S"",""filename"":""I"",""job"":""I"",""nist_control"":""I"",""service_name"":""I""}",1790171974540589626_c8321f68
"{""ability"":""target_acquisition"",""detected_level"":""unknown"",""filename"":""/opt/zeek/logs/current/telemetry.log"",""job"":""search_man"",""nist_control"":""detect"",""service_name"":""search_man""}",2026-09-23 09:59:34.540,"{""ts"":1790084976.069322,""peer"":""zeek"",""metric_type"":""counter"",""name"":""zeek_log_writer_writes_total"",""labels"":[""filter_name"",""module"",""path"",""stream"",""writer""],""label_values"":[""default"",""NTP"",""ntp"",""NTP::LOG"",""Log::WRITER_ASCII""],""value"":8.0}",1790171974540521432,"{""ability"":""I"",""detected_level"":""S"",""filename"":""I"",""job"":""I"",""nist_control"":""I"",""service_name"":""I""}",1790171974540521432_c72e8e7e
"{""ability"":""target_acquisition"",""detected_level"":""unknown"",""filename"":""/opt/zeek/logs/current/telemetry.log"",""job"":""search_man"",""nist_control"":""detect"",""service_name"":""search_man""}",2026-09-23 09:59:34.540,"{""ts"":1790084976.069322,""peer"":""zeek"",""metric_type"":""counter"",""name"":""zeek_log_writer_writes_total"",""labels"":[""filter_name"",""module"",""path"",""stream"",""writer""],""label_values"":[""default"",""SSL"",""ssl"",""SSL::LOG"",""Log::WRITER_ASCII""],""value"":313.0}",1790171974540505927,"{""ability"":""I"",""detected_level"":""S"",""filename"":""I"",""job"":""I"",""nist_control"":""I"",""service_name"":""I""}",1790171974540505927_19373651
"{""ability"":""target_acquisition"",""detected_level"":""unknown"",""filename"":""/opt/zeek/logs/current/telemetry.log"",""job"":""search_man"",""nist_control"":""detect"",""service_name"":""search_man""}",2026-09-23 09:59:34.540,"{""ts"":1790084976.069322,""peer"":""zeek"",""metric_type"":""counter"",""name"":""zeek_log_writer_writes_total"",""labels"":[""filter_name"",""module"",""path"",""stream"",""writer""],""label_values"":[""default"",""Weird"",""weird"",""Weird::LOG"",""Log::WRITER_ASCII""],""value"":6.0}",1790171974540494309,"{""ability"":""I"",""detected_level"":""S"",""filename"":""I"",""job"":""I"",""nist_control"":""I"",""service_name"":""I""}",1790171974540494309_3ad2176f
"{""ability"":""target_acquisition"",""detected_level"":""unknown"",""filename"":""/opt/zeek/logs/current/telemetry.log"",""job"":""search_man"",""nist_control"":""detect"",""service_name"":""search_man""}",2026-09-23 09:59:34.540,"{""ts"":1790084976.069322,""peer"":""zeek"",""metric_type"":""counter"",""name"":""zeek_log_writer_writes_total"",""labels"":[""filter_name"",""module"",""path"",""stream"",""writer""],""label_values"":[""default"",""CaptureLoss"",""capture_loss"",""CaptureLoss::LOG"",""Log::WRITER_ASCII""],""value"":12.0}",1790171974540485337,"{""ability"":""I"",""detected_level"":""S"",""filename"":""I"",""job"":""I"",""nist_control"":""I"",""service_name"":""I""}",1790171974540485337_7eaad4fd
"{""ability"":""target_acquisition"",""detected_level"":""unknown"",""filename"":""/opt/zeek/logs/current/telemetry.log"",""job"":""search_man"",""nist_control"":""detect"",""service_name"":""search_man""}",2026-09-23 09:59:34.540,"{""ts"":1790084976.069322,""peer"":""zeek"",""metric_type"":""counter"",""name"":""zeek_log_writer_writes_total"",""labels"":[""filter_name"",""module"",""path"",""stream"",""writer""],""label_values"":[""default"",""Notice"",""notice"",""Notice::LOG"",""Log::WRITER_ASCII""],""value"":3.0}",1790171974540480543,"{""ability"":""I"",""detected_level"":""S"",""filename"":""I"",""job"":""I"",""nist_control"":""I"",""service_name"":""I""}",1790171974540480543_bec0060d
"{""ability"":""target_acquisition"",""detected_level"":""unknown"",""filename"":""/opt/zeek/logs/current/telemetry.log"",""job"":""search_man"",""nist_control"":""detect"",""service_name"":""search_man""}",2026-09-23 09:59:34.540,"{""ts"":1790084976.069322,""peer"":""zeek"",""metric_type"":""counter"",""name"":""zeek_log_writer_writes_total"",""labels"":[""filter_name"",""module"",""path"",""stream"",""writer""],""label_values"":[""default"",""Conn"",""conn"",""Conn::LOG"",""Log::WRITER_ASCII""],""value"":2837.0}",1790171974540410519,"{""ability"":""I"",""detected_level"":""S"",""filename"":""I"",""job"":""I"",""nist_control"":""I"",""service_name"":""I""}",1790171974540410519_d421a584
"{""ability"":""target_acquisition"",""detected_level"":""unknown"",""filename"":""/opt/zeek/logs/current/telemetry.log"",""job"":""search_man"",""nist_control"":""detect"",""service_name"":""search_man""}",2026-09-23 09:59:34.540,"{""ts"":1790084976.069322,""peer"":""zeek"",""metric_type"":""counter"",""name"":""zeek_log_writer_writes_total"",""labels"":[""filter_name"",""module"",""path"",""stream"",""writer""],""label_values"":[""default"",""Known"",""known_services"",""Known::SERVICES_LOG"",""Log::WRITER_ASCII""],""value"":2.0}",1790171974540392698,"{""ability"":""I"",""detected_level"":""S"",""filename"":""I"",""job"":""I"",""nist_control"":""I"",""service_name"":""I""}",1790171974540392698_593742b9
"{""ability"":""target_acquisition"",""detected_level"":""unknown"",""filename"":""/opt/zeek/logs/current/telemetry.log"",""job"":""search_man"",""nist_control"":""detect"",""service_name"":""search_man""}",2026-09-23 09:59:34.540,"{""ts"":1790084976.069322,""peer"":""zeek"",""metric_type"":""counter"",""name"":""zeek_log_writer_writes_total"",""labels"":[""filter_name"",""module"",""path"",""stream"",""writer""],""label_values"":[""default"",""DNS"",""dns"",""DNS::LOG"",""Log::WRITER_ASCII""],""value"":26924.0}",1790171974540372296,"{""ability"":""I"",""detected_level"":""S"",""filename"":""I"",""job"":""I"",""nist_control"":""I"",""service_name"":""I""}",1790171974540372296_4e55cc40
"{""ability"":""target_acquisition"",""detected_level"":""unknown"",""filename"":""/opt/zeek/logs/current/telemetry.log"",""job"":""search_man"",""nist_control"":""detect"",""service_name"":""search_man""}",2026-09-23 09:59:34.540,"{""ts"":1790084976.069322,""peer"":""zeek"",""metric_type"":""counter"",""name"":""zeek_log_writer_writes_total"",""labels"":[""filter_name"",""module"",""path"",""stream"",""writer""],""label_values"":[""default"",""Stats"",""stats"",""Stats::LOG"",""Log::WRITER_ASCII""],""value"":34.0}",1790171974540362882,"{""ability"":""I"",""detected_level"":""S"",""filename"":""I"",""job"":""I"",""nist_control"":""I"",""service_name"":""I""}",1790171974540362882_381db038
"{""ability"":""target_acquisition"",""detected_level"":""unknown"",""filename"":""/opt/zeek/logs/current/telemetry.log"",""job"":""search_man"",""nist_control"":""detect"",""service_name"":""search_man""}",2026-09-23 09:59:34.540,"{""ts"":1790084976.069322,""peer"":""zeek"",""metric_type"":""counter"",""name"":""zeek_log_writer_writes_total"",""labels"":[""filter_name"",""module"",""path"",""stream"",""writer""],""label_values"":[""default"",""Telemetry"",""telemetry"",""Telemetry::LOG"",""Log::WRITER_ASCII""],""value"":42264.0}",1790171974540358018,"{""ability"":""I"",""detected_level"":""S"",""filename"":""I"",""job"":""I"",""nist_control"":""I"",""service_name"":""I""}",1790171974540358018_5b7e2c29
"{""ability"":""target_acquisition"",""detected_level"":""unknown"",""filename"":""/opt/zeek/logs/current/telemetry.log"",""job"":""search_man"",""nist_control"":""detect"",""service_name"":""search_man""}",2026-09-23 09:59:34.540,"{""ts"":1790084976.069322,""peer"":""zeek"",""metric_type"":""counter"",""name"":""zeek_log_writer_writes_total"",""labels"":[""filter_name"",""module"",""path"",""stream"",""writer""],""label_values"":[""default"",""LoadedScripts"",""loaded_scripts"",""LoadedScripts::LOG"",""Log::WRITER_ASCII""],""value"":559.0}",1790171974540286594,"{""ability"":""I"",""detected_level"":""S"",""filename"":""I"",""job"":""I"",""nist_control"":""I"",""service_name"":""I""}",1790171974540286594_81a4d705
"{""ability"":""target_acquisition"",""detected_level"":""unknown"",""filename"":""/opt/zeek/logs/current/telemetry.log"",""job"":""search_man"",""nist_control"":""detect"",""service_name"":""search_man""}",2026-09-23 09:59:34.540,"{""ts"":1790084976.069322,""peer"":""zeek"",""metric_type"":""counter"",""name"":""zeek_log_writer_writes_total"",""labels"":[""filter_name"",""module"",""path"",""stream"",""writer""],""label_values"":[""default"",""PacketFilter"",""packet_filter"",""PacketFilter::LOG"",""Log::WRITER_ASCII""],""value"":1.0}",1790171974540269230,"{""ability"":""I"",""detected_level"":""S"",""filename"":""I"",""job"":""I"",""nist_control"":""I"",""service_name"":""I""}",1790171974540269230_a14ff540
"{""ability"":""target_acquisition"",""detected_level"":""unknown"",""filename"":""/opt/zeek/logs/current/telemetry.log"",""job"":""search_man"",""nist_control"":""detect"",""service_name"":""search_man""}",2026-09-23 09:59:34.540,"{""ts"":1790084976.069322,""peer"":""zeek"",""metric_type"":""counter"",""name"":""zeek_log_writer_writes_total"",""labels"":[""filter_name"",""module"",""path"",""stream"",""writer""],""label_values"":[""default"",""DHCP"",""dhcp"",""DHCP::LOG"",""Log::WRITER_ASCII""],""value"":16.0}",1790171974540256348,"{""ability"":""I"",""detected_level"":""S"",""filename"":""I"",""job"":""I"",""nist_control"":""I"",""service_name"":""I""}",1790171974540256348_dc4db10c
"{""ability"":""target_acquisition"",""detected_level"":""unknown"",""filename"":""/opt/zeek/logs/current/telemetry.log"",""job"":""search_man"",""nist_control"":""detect"",""service_name"":""search_man""}",2026-09-23 09:59:34.540,"{""ts"":1790084976.069322,""peer"":""zeek"",""metric_type"":""counter"",""name"":""zeek_log_stream_writes_total"",""labels"":[""module"",""stream""],""label_values"":[""Files"",""Files::LOG""],""value"":15.0}",1790171974540245999,"{""ability"":""I"",""detected_level"":""S"",""filename"":""I"",""job"":""I"",""nist_control"":""I"",""service_name"":""I""}",1790171974540245999_5d0f8b21
"{""ability"":""target_acquisition"",""detected_level"":""unknown"",""filename"":""/opt/zeek/logs/current/telemetry.log"",""job"":""search_man"",""nist_control"":""detect"",""service_name"":""search_man""}",2026-09-23 09:59:34.540,"{""ts"":1790084976.069322,""peer"":""zeek"",""metric_type"":""counter"",""name"":""zeek_log_stream_writes_total"",""labels"":[""module"",""stream""],""label_values"":[""Stats"",""Stats::LOG""],""value"":34.0}",1790171974540240970,"{""ability"":""I"",""detected_level"":""S"",""filename"":""I"",""job"":""I"",""nist_control"":""I"",""service_name"":""I""}",1790171974540240970_e70d3816
"{""ability"":""target_acquisition"",""detected_level"":""unknown"",""filename"":""/opt/zeek/logs/current/telemetry.log"",""job"":""search_man"",""nist_control"":""detect"",""service_name"":""search_man""}",2026-09-23 09:59:34.540,"{""ts"":1790084976.069322,""peer"":""zeek"",""metric_type"":""counter"",""name"":""zeek_log_stream_writes_total"",""labels"":[""module"",""stream""],""label_values"":[""X509"",""X509::LOG""],""value"":4.0}",1790171974540139082,"{""ability"":""I"",""detected_level"":""S"",""filename"":""I"",""job"":""I"",""nist_control"":""I"",""service_name"":""I""}",1790171974540139082_e3f6d05d
"{""ability"":""target_acquisition"",""detected_level"":""unknown"",""filename"":""/opt/zeek/logs/current/telemetry.log"",""job"":""search_man"",""nist_control"":""detect"",""service_name"":""search_man""}",2026-09-23 09:59:34.540,"{""ts"":1790084976.069322,""peer"":""zeek"",""metric_type"":""counter"",""name"":""zeek_log_stream_writes_total"",""labels"":[""module"",""stream""],""label_values"":[""Known"",""Known::HOSTS_LOG""],""value"":1.0}",1790171974540123568,"{""ability"":""I"",""detected_level"":""S"",""filename"":""I"",""job"":""I"",""nist_control"":""I"",""service_name"":""I""}",1790171974540123568_1c7ef788
"{""ability"":""target_acquisition"",""detected_level"":""unknown"",""filename"":""/opt/zeek/logs/current/telemetry.log"",""job"":""search_man"",""nist_control"":""detect"",""service_name"":""search_man""}",2026-09-23 09:59:34.540,"{""ts"":1790084976.069322,""peer"":""zeek"",""metric_type"":""counter"",""name"":""zeek_log_stream_writes_total"",""labels"":[""module"",""stream""],""label_values"":[""CaptureLoss"",""CaptureLoss::LOG""],""value"":12.0}",1790171974540111491,"{""ability"":""I"",""detected_level"":""S"",""filename"":""I"",""job"":""I"",""nist_control"":""I"",""service_name"":""I""}",1790171974540111491_ee0f928e
"{""ability"":""target_acquisition"",""detected_level"":""unknown"",""filename"":""/opt/zeek/logs/current/telemetry.log"",""job"":""search_man"",""nist_control"":""detect"",""service_name"":""search_man""}",2026-09-23 09:59:34.540,"{""ts"":1790084976.069322,""peer"":""zeek"",""metric_type"":""counter"",""name"":""zeek_log_stream_writes_total"",""labels"":[""module"",""stream""],""label_values"":[""Notice"",""Notice::LOG""],""value"":3.0}",1790171974540102353,"{""ability"":""I"",""detected_level"":""S"",""filename"":""I"",""job"":""I"",""nist_control"":""I"",""service_name"":""I""}",1790171974540102353_371c90a6
"{""ability"":""target_acquisition"",""detected_level"":""unknown"",""filename"":""/opt/zeek/logs/current/telemetry.log"",""job"":""search_man"",""nist_control"":""detect"",""service_name"":""search_man""}",2026-09-23 09:59:34.540,"{""ts"":1790084976.069322,""peer"":""zeek"",""metric_type"":""counter"",""name"":""zeek_log_stream_writes_total"",""labels"":[""module"",""stream""],""label_values"":[""SSL"",""SSL::LOG""],""value"":313.0}",1790171974540097589,"{""ability"":""I"",""detected_level"":""S"",""filename"":""I"",""job"":""I"",""nist_control"":""I"",""service_name"":""I""}",1790171974540097589_329911e6
"{""ability"":""target_acquisition"",""detected_level"":""unknown"",""filename"":""/opt/zeek/logs/current/telemetry.log"",""job"":""search_man"",""nist_control"":""detect"",""service_name"":""search_man""}",2026-09-23 09:59:34.540,"{""ts"":1790084976.069322,""peer"":""zeek"",""metric_type"":""counter"",""name"":""zeek_log_stream_writes_total"",""labels"":[""module"",""stream""],""label_values"":[""Known"",""Known::SERVICES_LOG""],""value"":2.0}",1790171974540017051,"{""ability"":""I"",""detected_level"":""S"",""filename"":""I"",""job"":""I"",""nist_control"":""I"",""service_name"":""I""}",1790171974540017051_edbd7c24
"{""ability"":""target_acquisition"",""detected_level"":""unknown"",""filename"":""/opt/zeek/logs/current/telemetry.log"",""job"":""search_man"",""nist_control"":""detect"",""service_name"":""search_man""}",2026-09-23 09:59:34.540,"{""ts"":1790084976.069322,""peer"":""zeek"",""metric_type"":""counter"",""name"":""zeek_log_stream_writes_total"",""labels"":[""module"",""stream""],""label_values"":[""DHCP"",""DHCP::LOG""],""value"":16.0}",1790171974540001933,"{""ability"":""I"",""detected_level"":""S"",""filename"":""I"",""job"":""I"",""nist_control"":""I"",""service_name"":""I""}",1790171974540001933_5378956c
"{""ability"":""target_acquisition"",""detected_level"":""unknown"",""filename"":""/opt/zeek/logs/current/telemetry.log"",""job"":""search_man"",""nist_control"":""detect"",""service_name"":""search_man""}",2026-09-23 09:59:34.539,"{""ts"":1790084976.069322,""peer"":""zeek"",""metric_type"":""counter"",""name"":""zeek_log_stream_writes_total"",""labels"":[""module"",""stream""],""label_values"":[""Conn"",""Conn::LOG""],""value"":2837.0}",1790171974539990568,"{""ability"":""I"",""detected_level"":""S"",""filename"":""I"",""job"":""I"",""nist_control"":""I"",""service_name"":""I""}",1790171974539990568_4f09025b
"{""ability"":""target_acquisition"",""detected_level"":""unknown"",""filename"":""/opt/zeek/logs/current/telemetry.log"",""job"":""search_man"",""nist_control"":""detect"",""service_name"":""search_man""}",2026-09-23 09:59:34.539,"{""ts"":1790084976.069322,""peer"":""zeek"",""metric_type"":""counter"",""name"":""zeek_log_stream_writes_total"",""labels"":[""module"",""stream""],""label_values"":[""DNS"",""DNS::LOG""],""value"":26924.0}",1790171974539981731,"{""ability"":""I"",""detected_level"":""S"",""filename"":""I"",""job"":""I"",""nist_control"":""I"",""service_name"":""I""}",1790171974539981731_68892672
"{""ability"":""target_acquisition"",""detected_level"":""unknown"",""filename"":""/opt/zeek/logs/current/telemetry.log"",""job"":""search_man"",""nist_control"":""detect"",""service_name"":""search_man""}",2026-09-23 09:59:34.539,"{""ts"":1790084976.069322,""peer"":""zeek"",""metric_type"":""counter"",""name"":""zeek_log_stream_writes_total"",""labels"":[""module"",""stream""],""label_values"":[""Telemetry"",""Telemetry::LOG""],""value"":42264.0}",1790171974539977276,"{""ability"":""I"",""detected_level"":""S"",""filename"":""I"",""job"":""I"",""nist_control"":""I"",""service_name"":""I""}",1790171974539977276_69f03f87
"{""ability"":""target_acquisition"",""detected_level"":""unknown"",""filename"":""/opt/zeek/logs/current/telemetry.log"",""job"":""search_man"",""nist_control"":""detect"",""service_name"":""search_man""}",2026-09-23 09:59:34.539,"{""ts"":1790084976.069322,""peer"":""zeek"",""metric_type"":""counter"",""name"":""zeek_log_stream_writes_total"",""labels"":[""module"",""stream""],""label_values"":[""LoadedScripts"",""LoadedScripts::LOG""],""value"":559.0}",1790171974539906339,"{""ability"":""I"",""detected_level"":""S"",""filename"":""I"",""job"":""I"",""nist_control"":""I"",""service_name"":""I""}",1790171974539906339_e0a8247a
"{""ability"":""target_acquisition"",""detected_level"":""unknown"",""filename"":""/opt/zeek/logs/current/telemetry.log"",""job"":""search_man"",""nist_control"":""detect"",""service_name"":""search_man""}",2026-09-23 09:59:34.539,"{""ts"":1790084976.069322,""peer"":""zeek"",""metric_type"":""counter"",""name"":""zeek_log_stream_writes_total"",""labels"":[""module"",""stream""],""label_values"":[""PacketFilter"",""PacketFilter::LOG""],""value"":1.0}",1790171974539881832,"{""ability"":""I"",""detected_level"":""S"",""filename"":""I"",""job"":""I"",""nist_control"":""I"",""service_name"":""I""}",1790171974539881832_ecd04510
"{""ability"":""target_acquisition"",""detected_level"":""unknown"",""filename"":""/opt/zeek/logs/current/telemetry.log"",""job"":""search_man"",""nist_control"":""detect"",""service_name"":""search_man""}",2026-09-23 09:59:34.539,"{""ts"":1790084976.069322,""peer"":""zeek"",""metric_type"":""counter"",""name"":""zeek_log_stream_writes_total"",""labels"":[""module"",""stream""],""label_values"":[""QUIC"",""QUIC::LOG""],""value"":123.0}",1790171974539868944,"{""ability"":""I"",""detected_level"":""S"",""filename"":""I"",""job"":""I"",""nist_control"":""I"",""service_name"":""I""}",1790171974539868944_93a2b0e5
"{""ability"":""target_acquisition"",""detected_level"":""unknown"",""filename"":""/opt/zeek/logs/current/telemetry.log"",""job"":""search_man"",""nist_control"":""detect"",""service_name"":""search_man""}",2026-09-23 09:59:34.539,"{""ts"":1790084976.069322,""peer"":""zeek"",""metric_type"":""counter"",""name"":""zeek_log_stream_writes_total"",""labels"":[""module"",""stream""],""label_values"":[""Weird"",""Weird::LOG""],""value"":6.0}",1790171974539859442,"{""ability"":""I"",""detected_level"":""S"",""filename"":""I"",""job"":""I"",""nist_control"":""I"",""service_name"":""I""}",1790171974539859442_8d6bc1e3
"{""ability"":""target_acquisition"",""detected_level"":""unknown"",""filename"":""/opt/zeek/logs/current/telemetry.log"",""job"":""search_man"",""nist_control"":""detect"",""service_name"":""search_man""}",2026-09-23 09:59:34.539,"{""ts"":1790084976.069322,""peer"":""zeek"",""metric_type"":""counter"",""name"":""zeek_log_stream_writes_total"",""labels"":[""module"",""stream""],""label_values"":[""NTP"",""NTP::LOG""],""value"":8.0}",1790171974539854683,"{""ability"":""I"",""detected_level"":""S"",""filename"":""I"",""job"":""I"",""nist_control"":""I"",""service_name"":""I""}",1790171974539854683_1eeb3a69
"{""ability"":""target_acquisition"",""detected_level"":""unknown"",""filename"":""/opt/zeek/logs/current/telemetry.log"",""job"":""search_man"",""nist_control"":""detect"",""service_name"":""search_man""}",2026-09-23 09:59:34.539,"{""ts"":1790084976.069322,""peer"":""zeek"",""metric_type"":""gauge"",""name"":""process_start_time_seconds"",""labels"":[],""label_values"":[],""value"":1790074749.905205}",1790171974539786347,"{""ability"":""I"",""detected_level"":""S"",""filename"":""I"",""job"":""I"",""nist_control"":""I"",""service_name"":""I""}",1790171974539786347_32c3804e
"{""ability"":""target_acquisition"",""detected_level"":""unknown"",""filename"":""/opt/zeek/logs/current/telemetry.log"",""job"":""search_man"",""nist_control"":""detect"",""service_name"":""search_man""}",2026-09-23 09:59:34.539,"{""ts"":1790084976.069322,""peer"":""zeek"",""metric_type"":""gauge"",""name"":""process_open_fds"",""labels"":[],""label_values"":[],""value"":110.0}",1790171974539770775,"{""ability"":""I"",""detected_level"":""S"",""filename"":""I"",""job"":""I"",""nist_control"":""I"",""service_name"":""I""}",1790171974539770775_d2ed4b07
"{""ability"":""target_acquisition"",""detected_level"":""unknown"",""filename"":""/opt/zeek/logs/current/telemetry.log"",""job"":""search_man"",""nist_control"":""detect"",""service_name"":""search_man""}",2026-09-23 09:59:34.539,"{""ts"":1790084976.069322,""peer"":""zeek"",""metric_type"":""gauge"",""name"":""process_virtual_memory_bytes"",""labels"":[],""label_values"":[],""value"":1632182272.0}",1790171974539754976,"{""ability"":""I"",""detected_level"":""S"",""filename"":""I"",""job"":""I"",""nist_control"":""I"",""service_name"":""I""}",1790171974539754976_d59487bc
"{""ability"":""target_acquisition"",""detected_level"":""unknown"",""filename"":""/opt/zeek/logs/current/telemetry.log"",""job"":""search_man"",""nist_control"":""detect"",""service_name"":""search_man""}",2026-09-23 09:59:34.539,"{""ts"":1790084976.069322,""peer"":""zeek"",""metric_type"":""gauge"",""name"":""process_resident_memory_bytes"",""labels"":[],""label_values"":[],""value"":173830144.0}",1790171974539730248,"{""ability"":""I"",""detected_level"":""S"",""filename"":""I"",""job"":""I"",""nist_control"":""I"",""service_name"":""I""}",1790171974539730248_d3d1d86
"{""ability"":""target_acquisition"",""detected_level"":""unknown"",""filename"":""/opt/zeek/logs/current/telemetry.log"",""job"":""search_man"",""nist_control"":""detect"",""service_name"":""search_man""}",2026-09-23 09:59:34.539,"{""ts"":1790084976.069322,""peer"":""zeek"",""metric_type"":""counter"",""name"":""process_cpu_system_seconds_total"",""labels"":[],""label_values"":[],""value"":33.41}",1790171974539725988,"{""ability"":""I"",""detected_level"":""S"",""filename"":""I"",""job"":""I"",""nist_control"":""I"",""service_name"":""I""}",1790171974539725988_edd4ba84
"{""ability"":""target_acquisition"",""detected_level"":""unknown"",""filename"":""/opt/zeek/logs/current/telemetry.log"",""job"":""search_man"",""nist_control"":""detect"",""service_name"":""search_man""}",2026-09-23 09:59:34.539,"{""ts"":1790084976.069322,""peer"":""zeek"",""metric_type"":""counter"",""name"":""process_cpu_user_seconds_total"",""labels"":[],""label_values"":[],""value"":66.64}",1790171974539656842,"{""ability"":""I"",""detected_level"":""S"",""filename"":""I"",""job"":""I"",""nist_control"":""I"",""service_name"":""I""}",1790171974539656842_ef82d757
"{""ability"":""target_acquisition"",""detected_level"":""unknown"",""filename"":""/opt/zeek/logs/current/telemetry.log"",""job"":""search_man"",""nist_control"":""detect"",""service_name"":""search_man""}",2026-09-23 09:59:34.539,"{""ts"":1790084916.06915,""peer"":""zeek"",""metric_type"":""gauge"",""name"":""zeek_active_sessions"",""labels"":[""protocol""],""label_values"":[""tcp""],""value"":7.0}",1790171974539641800,"{""ability"":""I"",""detected_level"":""S"",""filename"":""I"",""job"":""I"",""nist_control"":""I"",""service_name"":""I""}",1790171974539641800_6e4dfb60
"{""ability"":""target_acquisition"",""detected_level"":""unknown"",""filename"":""/opt/zeek/logs/current/telemetry.log"",""job"":""search_man"",""nist_control"":""detect"",""service_name"":""search_man""}",2026-09-23 09:59:34.539,"{""ts"":1790084916.06915,""peer"":""zeek"",""metric_type"":""gauge"",""name"":""zeek_active_sessions"",""labels"":[""protocol""],""label_values"":[""udp""],""value"":19.0}",1790171974539629669,"{""ability"":""I"",""detected_level"":""S"",""filename"":""I"",""job"":""I"",""nist_control"":""I"",""service_name"":""I""}",1790171974539629669_94c7ab8b
"{""ability"":""target_acquisition"",""detected_level"":""unknown"",""filename"":""/opt/zeek/logs/current/telemetry.log"",""job"":""search_man"",""nist_control"":""detect"",""service_name"":""search_man""}",2026-09-23 09:59:34.539,"{""ts"":1790084916.06915,""peer"":""zeek"",""metric_type"":""gauge"",""name"":""zeek_active_sessions"",""labels"":[""protocol""],""label_values"":[""icmp""],""value"":8.0}",1790171974539620941,"{""ability"":""I"",""detected_level"":""S"",""filename"":""I"",""job"":""I"",""nist_control"":""I"",""service_name"":""I""}",1790171974539620941_74013b1
"{""ability"":""target_acquisition"",""detected_level"":""unknown"",""filename"":""/opt/zeek/logs/current/telemetry.log"",""job"":""search_man"",""nist_control"":""detect"",""service_name"":""search_man""}",2026-09-23 09:59:34.539,"{""ts"":1790084916.06915,""peer"":""zeek"",""metric_type"":""gauge"",""name"":""zeek_pending_triggers"",""labels"":[],""label_values"":[],""value"":0.0}",1790171974539616389,"{""ability"":""I"",""detected_level"":""S"",""filename"":""I"",""job"":""I"",""nist_control"":""I"",""service_name"":""I""}",1790171974539616389_3f75a05b
"{""ability"":""target_acquisition"",""detected_level"":""unknown"",""filename"":""/opt/zeek/logs/current/telemetry.log"",""job"":""search_man"",""nist_control"":""detect"",""service_name"":""search_man""}",2026-09-23 09:59:34.539,"{""ts"":1790084916.06915,""peer"":""zeek"",""metric_type"":""gauge"",""name"":""zeek_dnsmgr_cache_entries"",""labels"":[""type""],""label_values"":[""host""],""value"":0.0}",1790171974539547284,"{""ability"":""I"",""detected_level"":""S"",""filename"":""I"",""job"":""I"",""nist_control"":""I"",""service_name"":""I""}",1790171974539547284_1afd3ca5
"{""ability"":""target_acquisition"",""detected_level"":""unknown"",""filename"":""/opt/zeek/logs/current/telemetry.log"",""job"":""search_man"",""nist_control"":""detect"",""service_name"":""search_man""}",2026-09-23 09:59:34.539,"{""ts"":1790084916.06915,""peer"":""zeek"",""metric_type"":""gauge"",""name"":""zeek_dnsmgr_cache_entries"",""labels"":[""type""],""label_values"":[""address""],""value"":0.0}",1790171974539532050,"{""ability"":""I"",""detected_level"":""S"",""filename"":""I"",""job"":""I"",""nist_control"":""I"",""service_name"":""I""}",1790171974539532050_db3d0b09
"{""ability"":""target_acquisition"",""detected_level"":""unknown"",""filename"":""/opt/zeek/logs/current/telemetry.log"",""job"":""search_man"",""nist_control"":""detect"",""service_name"":""search_man""}",2026-09-23 09:59:34.539,"{""ts"":1790084916.06915,""peer"":""zeek"",""metric_type"":""gauge"",""name"":""zeek_dnsmgr_cache_entries"",""labels"":[""type""],""label_values"":[""text""],""value"":0.0}",1790171974539519737,"{""ability"":""I"",""detected_level"":""S"",""filename"":""I"",""job"":""I"",""nist_control"":""I"",""service_name"":""I""}",1790171974539519737_e541b5a2
"{""ability"":""target_acquisition"",""detected_level"":""unknown"",""filename"":""/opt/zeek/logs/current/telemetry.log"",""job"":""search_man"",""nist_control"":""detect"",""service_name"":""search_man""}",2026-09-23 09:59:34.539,"{""ts"":1790084916.06915,""peer"":""zeek"",""metric_type"":""gauge"",""name"":""zeek_dnsmgr_pending_asyncs_requests"",""labels"":[],""label_values"":[],""value"":0.0}",1790171974539510894,"{""ability"":""I"",""detected_level"":""S"",""filename"":""I"",""job"":""I"",""nist_control"":""I"",""service_name"":""I""}",1790171974539510894_f05831fa
"{""ability"":""target_acquisition"",""detected_level"":""unknown"",""filename"":""/opt/zeek/logs/current/telemetry.log"",""job"":""search_man"",""nist_control"":""detect"",""service_name"":""search_man""}",2026-09-23 09:59:34.539,"{""ts"":1790084916.06915,""peer"":""zeek"",""metric_type"":""gauge"",""name"":""zeek_timers_pending"",""labels"":[""type""],""label_values"":[""TCPConnectionPartialClose""],""value"":0.0}",1790171974539506171,"{""ability"":""I"",""detected_level"":""S"",""filename"":""I"",""job"":""I"",""nist_control"":""I"",""service_name"":""I""}",1790171974539506171_fa1dc1cc
"{""ability"":""target_acquisition"",""detected_level"":""unknown"",""filename"":""/opt/zeek/logs/current/telemetry.log"",""job"":""search_man"",""nist_control"":""detect"",""service_name"":""search_man""}",2026-09-23 09:59:34.539,"{""ts"":1790084916.06915,""peer"":""zeek"",""metric_type"":""gauge"",""name"":""zeek_timers_pending"",""labels"":[""type""],""label_values"":[""TCPConnectionAttemptTimer""],""value"":1.0}",1790171974539417537,"{""ability"":""I"",""detected_level"":""S"",""filename"":""I"",""job"":""I"",""nist_control"":""I"",""service_name"":""I""}",1790171974539417537_a796313e
"{""ability"":""target_acquisition"",""detected_level"":""unknown"",""filename"":""/opt/zeek/logs/current/telemetry.log"",""job"":""search_man"",""nist_control"":""detect"",""service_name"":""search_man""}",2026-09-23 09:59:34.539,"{""ts"":1790084916.06915,""peer"":""zeek"",""metric_type"":""gauge"",""name"":""zeek_timers_pending"",""labels"":[""type""],""label_values"":[""TableValTimer""],""value"":36.0}",1790171974539402061,"{""ability"":""I"",""detected_level"":""S"",""filename"":""I"",""job"":""I"",""nist_control"":""I"",""service_name"":""I""}",1790171974539402061_b12a53a7
"{""ability"":""target_acquisition"",""detected_level"":""unknown"",""filename"":""/opt/zeek/logs/current/telemetry.log"",""job"":""search_man"",""nist_control"":""detect"",""service_name"":""search_man""}",2026-09-23 09:59:34.539,"{""ts"":1790084916.06915,""peer"":""zeek"",""metric_type"":""gauge"",""name"":""zeek_timers_pending"",""labels"":[""type""],""label_values"":[""TriggerTimer""],""value"":0.0}",1790171974539389341,"{""ability"":""I"",""detected_level"":""S"",""filename"":""I"",""job"":""I"",""nist_control"":""I"",""service_name"":""I""}",1790171974539389341_ff97b7fb
"{""ability"":""target_acquisition"",""detected_level"":""unknown"",""filename"":""/opt/zeek/logs/current/telemetry.log"",""job"":""search_man"",""nist_control"":""detect"",""service_name"":""search_man""}",2026-09-23 09:59:34.539,"{""ts"":1790084916.06915,""peer"":""zeek"",""metric_type"":""gauge"",""name"":""zeek_timers_pending"",""labels"":[""type""],""label_values"":[""ConnectionDeleteTimer""],""value"":0.0}",1790171974539379877,"{""ability"":""I"",""detected_level"":""S"",""filename"":""I"",""job"":""I"",""nist_control"":""I"",""service_name"":""I""}",1790171974539379877_b6b3f1fc
"{""ability"":""target_acquisition"",""detected_level"":""unknown"",""filename"":""/opt/zeek/logs/current/telemetry.log"",""job"":""search_man"",""nist_control"":""detect"",""service_name"":""search_man""}",2026-09-23 09:59:34.539,"{""ts"":1790084916.06915,""peer"":""zeek"",""metric_type"":""gauge"",""name"":""zeek_timers_pending"",""labels"":[""type""],""label_values"":[""RPCExpireTimer""],""value"":0.0}",1790171974539375419,"{""ability"":""I"",""detected_level"":""S"",""filename"":""I"",""job"":""I"",""nist_control"":""I"",""service_name"":""I""}",1790171974539375419_576192bf
"{""ability"":""target_acquisition"",""detected_level"":""unknown"",""filename"":""/opt/zeek/logs/current/telemetry.log"",""job"":""search_man"",""nist_control"":""detect"",""service_name"":""search_man""}",2026-09-23 09:59:34.539,"{""ts"":1790084916.06915,""peer"":""zeek"",""metric_type"":""gauge"",""name"":""zeek_timers_pending"",""labels"":[""type""],""label_values"":[""NTPExpireTimer""],""value"":0.0}",1790171974539306411,"{""ability"":""I"",""detected_level"":""S"",""filename"":""I"",""job"":""I"",""nist_control"":""I"",""service_name"":""I""}",1790171974539306411_d840bd6
"{""ability"":""target_acquisition"",""detected_level"":""unknown"",""filename"":""/opt/zeek/logs/current/telemetry.log"",""job"":""search_man"",""nist_control"":""detect"",""service_name"":""search_man""}",2026-09-23 09:59:34.539,"{""ts"":1790084916.06915,""peer"":""zeek"",""metric_type"":""gauge"",""name"":""zeek_timers_pending"",""labels"":[""type""],""label_values"":[""ScheduleTimer""],""value"":6.0}",1790171974539289089,"{""ability"":""I"",""detected_level"":""S"",""filename"":""I"",""job"":""I"",""nist_control"":""I"",""service_name"":""I""}",1790171974539289089_4791d6b0
"{""ability"":""target_acquisition"",""detected_level"":""unknown"",""filename"":""/opt/zeek/logs/current/telemetry.log"",""job"":""search_man"",""nist_control"":""detect"",""service_name"":""search_man""}",2026-09-23 09:59:34.539,"{""ts"":1790084916.06915,""peer"":""zeek"",""metric_type"":""gauge"",""name"":""zeek_timers_pending"",""labels"":[""type""],""label_values"":[""TCPConnectionDeleteTimer""],""value"":0.0}",1790171974539269229,"{""ability"":""I"",""detected_level"":""S"",""filename"":""I"",""job"":""I"",""nist_control"":""I"",""service_name"":""I""}",1790171974539269229_9980c883
"{""ability"":""target_acquisition"",""detected_level"":""unknown"",""filename"":""/opt/zeek/logs/current/telemetry.log"",""job"":""search_man"",""nist_control"":""detect"",""service_name"":""search_man""}",2026-09-23 09:59:34.539,"{""ts"":1790084916.06915,""peer"":""zeek"",""metric_type"":""gauge"",""name"":""zeek_timers_pending"",""labels"":[""type""],""label_values"":[""ConnTupleWeirdTimer""],""value"":0.0}",1790171974539260266,"{""ability"":""I"",""detected_level"":""S"",""filename"":""I"",""job"":""I"",""nist_control"":""I"",""service_name"":""I""}",1790171974539260266_e0f216c6
"{""ability"":""target_acquisition"",""detected_level"":""unknown"",""filename"":""/opt/zeek/logs/current/telemetry.log"",""job"":""search_man"",""nist_control"":""detect"",""service_name"":""search_man""}",2026-09-23 09:59:34.539,"{""ts"":1790084916.06915,""peer"":""zeek"",""metric_type"":""gauge"",""name"":""zeek_timers_pending"",""labels"":[""type""],""label_values"":[""TCPConnectionResetTimer""],""value"":0.0}",1790171974539255920,"{""ability"":""I"",""detected_level"":""S"",""filename"":""I"",""job"":""I"",""nist_control"":""I"",""service_name"":""I""}",1790171974539255920_d733b3dd
"{""ability"":""target_acquisition"",""detected_level"":""unknown"",""filename"":""/opt/zeek/logs/current/telemetry.log"",""job"":""search_man"",""nist_control"":""detect"",""service_name"":""search_man""}",2026-09-23 09:59:34.539,"{""ts"":1790084916.06915,""peer"":""zeek"",""metric_type"":""gauge"",""name"":""zeek_timers_pending"",""labels"":[""type""],""label_values"":[""RemoveConnection""],""value"":0.0}",1790171974539188303,"{""ability"":""I"",""detected_level"":""S"",""filename"":""I"",""job"":""I"",""nist_control"":""I"",""service_name"":""I""}",1790171974539188303_752251a8
"{""ability"":""target_acquisition"",""detected_level"":""unknown"",""filename"":""/opt/zeek/logs/current/telemetry.log"",""job"":""search_man"",""nist_control"":""detect"",""service_name"":""search_man""}",2026-09-23 09:59:34.539,"{""ts"":1790084916.06915,""peer"":""zeek"",""metric_type"":""gauge"",""name"":""zeek_timers_pending"",""labels"":[""type""],""label_values"":[""NetworkTimer""],""value"":0.0}",1790171974539172780,"{""ability"":""I"",""detected_level"":""S"",""filename"":""I"",""job"":""I"",""nist_control"":""I"",""service_name"":""I""}",1790171974539172780_3fafb3f5
"{""ability"":""target_acquisition"",""detected_level"":""unknown"",""filename"":""/opt/zeek/logs/current/telemetry.log"",""job"":""search_man"",""nist_control"":""detect"",""service_name"":""search_man""}",2026-09-23 09:59:34.539,"{""ts"":1790084916.06915,""peer"":""zeek"",""metric_type"":""gauge"",""name"":""zeek_timers_pending"",""labels"":[""type""],""label_values"":[""NetbiosExpireTimer""],""value"":0.0}",1790171974539160602,"{""ability"":""I"",""detected_level"":""S"",""filename"":""I"",""job"":""I"",""nist_control"":""I"",""service_name"":""I""}",1790171974539160602_422e7544
"{""ability"":""target_acquisition"",""detected_level"":""unknown"",""filename"":""/opt/zeek/logs/current/telemetry.log"",""job"":""search_man"",""nist_control"":""detect"",""service_name"":""search_man""}",2026-09-23 09:59:34.539,"{""ts"":1790084916.06915,""peer"":""zeek"",""metric_type"":""gauge"",""name"":""zeek_timers_pending"",""labels"":[""type""],""label_values"":[""BackdoorTimer""],""value"":0.0}",1790171974539151663,"{""ability"":""I"",""detected_level"":""S"",""filename"":""I"",""job"":""I"",""nist_control"":""I"",""service_name"":""I""}",1790171974539151663_f23c0388
"{""ability"":""target_acquisition"",""detected_level"":""unknown"",""filename"":""/opt/zeek/logs/current/telemetry.log"",""job"":""search_man"",""nist_control"":""detect"",""service_name"":""search_man""}",2026-09-23 09:59:34.539,"{""ts"":1790084916.06915,""peer"":""zeek"",""metric_type"":""gauge"",""name"":""zeek_timers_pending"",""labels"":[""type""],""label_values"":[""BreakpointTimer""],""value"":0.0}",1790171974539147193,"{""ability"":""I"",""detected_level"":""S"",""filename"":""I"",""job"":""I"",""nist_control"":""I"",""service_name"":""I""}",1790171974539147193_e54a5988
"{""ability"":""target_acquisition"",""detected_level"":""unknown"",""filename"":""/opt/zeek/logs/current/telemetry.log"",""job"":""search_man"",""nist_control"":""detect"",""service_name"":""search_man""}",2026-09-23 09:59:34.539,"{""ts"":1790084916.06915,""peer"":""zeek"",""metric_type"":""gauge"",""name"":""zeek_timers_pending"",""labels"":[""type""],""label_values"":[""ConnectionExpireTimer""],""value"":0.0}",1790171974539078041,"{""ability"":""I"",""detected_level"":""S"",""filename"":""I"",""job"":""I"",""nist_control"":""I"",""service_name"":""I""}",1790171974539078041_5d7ed1a4
"{""ability"":""target_acquisition"",""detected_level"":""unknown"",""filename"":""/opt/zeek/logs/current/telemetry.log"",""job"":""search_man"",""nist_control"":""detect"",""service_name"":""search_man""}",2026-09-23 09:59:34.539,"{""ts"":1790084916.06915,""peer"":""zeek"",""metric_type"":""gauge"",""name"":""zeek_timers_pending"",""labels"":[""type""],""label_values"":[""ProfileTimer""],""value"":0.0}",1790171974539062542,"{""ability"":""I"",""detected_level"":""S"",""filename"":""I"",""job"":""I"",""nist_control"":""I"",""service_name"":""I""}",1790171974539062542_a08862c6
"{""ability"":""target_acquisition"",""detected_level"":""unknown"",""filename"":""/opt/zeek/logs/current/telemetry.log"",""job"":""search_man"",""nist_control"":""detect"",""service_name"":""search_man""}",2026-09-23 09:59:34.539,"{""ts"":1790084916.06915,""peer"":""zeek"",""metric_type"":""gauge"",""name"":""zeek_timers_pending"",""labels"":[""type""],""label_values"":[""UnknownProtocolExpire""],""value"":0.0}",1790171974539050447,"{""ability"":""I"",""detected_level"":""S"",""filename"":""I"",""job"":""I"",""nist_control"":""I"",""service_name"":""I""}",1790171974539050447_f6ebe023
"{""ability"":""target_acquisition"",""detected_level"":""unknown"",""filename"":""/opt/zeek/logs/current/telemetry.log"",""job"":""search_man"",""nist_control"":""detect"",""service_name"":""search_man""}",2026-09-23 09:59:34.539,"{""ts"":1790084916.06915,""peer"":""zeek"",""metric_type"":""gauge"",""name"":""zeek_timers_pending"",""labels"":[""type""],""label_values"":[""DNSExpireTimer""],""value"":8.0}",1790171974539041669,"{""ability"":""I"",""detected_level"":""S"",""filename"":""I"",""job"":""I"",""nist_control"":""I"",""service_name"":""I""}",1790171974539041669_fb40ec53
"{""ability"":""target_acquisition"",""detected_level"":""unknown"",""filename"":""/opt/zeek/logs/current/telemetry.log"",""job"":""search_man"",""nist_control"":""detect"",""service_name"":""search_man""}",2026-09-23 09:59:34.539,"{""ts"":1790084916.06915,""peer"":""zeek"",""metric_type"":""gauge"",""name"":""zeek_timers_pending"",""labels"":[""type""],""label_values"":[""IPTunnelInactivityTimer""],""value"":0.0}",1790171974539037025,"{""ability"":""I"",""detected_level"":""S"",""filename"":""I"",""job"":""I"",""nist_control"":""I"",""service_name"":""I""}",1790171974539037025_1d3d4842
"{""ability"":""target_acquisition"",""detected_level"":""unknown"",""filename"":""/opt/zeek/logs/current/telemetry.log"",""job"":""search_man"",""nist_control"":""detect"",""service_name"":""search_man""}",2026-09-23 09:59:34.538,"{""ts"":1790084916.06915,""peer"":""zeek"",""metric_type"":""gauge"",""name"":""zeek_timers_pending"",""labels"":[""type""],""label_values"":[""InterconnTimer""],""value"":0.0}",1790171974538957501,"{""ability"":""I"",""detected_level"":""S"",""filename"":""I"",""job"":""I"",""nist_control"":""I"",""service_name"":""I""}",1790171974538957501_9fb4946f
"{""ability"":""target_acquisition"",""detected_level"":""unknown"",""filename"":""/opt/zeek/logs/current/telemetry.log"",""job"":""search_man"",""nist_control"":""detect"",""service_name"":""search_man""}",2026-09-23 09:59:34.538,"{""ts"":1790084916.06915,""peer"":""zeek"",""metric_type"":""gauge"",""name"":""zeek_timers_pending"",""labels"":[""type""],""label_values"":[""NetWeirdTimer""],""value"":0.0}",1790171974538941838,"{""ability"":""I"",""detected_level"":""S"",""filename"":""I"",""job"":""I"",""nist_control"":""I"",""service_name"":""I""}",1790171974538941838_cee4c267
"{""ability"":""target_acquisition"",""detected_level"":""unknown"",""filename"":""/opt/zeek/logs/current/telemetry.log"",""job"":""search_man"",""nist_control"":""detect"",""service_name"":""search_man""}",2026-09-23 09:59:34.538,"{""ts"":1790084916.06915,""peer"":""zeek"",""metric_type"":""gauge"",""name"":""zeek_timers_pending"",""labels"":[""type""],""label_values"":[""LogFlushWriteBufferTimer""],""value"":1.0}",1790171974538929085,"{""ability"":""I"",""detected_level"":""S"",""filename"":""I"",""job"":""I"",""nist_control"":""I"",""service_name"":""I""}",1790171974538929085_98062cb7
"{""ability"":""target_acquisition"",""detected_level"":""unknown"",""filename"":""/opt/zeek/logs/current/telemetry.log"",""job"":""search_man"",""nist_control"":""detect"",""service_name"":""search_man""}",2026-09-23 09:59:34.538,"{""ts"":1790084916.06915,""peer"":""zeek"",""metric_type"":""gauge"",""name"":""zeek_timers_pending"",""labels"":[""type""],""label_values"":[""ConnectionStatusUpdateTimer""],""value"":0.0}",1790171974538920178,"{""ability"":""I"",""detected_level"":""S"",""filename"":""I"",""job"":""I"",""nist_control"":""I"",""service_name"":""I""}",1790171974538920178_f1f9e9c
"{""ability"":""target_acquisition"",""detected_level"":""unknown"",""filename"":""/opt/zeek/logs/current/telemetry.log"",""job"":""search_man"",""nist_control"":""detect"",""service_name"":""search_man""}",2026-09-23 09:59:34.538,"{""ts"":1790084916.06915,""peer"":""zeek"",""metric_type"":""gauge"",""name"":""zeek_timers_pending"",""labels"":[""type""],""label_values"":[""TCPConnectionExpireTimer""],""value"":7.0}",1790171974538915425,"{""ability"":""I"",""detected_level"":""S"",""filename"":""I"",""job"":""I"",""nist_control"":""I"",""service_name"":""I""}",1790171974538915425_24499bec
"{""ability"":""target_acquisition"",""detected_level"":""unknown"",""filename"":""/opt/zeek/logs/current/telemetry.log"",""job"":""search_man"",""nist_control"":""detect"",""service_name"":""search_man""}",2026-09-23 09:59:34.538,"{""ts"":1790084916.06915,""peer"":""zeek"",""metric_type"":""gauge"",""name"":""zeek_timers_pending"",""labels"":[""type""],""label_values"":[""ConnectionInactivityTimer""],""value"":34.0}",1790171974538847004,"{""ability"":""I"",""detected_level"":""S"",""filename"":""I"",""job"":""I"",""nist_control"":""I"",""service_name"":""I""}",1790171974538847004_f8055582
"{""ability"":""target_acquisition"",""detected_level"":""unknown"",""filename"":""/opt/zeek/logs/current/telemetry.log"",""job"":""search_man"",""nist_control"":""detect"",""service_name"":""search_man""}",2026-09-23 09:59:34.538,"{""ts"":1790084916.06915,""peer"":""zeek"",""metric_type"":""gauge"",""name"":""zeek_timers_pending"",""labels"":[""type""],""label_values"":[""StorageExpire""],""value"":1.0}",1790171974538831582,"{""ability"":""I"",""detected_level"":""S"",""filename"":""I"",""job"":""I"",""nist_control"":""I"",""service_name"":""I""}",1790171974538831582_29ac1c2b
"{""ability"":""target_acquisition"",""detected_level"":""unknown"",""filename"":""/opt/zeek/logs/current/telemetry.log"",""job"":""search_man"",""nist_control"":""detect"",""service_name"":""search_man""}",2026-09-23 09:59:34.538,"{""ts"":1790084916.06915,""peer"":""zeek"",""metric_type"":""gauge"",""name"":""zeek_timers_pending"",""labels"":[""type""],""label_values"":[""FileAnalysisInactivityTimer""],""value"":3.0}",1790171974538819961,"{""ability"":""I"",""detected_level"":""S"",""filename"":""I"",""job"":""I"",""nist_control"":""I"",""service_name"":""I""}",1790171974538819961_811576a6
"{""ability"":""target_acquisition"",""detected_level"":""unknown"",""filename"":""/opt/zeek/logs/current/telemetry.log"",""job"":""search_man"",""nist_control"":""detect"",""service_name"":""search_man""}",2026-09-23 09:59:34.538,"{""ts"":1790084916.06915,""peer"":""zeek"",""metric_type"":""gauge"",""name"":""zeek_timers_pending"",""labels"":[""type""],""label_values"":[""FlowWeirdTimer""],""value"":0.0}",1790171974538811168,"{""ability"":""I"",""detected_level"":""S"",""filename"":""I"",""job"":""I"",""nist_control"":""I"",""service_name"":""I""}",1790171974538811168_69c1751e
"{""ability"":""target_acquisition"",""detected_level"":""unknown"",""filename"":""/opt/zeek/logs/current/telemetry.log"",""job"":""search_man"",""nist_control"":""detect"",""service_name"":""search_man""}",2026-09-23 09:59:34.538,"{""ts"":1790084916.06915,""peer"":""zeek"",""metric_type"":""gauge"",""name"":""zeek_timers_pending"",""labels"":[""type""],""label_values"":[""RotateTimer""],""value"":16.0}",1790171974538806804,"{""ability"":""I"",""detected_level"":""S"",""filename"":""I"",""job"":""I"",""nist_control"":""I"",""service_name"":""I""}",1790171974538806804_3c0efdc1
"{""ability"":""target_acquisition"",""detected_level"":""unknown"",""filename"":""/opt/zeek/logs/current/telemetry.log"",""job"":""search_man"",""nist_control"":""detect"",""service_name"":""search_man""}",2026-09-23 09:59:34.538,"{""ts"":1790084916.06915,""peer"":""zeek"",""metric_type"":""gauge"",""name"":""zeek_timers_pending"",""labels"":[""type""],""label_values"":[""FragTimer""],""value"":0.0}",1790171974538737013,"{""ability"":""I"",""detected_level"":""S"",""filename"":""I"",""job"":""I"",""nist_control"":""I"",""service_name"":""I""}",1790171974538737013_43782023
"{""ability"":""target_acquisition"",""detected_level"":""unknown"",""filename"":""/opt/zeek/logs/current/telemetry.log"",""job"":""search_man"",""nist_control"":""detect"",""service_name"":""search_man""}",2026-09-23 09:59:34.538,"{""ts"":1790084916.06915,""peer"":""zeek"",""metric_type"":""gauge"",""name"":""zeek_timers_pending"",""labels"":[""type""],""label_values"":[""ParentProcessIDCheck""],""value"":0.0}",1790171974538721535,"{""ability"":""I"",""detected_level"":""S"",""filename"":""I"",""job"":""I"",""nist_control"":""I"",""service_name"":""I""}",1790171974538721535_29ac1368
"{""ability"":""target_acquisition"",""detected_level"":""unknown"",""filename"":""/opt/zeek/logs/current/telemetry.log"",""job"":""search_man"",""nist_control"":""detect"",""service_name"":""search_man""}",2026-09-23 09:59:34.538,"{""ts"":1790084916.06915,""peer"":""zeek"",""metric_type"":""gauge"",""name"":""zeek_timers_pending"",""labels"":[""type""],""label_values"":[""TablePublishBatchedChanges""],""value"":0.0}",1790171974538706808,"{""ability"":""I"",""detected_level"":""S"",""filename"":""I"",""job"":""I"",""nist_control"":""I"",""service_name"":""I""}",1790171974538706808_b87c1a8f
"{""ability"":""target_acquisition"",""detected_level"":""unknown"",""filename"":""/opt/zeek/logs/current/telemetry.log"",""job"":""search_man"",""nist_control"":""detect"",""service_name"":""search_man""}",2026-09-23 09:59:34.538,"{""ts"":1790084916.06915,""peer"":""zeek"",""metric_type"":""gauge"",""name"":""zeek_timers_pending"",""labels"":[""type""],""label_values"":[""TimerMgrExpireTimer""],""value"":0.0}",1790171974538689256,"{""ability"":""I"",""detected_level"":""S"",""filename"":""I"",""job"":""I"",""nist_control"":""I"",""service_name"":""I""}",1790171974538689256_593a7b75
"{""ability"":""target_acquisition"",""detected_level"":""unknown"",""filename"":""/opt/zeek/logs/current/telemetry.log"",""job"":""search_man"",""nist_control"":""detect"",""service_name"":""search_man""}",2026-09-23 09:59:34.538,"{""ts"":1790084916.06915,""peer"":""zeek"",""metric_type"":""gauge"",""name"":""zeek_timers_pending"",""labels"":[""type""],""label_values"":[""ThreadHeartbeat""],""value"":1.0}",1790171974538684406,"{""ability"":""I"",""detected_level"":""S"",""filename"":""I"",""job"":""I"",""nist_control"":""I"",""service_name"":""I""}",1790171974538684406_34502e79
"{""ability"":""target_acquisition"",""detected_level"":""unknown"",""filename"":""/opt/zeek/logs/current/telemetry.log"",""job"":""search_man"",""nist_control"":""detect"",""service_name"":""search_man""}",2026-09-23 09:59:34.538,"{""ts"":1790084916.06915,""peer"":""zeek"",""metric_type"":""gauge"",""name"":""zeek_timers_pending"",""labels"":[""type""],""label_values"":[""LogDelayExpire""],""value"":0.0}",1790171974538614994,"{""ability"":""I"",""detected_level"":""S"",""filename"":""I"",""job"":""I"",""nist_control"":""I"",""service_name"":""I""}",1790171974538614994_e439360a
"{""ability"":""target_acquisition"",""detected_level"":""unknown"",""filename"":""/opt/zeek/logs/current/telemetry.log"",""job"":""search_man"",""nist_control"":""detect"",""service_name"":""search_man""}",2026-09-23 09:59:34.538,"{""ts"":1790084916.06915,""peer"":""zeek"",""metric_type"":""gauge"",""name"":""zeek_timers_lag_time_seconds"",""labels"":[],""label_values"":[],""value"":0.0010690689086914063}",1790171974538599802,"{""ability"":""I"",""detected_level"":""S"",""filename"":""I"",""job"":""I"",""nist_control"":""I"",""service_name"":""I""}",1790171974538599802_b435f6f5
"{""ability"":""target_acquisition"",""detected_level"":""unknown"",""filename"":""/opt/zeek/logs/current/telemetry.log"",""job"":""search_man"",""nist_control"":""detect"",""service_name"":""search_man""}",2026-09-23 09:59:34.538,"{""ts"":1790084916.06915,""peer"":""zeek"",""metric_type"":""gauge"",""name"":""zeek_broker_pending_queries"",""labels"":[],""label_values"":[],""value"":0.0}",1790171974538587559,"{""ability"":""I"",""detected_level"":""S"",""filename"":""I"",""job"":""I"",""nist_control"":""I"",""service_name"":""I""}",1790171974538587559_59ddff88
"{""ability"":""target_acquisition"",""detected_level"":""unknown"",""filename"":""/opt/zeek/logs/current/telemetry.log"",""job"":""search_man"",""nist_control"":""detect"",""service_name"":""search_man""}",2026-09-23 09:59:34.538,"{""ts"":1790084916.06915,""peer"":""zeek"",""metric_type"":""gauge"",""name"":""zeek_broker_stores"",""labels"":[],""label_values"":[],""value"":1.0}",1790171974538578180,"{""ability"":""I"",""detected_level"":""S"",""filename"":""I"",""job"":""I"",""nist_control"":""I"",""service_name"":""I""}",1790171974538578180_21466f55
"{""ability"":""target_acquisition"",""detected_level"":""unknown"",""filename"":""/opt/zeek/logs/current/telemetry.log"",""job"":""search_man"",""nist_control"":""detect"",""service_name"":""search_man""}",2026-09-23 09:59:34.538,"{""ts"":1790084916.06915,""peer"":""zeek"",""metric_type"":""gauge"",""name"":""zeek_broker_peers"",""labels"":[],""label_values"":[],""value"":0.0}",1790171974538573678,"{""ability"":""I"",""detected_level"":""S"",""filename"":""I"",""job"":""I"",""nist_control"":""I"",""service_name"":""I""}",1790171974538573678_c21571e5
"{""ability"":""target_acquisition"",""detected_level"":""unknown"",""filename"":""/opt/zeek/logs/current/telemetry.log"",""job"":""search_man"",""nist_control"":""detect"",""service_name"":""search_man""}",2026-09-23 09:59:34.538,"{""ts"":1790084916.06915,""peer"":""zeek"",""metric_type"":""gauge"",""name"":""zeek_msgthread_pending_messages_out_buckets"",""labels"":[""leq""],""label_values"":[""1""],""value"":17.0}",1790171974538505607,"{""ability"":""I"",""detected_level"":""S"",""filename"":""I"",""job"":""I"",""nist_control"":""I"",""service_name"":""I""}",1790171974538505607_c107278e
"{""ability"":""target_acquisition"",""detected_level"":""unknown"",""filename"":""/opt/zeek/logs/current/telemetry.log"",""job"":""search_man"",""nist_control"":""detect"",""service_name"":""search_man""}",2026-09-23 09:59:34.538,"{""ts"":1790084916.06915,""peer"":""zeek"",""metric_type"":""gauge"",""name"":""zeek_msgthread_pending_messages_out_buckets"",""labels"":[""leq""],""label_values"":[""10""],""value"":17.0}",1790171974538490197,"{""ability"":""I"",""detected_level"":""S"",""filename"":""I"",""job"":""I"",""nist_control"":""I"",""service_name"":""I""}",1790171974538490197_76af5546
"{""ability"":""target_acquisition"",""detected_level"":""unknown"",""filename"":""/opt/zeek/logs/current/telemetry.log"",""job"":""search_man"",""nist_control"":""detect"",""service_name"":""search_man""}",2026-09-23 09:59:34.538,"{""ts"":1790084916.06915,""peer"":""zeek"",""metric_type"":""gauge"",""name"":""zeek_msgthread_pending_messages_out_buckets"",""labels"":[""leq""],""label_values"":[""100""],""value"":17.0}",1790171974538473540,"{""ability"":""I"",""detected_level"":""S"",""filename"":""I"",""job"":""I"",""nist_control"":""I"",""service_name"":""I""}",1790171974538473540_6d0cc70e
"{""ability"":""target_acquisition"",""detected_level"":""unknown"",""filename"":""/opt/zeek/logs/current/telemetry.log"",""job"":""search_man"",""nist_control"":""detect"",""service_name"":""search_man""}",2026-09-23 09:59:34.538,"{""ts"":1790084916.06915,""peer"":""zeek"",""metric_type"":""gauge"",""name"":""zeek_msgthread_pending_messages_out_buckets"",""labels"":[""leq""],""label_values"":[""1000""],""value"":17.0}",1790171974538446494,"{""ability"":""I"",""detected_level"":""S"",""filename"":""I"",""job"":""I"",""nist_control"":""I"",""service_name"":""I""}",1790171974538446494_c3896bc6
"{""ability"":""target_acquisition"",""detected_level"":""unknown"",""filename"":""/opt/zeek/logs/current/telemetry.log"",""job"":""search_man"",""nist_control"":""detect"",""service_name"":""search_man""}",2026-09-23 09:59:34.538,"{""ts"":1790084916.06915,""peer"":""zeek"",""metric_type"":""gauge"",""name"":""zeek_msgthread_pending_messages_out_buckets"",""labels"":[""leq""],""label_values"":[""10000""],""value"":17.0}",1790171974538442054,"{""ability"":""I"",""detected_level"":""S"",""filename"":""I"",""job"":""I"",""nist_control"":""I"",""service_name"":""I""}",1790171974538442054_e85e328e
"{""ability"":""target_acquisition"",""detected_level"":""unknown"",""filename"":""/opt/zeek/logs/current/telemetry.log"",""job"":""search_man"",""nist_control"":""detect"",""service_name"":""search_man""}",2026-09-23 09:59:34.538,"{""ts"":1790084916.06915,""peer"":""zeek"",""metric_type"":""gauge"",""name"":""zeek_msgthread_pending_messages_out_buckets"",""labels"":[""leq""],""label_values"":[""inf""],""value"":17.0}",1790171974538373226,"{""ability"":""I"",""detected_level"":""S"",""filename"":""I"",""job"":""I"",""nist_control"":""I"",""service_name"":""I""}",1790171974538373226_3040cafa
"{""ability"":""target_acquisition"",""detected_level"":""unknown"",""filename"":""/opt/zeek/logs/current/telemetry.log"",""job"":""search_man"",""nist_control"":""detect"",""service_name"":""search_man""}",2026-09-23 09:59:34.538,"{""ts"":1790084916.06915,""peer"":""zeek"",""metric_type"":""gauge"",""name"":""zeek_msgthread_pending_messages_in_buckets"",""labels"":[""leq""],""label_values"":[""1""],""value"":17.0}",1790171974538357601,"{""ability"":""I"",""detected_level"":""S"",""filename"":""I"",""job"":""I"",""nist_control"":""I"",""service_name"":""I""}",1790171974538357601_e20944d3
"{""ability"":""target_acquisition"",""detected_level"":""unknown"",""filename"":""/opt/zeek/logs/current/telemetry.log"",""job"":""search_man"",""nist_control"":""detect"",""service_name"":""search_man""}",2026-09-23 09:59:34.538,"{""ts"":1790084916.06915,""peer"":""zeek"",""metric_type"":""gauge"",""name"":""zeek_msgthread_pending_messages_in_buckets"",""labels"":[""leq""],""label_values"":[""10""],""value"":17.0}",1790171974538345944,"{""ability"":""I"",""detected_level"":""S"",""filename"":""I"",""job"":""I"",""nist_control"":""I"",""service_name"":""I""}",1790171974538345944_7a4f7859
"{""ability"":""target_acquisition"",""detected_level"":""unknown"",""filename"":""/opt/zeek/logs/current/telemetry.log"",""job"":""search_man"",""nist_control"":""detect"",""service_name"":""search_man""}",2026-09-23 09:59:34.538,"{""ts"":1790084916.06915,""peer"":""zeek"",""metric_type"":""gauge"",""name"":""zeek_msgthread_pending_messages_in_buckets"",""labels"":[""leq""],""label_values"":[""100""],""value"":17.0}",1790171974538337246,"{""ability"":""I"",""detected_level"":""S"",""filename"":""I"",""job"":""I"",""nist_control"":""I"",""service_name"":""I""}",1790171974538337246_953a853b
"{""ability"":""target_acquisition"",""detected_level"":""unknown"",""filename"":""/opt/zeek/logs/current/telemetry.log"",""job"":""search_man"",""nist_control"":""detect"",""service_name"":""search_man""}",2026-09-23 09:59:34.538,"{""ts"":1790084916.06915,""peer"":""zeek"",""metric_type"":""gauge"",""name"":""zeek_msgthread_pending_messages_in_buckets"",""labels"":[""leq""],""label_values"":[""1000""],""value"":17.0}",1790171974538332817,"{""ability"":""I"",""detected_level"":""S"",""filename"":""I"",""job"":""I"",""nist_control"":""I"",""service_name"":""I""}",1790171974538332817_9f52a91
"{""ability"":""target_acquisition"",""detected_level"":""unknown"",""filename"":""/opt/zeek/logs/current/telemetry.log"",""job"":""search_man"",""nist_control"":""detect"",""service_name"":""search_man""}",2026-09-23 09:59:34.538,"{""ts"":1790084916.06915,""peer"":""zeek"",""metric_type"":""gauge"",""name"":""zeek_msgthread_pending_messages_in_buckets"",""labels"":[""leq""],""label_values"":[""10000""],""value"":17.0}",1790171974538263017,"{""ability"":""I"",""detected_level"":""S"",""filename"":""I"",""job"":""I"",""nist_control"":""I"",""service_name"":""I""}",1790171974538263017_dcfcc9c3
"{""ability"":""target_acquisition"",""detected_level"":""unknown"",""filename"":""/opt/zeek/logs/current/telemetry.log"",""job"":""search_man"",""nist_control"":""detect"",""service_name"":""search_man""}",2026-09-23 09:59:34.538,"{""ts"":1790084916.06915,""peer"":""zeek"",""metric_type"":""gauge"",""name"":""zeek_msgthread_pending_messages_in_buckets"",""labels"":[""leq""],""label_values"":[""inf""],""value"":17.0}",1790171974538247792,"{""ability"":""I"",""detected_level"":""S"",""filename"":""I"",""job"":""I"",""nist_control"":""I"",""service_name"":""I""}",1790171974538247792_f1d423db
"{""ability"":""target_acquisition"",""detected_level"":""unknown"",""filename"":""/opt/zeek/logs/current/telemetry.log"",""job"":""search_man"",""nist_control"":""detect"",""service_name"":""search_man""}",2026-09-23 09:59:34.538,"{""ts"":1790084916.06915,""peer"":""zeek"",""metric_type"":""gauge"",""name"":""zeek_msgthread_pending_out_messages"",""labels"":[],""label_values"":[],""value"":0.0}",1790171974538235013,"{""ability"":""I"",""detected_level"":""S"",""filename"":""I"",""job"":""I"",""nist_control"":""I"",""service_name"":""I""}",1790171974538235013_7ccdd981
"{""ability"":""target_acquisition"",""detected_level"":""unknown"",""filename"":""/opt/zeek/logs/current/telemetry.log"",""job"":""search_man"",""nist_control"":""detect"",""service_name"":""search_man""}",2026-09-23 09:59:34.538,"{""ts"":1790084916.06915,""peer"":""zeek"",""metric_type"":""gauge"",""name"":""zeek_msgthread_pending_in_messages"",""labels"":[],""label_values"":[],""value"":0.0}",1790171974538226012,"{""ability"":""I"",""detected_level"":""S"",""filename"":""I"",""job"":""I"",""nist_control"":""I"",""service_name"":""I""}",1790171974538226012_b32d57a
"{""ability"":""target_acquisition"",""detected_level"":""unknown"",""filename"":""/opt/zeek/logs/current/telemetry.log"",""job"":""search_man"",""nist_control"":""detect"",""service_name"":""search_man""}",2026-09-23 09:59:34.538,"{""ts"":1790084916.06915,""peer"":""zeek"",""metric_type"":""gauge"",""name"":""zeek_msgthread_active_threads"",""labels"":[],""label_values"":[],""value"":17.0}",1790171974538221365,"{""ability"":""I"",""detected_level"":""S"",""filename"":""I"",""job"":""I"",""nist_control"":""I"",""service_name"":""I""}",1790171974538221365_fcd50db8
"{""ability"":""target_acquisition"",""detected_level"":""unknown"",""filename"":""/opt/zeek/logs/current/telemetry.log"",""job"":""search_man"",""nist_control"":""detect"",""service_name"":""search_man""}",2026-09-23 09:59:34.538,"{""ts"":1790084916.06915,""peer"":""zeek"",""metric_type"":""gauge"",""name"":""zeek_net_timestamp_seconds"",""labels"":[],""label_values"":[],""value"":1790084916.06915}",1790171974538152163,"{""ability"":""I"",""detected_level"":""S"",""filename"":""I"",""job"":""I"",""nist_control"":""I"",""service_name"":""I""}",1790171974538152163_16b6eff4
"{""ability"":""target_acquisition"",""detected_level"":""unknown"",""filename"":""/opt/zeek/logs/current/telemetry.log"",""job"":""search_man"",""nist_control"":""detect"",""service_name"":""search_man""}",2026-09-23 09:59:34.538,"{""ts"":1790084916.06915,""peer"":""zeek"",""metric_type"":""gauge"",""name"":""zeek_net_packet_lag_seconds"",""labels"":[],""label_values"":[],""value"":0.4759690761566162}",1790171974538137619,"{""ability"":""I"",""detected_level"":""S"",""filename"":""I"",""job"":""I"",""nist_control"":""I"",""service_name"":""I""}",1790171974538137619_b44d048d
"{""ability"":""target_acquisition"",""detected_level"":""debug"",""filename"":""/opt/zeek/logs/current/telemetry.log"",""job"":""search_man"",""nist_control"":""detect"",""service_name"":""search_man""}",2026-09-23 09:59:34.538,"{""ts"":1790084916.06915,""peer"":""zeek"",""metric_type"":""gauge"",""name"":""zeek_version_info"",""labels"":[""beta"",""commit"",""debug"",""major"",""minor"",""patch"",""version_number"",""version_string""],""label_values"":[""false"",""0"",""false"",""8"",""2"",""2"",""80202"",""8.2.2""],""value"":1.0}",1790171974538122930,"{""ability"":""I"",""detected_level"":""S"",""filename"":""I"",""job"":""I"",""nist_control"":""I"",""service_name"":""I""}",1790171974538122930_f73fec1b
"{""ability"":""target_acquisition"",""detected_level"":""unknown"",""filename"":""/opt/zeek/logs/current/telemetry.log"",""job"":""search_man"",""nist_control"":""detect"",""service_name"":""search_man""}",2026-09-23 09:59:34.538,"{""ts"":1790084916.06915,""peer"":""zeek"",""metric_type"":""counter"",""name"":""zeek_total_sessions_total"",""labels"":[""protocol""],""label_values"":[""tcp""],""value"":785.0}",1790171974538104851,"{""ability"":""I"",""detected_level"":""S"",""filename"":""I"",""job"":""I"",""nist_control"":""I"",""service_name"":""I""}",1790171974538104851_4594d8a3
"{""ability"":""target_acquisition"",""detected_level"":""unknown"",""filename"":""/opt/zeek/logs/current/telemetry.log"",""job"":""search_man"",""nist_control"":""detect"",""service_name"":""search_man""}",2026-09-23 09:59:34.538,"{""ts"":1790084916.06915,""peer"":""zeek"",""metric_type"":""counter"",""name"":""zeek_total_sessions_total"",""labels"":[""protocol""],""label_values"":[""udp""],""value"":1641.0}",1790171974538100328,"{""ability"":""I"",""detected_level"":""S"",""filename"":""I"",""job"":""I"",""nist_control"":""I"",""service_name"":""I""}",1790171974538100328_5cbddd07
"{""ability"":""target_acquisition"",""detected_level"":""unknown"",""filename"":""/opt/zeek/logs/current/telemetry.log"",""job"":""search_man"",""nist_control"":""detect"",""service_name"":""search_man""}",2026-09-23 09:59:34.538,"{""ts"":1790084916.06915,""peer"":""zeek"",""metric_type"":""counter"",""name"":""zeek_total_sessions_total"",""labels"":[""protocol""],""label_values"":[""icmp""],""value"":411.0}",1790171974538012377,"{""ability"":""I"",""detected_level"":""S"",""filename"":""I"",""job"":""I"",""nist_control"":""I"",""service_name"":""I""}",1790171974538012377_c1c0bf65
"{""ability"":""target_acquisition"",""detected_level"":""unknown"",""filename"":""/opt/zeek/logs/current/telemetry.log"",""job"":""search_man"",""nist_control"":""detect"",""service_name"":""search_man""}",2026-09-23 09:59:34.537,"{""ts"":1790084916.06915,""peer"":""zeek"",""metric_type"":""counter"",""name"":""zeek_cluster_zeromq_proxy_backend_bytes_sent_total"",""labels"":[],""label_values"":[],""value"":0.0}",1790171974537997235,"{""ability"":""I"",""detected_level"":""S"",""filename"":""I"",""job"":""I"",""nist_control"":""I"",""service_name"":""I""}",1790171974537997235_3c913164
"{""ability"":""target_acquisition"",""detected_level"":""unknown"",""filename"":""/opt/zeek/logs/current/telemetry.log"",""job"":""search_man"",""nist_control"":""detect"",""service_name"":""search_man""}",2026-09-23 09:59:34.537,"{""ts"":1790084916.06915,""peer"":""zeek"",""metric_type"":""counter"",""name"":""zeek_cluster_zeromq_proxy_backend_messages_sent_total"",""labels"":[],""label_values"":[],""value"":0.0}",1790171974537984948,"{""ability"":""I"",""detected_level"":""S"",""filename"":""I"",""job"":""I"",""nist_control"":""I"",""service_name"":""I""}",1790171974537984948_50ab7e3d
"{""ability"":""target_acquisition"",""detected_level"":""unknown"",""filename"":""/opt/zeek/logs/current/telemetry.log"",""job"":""search_man"",""nist_control"":""detect"",""service_name"":""search_man""}",2026-09-23 09:59:34.537,"{""ts"":1790084916.06915,""peer"":""zeek"",""metric_type"":""counter"",""name"":""zeek_cluster_zeromq_proxy_backend_bytes_received_total"",""labels"":[],""label_values"":[],""value"":52.0}",1790171974537975259,"{""ability"":""I"",""detected_level"":""S"",""filename"":""I"",""job"":""I"",""nist_control"":""I"",""service_name"":""I""}",1790171974537975259_c405f27a
"{""ability"":""target_acquisition"",""detected_level"":""unknown"",""filename"":""/opt/zeek/logs/current/telemetry.log"",""job"":""search_man"",""nist_control"":""detect"",""service_name"":""search_man""}",2026-09-23 09:59:34.537,"{""ts"":1790084916.06915,""peer"":""zeek"",""metric_type"":""counter"",""name"":""zeek_cluster_zeromq_proxy_backend_messages_received_total"",""labels"":[],""label_values"":[],""value"":3.0}",1790171974537970604,"{""ability"":""I"",""detected_level"":""S"",""filename"":""I"",""job"":""I"",""nist_control"":""I"",""service_name"":""I""}",1790171974537970604_4bbb7e4b
"{""ability"":""target_acquisition"",""detected_level"":""unknown"",""filename"":""/opt/zeek/logs/current/telemetry.log"",""job"":""search_man"",""nist_control"":""detect"",""service_name"":""search_man""}",2026-09-23 09:59:34.537,"{""ts"":1790084916.06915,""peer"":""zeek"",""metric_type"":""counter"",""name"":""zeek_cluster_zeromq_proxy_frontend_bytes_sent_total"",""labels"":[],""label_values"":[],""value"":52.0}",1790171974537891802,"{""ability"":""I"",""detected_level"":""S"",""filename"":""I"",""job"":""I"",""nist_control"":""I"",""service_name"":""I""}",1790171974537891802_3c270dcb
"{""ability"":""target_acquisition"",""detected_level"":""unknown"",""filename"":""/opt/zeek/logs/current/telemetry.log"",""job"":""search_man"",""nist_control"":""detect"",""service_name"":""search_man""}",2026-09-23 09:59:34.537,"{""ts"":1790084916.06915,""peer"":""zeek"",""metric_type"":""counter"",""name"":""zeek_cluster_zeromq_proxy_frontend_messages_sent_total"",""labels"":[],""label_values"":[],""value"":3.0}",1790171974537876554,"{""ability"":""I"",""detected_level"":""S"",""filename"":""I"",""job"":""I"",""nist_control"":""I"",""service_name"":""I""}",1790171974537876554_5c4d4898
"{""ability"":""target_acquisition"",""detected_level"":""unknown"",""filename"":""/opt/zeek/logs/current/telemetry.log"",""job"":""search_man"",""nist_control"":""detect"",""service_name"":""search_man""}",2026-09-23 09:59:34.537,"{""ts"":1790084916.06915,""peer"":""zeek"",""metric_type"":""counter"",""name"":""zeek_cluster_zeromq_proxy_frontend_bytes_received_total"",""labels"":[],""label_values"":[],""value"":0.0}",1790171974537864393,"{""ability"":""I"",""detected_level"":""S"",""filename"":""I"",""job"":""I"",""nist_control"":""I"",""service_name"":""I""}",1790171974537864393_c1f8fa5f
"{""ability"":""target_acquisition"",""detected_level"":""unknown"",""filename"":""/opt/zeek/logs/current/telemetry.log"",""job"":""search_man"",""nist_control"":""detect"",""service_name"":""search_man""}",2026-09-23 09:59:34.537,"{""ts"":1790084916.06915,""peer"":""zeek"",""metric_type"":""counter"",""name"":""zeek_cluster_zeromq_proxy_frontend_messages_received_total"",""labels"":[],""label_values"":[],""value"":0.0}",1790171974537855622,"{""ability"":""I"",""detected_level"":""S"",""filename"":""I"",""job"":""I"",""nist_control"":""I"",""service_name"":""I""}",1790171974537855622_fa168b5a
"{""ability"":""target_acquisition"",""detected_level"":""unknown"",""filename"":""/opt/zeek/logs/current/telemetry.log"",""job"":""search_man"",""nist_control"":""detect"",""service_name"":""search_man""}",2026-09-23 09:59:34.537,"{""ts"":1790084916.06915,""peer"":""zeek"",""metric_type"":""counter"",""name"":""zeek_event_handler_invocations_total"",""labels"":[""name""],""label_values"":[""x509_ocsp_ext_signed_certificate_timestamp""],""value"":15.0}",1790171974537851246,"{""ability"":""I"",""detected_level"":""S"",""filename"":""I"",""job"":""I"",""nist_control"":""I"",""service_name"":""I""}",1790171974537851246_7bf0f678
"{""ability"":""target_acquisition"",""detected_level"":""unknown"",""filename"":""/opt/zeek/logs/current/telemetry.log"",""job"":""search_man"",""nist_control"":""detect"",""service_name"":""search_man""}",2026-09-23 09:59:34.537,"{""ts"":1790084916.06915,""peer"":""zeek"",""metric_type"":""counter"",""name"":""zeek_event_handler_invocations_total"",""labels"":[""name""],""label_values"":[""file_hash""],""value"":45.0}",1790171974537782568,"{""ability"":""I"",""detected_level"":""S"",""filename"":""I"",""job"":""I"",""nist_control"":""I"",""service_name"":""I""}",1790171974537782568_4ff6d6ce
"{""ability"":""target_acquisition"",""detected_level"":""unknown"",""filename"":""/opt/zeek/logs/current/telemetry.log"",""job"":""search_man"",""nist_control"":""detect"",""service_name"":""search_man""}",2026-09-23 09:59:34.537,"{""ts"":1790084916.06915,""peer"":""zeek"",""metric_type"":""counter"",""name"":""zeek_event_handler_invocations_total"",""labels"":[""name""],""label_values"":[""x509_certificate""],""value"":15.0}",1790171974537766857,"{""ability"":""I"",""detected_level"":""S"",""filename"":""I"",""job"":""I"",""nist_control"":""I"",""service_name"":""I""}",1790171974537766857_ce8bd232
"{""ability"":""target_acquisition"",""detected_level"":""unknown"",""filename"":""/opt/zeek/logs/current/telemetry.log"",""job"":""search_man"",""nist_control"":""detect"",""service_name"":""search_man""}",2026-09-23 09:59:34.537,"{""ts"":1790084916.06915,""peer"":""zeek"",""metric_type"":""counter"",""name"":""zeek_event_handler_invocations_total"",""labels"":[""name""],""label_values"":[""ntp_message""],""value"":8.0}",1790171974537753772,"{""ability"":""I"",""detected_level"":""S"",""filename"":""I"",""job"":""I"",""nist_control"":""I"",""service_name"":""I""}",1790171974537753772_86e22e3a
"{""ability"":""target_acquisition"",""detected_level"":""unknown"",""filename"":""/opt/zeek/logs/current/telemetry.log"",""job"":""search_man"",""nist_control"":""detect"",""service_name"":""search_man""}",2026-09-23 09:59:34.537,"{""ts"":1790084916.06915,""peer"":""zeek"",""metric_type"":""counter"",""name"":""zeek_event_handler_invocations_total"",""labels"":[""name""],""label_values"":[""QUIC::zero_rtt_packet""],""value"":165.0}",1790171974537722857,"{""ability"":""I"",""detected_level"":""S"",""filename"":""I"",""job"":""I"",""nist_control"":""I"",""service_name"":""I""}",1790171974537722857_40b4a264
"{""ability"":""target_acquisition"",""detected_level"":""unknown"",""filename"":""/opt/zeek/logs/current/telemetry.log"",""job"":""search_man"",""nist_control"":""detect"",""service_name"":""search_man""}",2026-09-23 09:59:34.537,"{""ts"":1790084916.06915,""peer"":""zeek"",""metric_type"":""counter"",""name"":""zeek_event_handler_invocations_total"",""labels"":[""name""],""label_values"":[""ssl_plaintext_data""],""value"":1012.0}",1790171974537718399,"{""ability"":""I"",""detected_level"":""S"",""filename"":""I"",""job"":""I"",""nist_control"":""I"",""service_name"":""I""}",1790171974537718399_638b2ab9
"{""ability"":""target_acquisition"",""detected_level"":""unknown"",""filename"":""/opt/zeek/logs/current/telemetry.log"",""job"":""search_man"",""nist_control"":""detect"",""service_name"":""search_man""}",2026-09-23 09:59:34.537,"{""ts"":1790084916.06915,""peer"":""zeek"",""metric_type"":""counter"",""name"":""zeek_event_handler_invocations_total"",""labels"":[""name""],""label_values"":[""file_sniff""],""value"":15.0}",1790171974537648631,"{""ability"":""I"",""detected_level"":""S"",""filename"":""I"",""job"":""I"",""nist_control"":""I"",""service_name"":""I""}",1790171974537648631_2079d5a3
"{""ability"":""target_acquisition"",""detected_level"":""unknown"",""filename"":""/opt/zeek/logs/current/telemetry.log"",""job"":""search_man"",""nist_control"":""detect"",""service_name"":""search_man""}",2026-09-23 09:59:34.537,"{""ts"":1790084916.06915,""peer"":""zeek"",""metric_type"":""counter"",""name"":""zeek_event_handler_invocations_total"",""labels"":[""name""],""label_values"":[""file_over_new_connection""],""value"":15.0}",1790171974537633168,"{""ability"":""I"",""detected_level"":""S"",""filename"":""I"",""job"":""I"",""nist_control"":""I"",""service_name"":""I""}",1790171974537633168_8beee457
"{""ability"":""target_acquisition"",""detected_level"":""unknown"",""filename"":""/opt/zeek/logs/current/telemetry.log"",""job"":""search_man"",""nist_control"":""detect"",""service_name"":""search_man""}",2026-09-23 09:59:34.537,"{""ts"":1790084916.06915,""peer"":""zeek"",""metric_type"":""counter"",""name"":""zeek_event_handler_invocations_total"",""labels"":[""name""],""label_values"":[""x509_extension""],""value"":125.0}",1790171974537621016,"{""ability"":""I"",""detected_level"":""S"",""filename"":""I"",""job"":""I"",""nist_control"":""I"",""service_name"":""I""}",1790171974537621016_5e370444
"{""ability"":""target_acquisition"",""detected_level"":""unknown"",""filename"":""/opt/zeek/logs/current/telemetry.log"",""job"":""search_man"",""nist_control"":""detect"",""service_name"":""search_man""}",2026-09-23 09:59:34.537,"{""ts"":1790084916.06915,""peer"":""zeek"",""metric_type"":""counter"",""name"":""zeek_event_handler_invocations_total"",""labels"":[""name""],""label_values"":[""file_new""],""value"":15.0}",1790171974537611738,"{""ability"":""I"",""detected_level"":""S"",""filename"":""I"",""job"":""I"",""nist_control"":""I"",""service_name"":""I""}",1790171974537611738_3c00ce3d
"{""ability"":""target_acquisition"",""detected_level"":""unknown"",""filename"":""/opt/zeek/logs/current/telemetry.log"",""job"":""search_man"",""nist_control"":""detect"",""service_name"":""search_man""}",2026-09-23 09:59:34.537,"{""ts"":1790084916.06915,""peer"":""zeek"",""metric_type"":""counter"",""name"":""zeek_event_handler_invocations_total"",""labels"":[""name""],""label_values"":[""ssl_ecdh_server_params""],""value"":5.0}",1790171974537607433,"{""ability"":""I"",""detected_level"":""S"",""filename"":""I"",""job"":""I"",""nist_control"":""I"",""service_name"":""I""}",1790171974537607433_71967547
"{""ability"":""target_acquisition"",""detected_level"":""unknown"",""filename"":""/opt/zeek/logs/current/telemetry.log"",""job"":""search_man"",""nist_control"":""detect"",""service_name"":""search_man""}",2026-09-23 09:59:34.537,"{""ts"":1790084916.06915,""peer"":""zeek"",""metric_type"":""counter"",""name"":""zeek_event_handler_invocations_total"",""labels"":[""name""],""label_values"":[""ssl_extension_application_layer_protocol_negotiation""],""value"":299.0}",1790171974537536392,"{""ability"":""I"",""detected_level"":""S"",""filename"":""I"",""job"":""I"",""nist_control"":""I"",""service_name"":""I""}",1790171974537536392_f37102a6
"{""ability"":""target_acquisition"",""detected_level"":""unknown"",""filename"":""/opt/zeek/logs/current/telemetry.log"",""job"":""search_man"",""nist_control"":""detect"",""service_name"":""search_man""}",2026-09-23 09:59:34.537,"{""ts"":1790084916.06915,""peer"":""zeek"",""metric_type"":""counter"",""name"":""zeek_event_handler_invocations_total"",""labels"":[""name""],""label_values"":[""file_state_remove""],""value"":15.0}",1790171974537511140,"{""ability"":""I"",""detected_level"":""S"",""filename"":""I"",""job"":""I"",""nist_control"":""I"",""service_name"":""I""}",1790171974537511140_38ee1873
"{""ability"":""target_acquisition"",""detected_level"":""unknown"",""filename"":""/opt/zeek/logs/current/telemetry.log"",""job"":""search_man"",""nist_control"":""detect"",""service_name"":""search_man""}",2026-09-23 09:59:34.537,"{""ts"":1790084916.06915,""peer"":""zeek"",""metric_type"":""counter"",""name"":""zeek_event_handler_invocations_total"",""labels"":[""name""],""label_values"":[""dns_message""],""value"":46090.0}",1790171974537498671,"{""ability"":""I"",""detected_level"":""S"",""filename"":""I"",""job"":""I"",""nist_control"":""I"",""service_name"":""I""}",1790171974537498671_c9af6950
"{""ability"":""target_acquisition"",""detected_level"":""unknown"",""filename"":""/opt/zeek/logs/current/telemetry.log"",""job"":""search_man"",""nist_control"":""detect"",""service_name"":""search_man""}",2026-09-23 09:59:34.537,"{""ts"":1790084916.06915,""peer"":""zeek"",""metric_type"":""counter"",""name"":""zeek_event_handler_invocations_total"",""labels"":[""name""],""label_values"":[""ssl_established""],""value"":178.0}",1790171974537489584,"{""ability"":""I"",""detected_level"":""S"",""filename"":""I"",""job"":""I"",""nist_control"":""I"",""service_name"":""I""}",1790171974537489584_47a40b69
"{""ability"":""target_acquisition"",""detected_level"":""unknown"",""filename"":""/opt/zeek/logs/current/telemetry.log"",""job"":""search_man"",""nist_control"":""detect"",""service_name"":""search_man""}",2026-09-23 09:59:34.537,"{""ts"":1790084916.06915,""peer"":""zeek"",""metric_type"":""counter"",""name"":""zeek_event_handler_invocations_total"",""labels"":[""name""],""label_values"":[""dns_AAAA_reply""],""value"":74939.0}",1790171974537485052,"{""ability"":""I"",""detected_level"":""S"",""filename"":""I"",""job"":""I"",""nist_control"":""I"",""service_name"":""I""}",1790171974537485052_b262eddb
"{""ability"":""target_acquisition"",""detected_level"":""unknown"",""filename"":""/opt/zeek/logs/current/telemetry.log"",""job"":""search_man"",""nist_control"":""detect"",""service_name"":""search_man""}",2026-09-23 09:59:34.537,"{""ts"":1790084916.06915,""peer"":""zeek"",""metric_type"":""counter"",""name"":""zeek_event_handler_invocations_total"",""labels"":[""name""],""label_values"":[""ssl_change_cipher_spec""],""value"":364.0}",1790171974537415747,"{""ability"":""I"",""detected_level"":""S"",""filename"":""I"",""job"":""I"",""nist_control"":""I"",""service_name"":""I""}",1790171974537415747_994f38a8
"{""ability"":""target_acquisition"",""detected_level"":""unknown"",""filename"":""/opt/zeek/logs/current/telemetry.log"",""job"":""search_man"",""nist_control"":""detect"",""service_name"":""search_man""}",2026-09-23 09:59:34.537,"{""ts"":1790084916.06915,""peer"":""zeek"",""metric_type"":""counter"",""name"":""zeek_event_handler_invocations_total"",""labels"":[""name""],""label_values"":[""dhcp_message""],""value"":25.0}",1790171974537400660,"{""ability"":""I"",""detected_level"":""S"",""filename"":""I"",""job"":""I"",""nist_control"":""I"",""service_name"":""I""}",1790171974537400660_4b6a9550
"{""ability"":""target_acquisition"",""detected_level"":""unknown"",""filename"":""/opt/zeek/logs/current/telemetry.log"",""job"":""search_man"",""nist_control"":""detect"",""service_name"":""search_man""}",2026-09-23 09:59:34.537,"{""ts"":1790084916.06915,""peer"":""zeek"",""metric_type"":""counter"",""name"":""zeek_event_handler_invocations_total"",""labels"":[""name""],""label_values"":[""ssl_client_hello""],""value"":312.0}",1790171974537388742,"{""ability"":""I"",""detected_level"":""S"",""filename"":""I"",""job"":""I"",""nist_control"":""I"",""service_name"":""I""}",1790171974537388742_6b50203f
"{""ability"":""target_acquisition"",""detected_level"":""unknown"",""filename"":""/opt/zeek/logs/current/telemetry.log"",""job"":""search_man"",""nist_control"":""detect"",""service_name"":""search_man""}",2026-09-23 09:59:34.537,"{""ts"":1790084916.06915,""peer"":""zeek"",""metric_type"":""counter"",""name"":""zeek_event_handler_invocations_total"",""labels"":[""name""],""label_values"":[""zeek_init""],""value"":1.0}",1790171974537379805,"{""ability"":""I"",""detected_level"":""S"",""filename"":""I"",""job"":""I"",""nist_control"":""I"",""service_name"":""I""}",1790171974537379805_8ef597d5
"{""ability"":""target_acquisition"",""detected_level"":""unknown"",""filename"":""/opt/zeek/logs/current/telemetry.log"",""job"":""search_man"",""nist_control"":""detect"",""service_name"":""search_man""}",2026-09-23 09:59:34.537,"{""ts"":1790084916.06915,""peer"":""zeek"",""metric_type"":""counter"",""name"":""zeek_event_handler_invocations_total"",""labels"":[""name""],""label_values"":[""ssl_extension_server_name""],""value"":312.0}",1790171974537375229,"{""ability"":""I"",""detected_level"":""S"",""filename"":""I"",""job"":""I"",""nist_control"":""I"",""service_name"":""I""}",1790171974537375229_63407ab6
"{""ability"":""target_acquisition"",""detected_level"":""unknown"",""filename"":""/opt/zeek/logs/current/telemetry.log"",""job"":""search_man"",""nist_control"":""detect"",""service_name"":""search_man""}",2026-09-23 09:59:34.537,"{""ts"":1790084916.06915,""peer"":""zeek"",""metric_type"":""counter"",""name"":""zeek_event_handler_invocations_total"",""labels"":[""name""],""label_values"":[""known_host_add""],""value"":1.0}",1790171974537304344,"{""ability"":""I"",""detected_level"":""S"",""filename"":""I"",""job"":""I"",""nist_control"":""I"",""service_name"":""I""}",1790171974537304344_dd019827
"{""ability"":""target_acquisition"",""detected_level"":""unknown"",""filename"":""/opt/zeek/logs/current/telemetry.log"",""job"":""search_man"",""nist_control"":""detect"",""service_name"":""search_man""}",2026-09-23 09:59:34.537,"{""ts"":1790084916.06915,""peer"":""zeek"",""metric_type"":""counter"",""name"":""zeek_event_handler_invocations_total"",""labels"":[""name""],""label_values"":[""SumStats::finish_epoch""],""value"":3.0}",1790171974537285033,"{""ability"":""I"",""detected_level"":""S"",""filename"":""I"",""job"":""I"",""nist_control"":""I"",""service_name"":""I""}",1790171974537285033_e849db76
"{""ability"":""target_acquisition"",""detected_level"":""unknown"",""filename"":""/opt/zeek/logs/current/telemetry.log"",""job"":""search_man"",""nist_control"":""detect"",""service_name"":""search_man""}",2026-09-23 09:59:34.537,"{""ts"":1790084916.06915,""peer"":""zeek"",""metric_type"":""counter"",""name"":""zeek_event_handler_invocations_total"",""labels"":[""name""],""label_values"":[""filter_change_tracking""],""value"":35.0}",1790171974537254766,"{""ability"":""I"",""detected_level"":""S"",""filename"":""I"",""job"":""I"",""nist_control"":""I"",""service_name"":""I""}",1790171974537254766_47621371
"{""ability"":""target_acquisition"",""detected_level"":""unknown"",""filename"":""/opt/zeek/logs/current/telemetry.log"",""job"":""search_man"",""nist_control"":""detect"",""service_name"":""search_man""}",2026-09-23 09:59:34.537,"{""ts"":1790084916.06915,""peer"":""zeek"",""metric_type"":""counter"",""name"":""zeek_event_handler_invocations_total"",""labels"":[""name""],""label_values"":[""QUIC::short_header_packet_threshold_crossed""],""value"":1208.0}",1790171974537244247,"{""ability"":""I"",""detected_level"":""S"",""filename"":""I"",""job"":""I"",""nist_control"":""I"",""service_name"":""I""}",1790171974537244247_787cb6ca
"{""ability"":""target_acquisition"",""detected_level"":""unknown"",""filename"":""/opt/zeek/logs/current/telemetry.log"",""job"":""search_man"",""nist_control"":""detect"",""service_name"":""search_man""}",2026-09-23 09:59:34.537,"{""ts"":1790084916.06915,""peer"":""zeek"",""metric_type"":""counter"",""name"":""zeek_event_handler_invocations_total"",""labels"":[""name""],""label_values"":[""Known::host_found""],""value"":194.0}",1790171974537238849,"{""ability"":""I"",""detected_level"":""S"",""filename"":""I"",""job"":""I"",""nist_control"":""I"",""service_name"":""I""}",1790171974537238849_aa6872b4
"{""ability"":""target_acquisition"",""detected_level"":""unknown"",""filename"":""/opt/zeek/logs/current/telemetry.log"",""job"":""search_man"",""nist_control"":""detect"",""service_name"":""search_man""}",2026-09-23 09:59:34.537,"{""ts"":1790084916.06915,""peer"":""zeek"",""metric_type"":""counter"",""name"":""zeek_event_handler_invocations_total"",""labels"":[""name""],""label_values"":[""TrimTraceFile::go""],""value"":1.0}",1790171974537146608,"{""ability"":""I"",""detected_level"":""S"",""filename"":""I"",""job"":""I"",""nist_control"":""I"",""service_name"":""I""}",1790171974537146608_32041c8a
"{""ability"":""target_acquisition"",""detected_level"":""unknown"",""filename"":""/opt/zeek/logs/current/telemetry.log"",""job"":""search_man"",""nist_control"":""detect"",""service_name"":""search_man""}",2026-09-23 09:59:34.537,"{""ts"":1790084916.06915,""peer"":""zeek"",""metric_type"":""counter"",""name"":""zeek_event_handler_invocations_total"",""labels"":[""name""],""label_values"":[""zeek_script_loaded""],""value"":559.0}",1790171974537131557,"{""ability"":""I"",""detected_level"":""S"",""filename"":""I"",""job"":""I"",""nist_control"":""I"",""service_name"":""I""}",1790171974537131557_d70a1f66
"{""ability"":""target_acquisition"",""detected_level"":""unknown"",""filename"":""/opt/zeek/logs/current/telemetry.log"",""job"":""search_man"",""nist_control"":""detect"",""service_name"":""search_man""}",2026-09-23 09:59:34.537,"{""ts"":1790084916.06915,""peer"":""zeek"",""metric_type"":""counter"",""name"":""zeek_event_handler_invocations_total"",""labels"":[""name""],""label_values"":[""dns_SRV_reply""],""value"":24772.0}",1790171974537119674,"{""ability"":""I"",""detected_level"":""S"",""filename"":""I"",""job"":""I"",""nist_control"":""I"",""service_name"":""I""}",1790171974537119674_69d26838
"{""ability"":""target_acquisition"",""detected_level"":""unknown"",""filename"":""/opt/zeek/logs/current/telemetry.log"",""job"":""search_man"",""nist_control"":""detect"",""service_name"":""search_man""}",2026-09-23 09:59:34.537,"{""ts"":1790084916.06915,""peer"":""zeek"",""metric_type"":""counter"",""name"":""zeek_event_handler_invocations_total"",""labels"":[""name""],""label_values"":[""ssl_extension_key_share""],""value"":618.0}",1790171974537110448,"{""ability"":""I"",""detected_level"":""S"",""filename"":""I"",""job"":""I"",""nist_control"":""I"",""service_name"":""I""}",1790171974537110448_c18211ad
"{""ability"":""target_acquisition"",""detected_level"":""unknown"",""filename"":""/opt/zeek/logs/current/telemetry.log"",""job"":""search_man"",""nist_control"":""detect"",""service_name"":""search_man""}",2026-09-23 09:59:34.537,"{""ts"":1790084916.06915,""peer"":""zeek"",""metric_type"":""counter"",""name"":""zeek_event_handler_invocations_total"",""labels"":[""name""],""label_values"":[""new_connection""],""value"":2837.0}",1790171974537105987,"{""ability"":""I"",""detected_level"":""S"",""filename"":""I"",""job"":""I"",""nist_control"":""I"",""service_name"":""I""}",1790171974537105987_4feef85f
"{""ability"":""target_acquisition"",""detected_level"":""unknown"",""filename"":""/opt/zeek/logs/current/telemetry.log"",""job"":""search_man"",""nist_control"":""detect"",""service_name"":""search_man""}",2026-09-23 09:59:34.537,"{""ts"":1790084916.06915,""peer"":""zeek"",""metric_type"":""counter"",""name"":""zeek_event_handler_invocations_total"",""labels"":[""name""],""label_values"":[""known_service_add""],""value"":3.0}",1790171974537037227,"{""ability"":""I"",""detected_level"":""S"",""filename"":""I"",""job"":""I"",""nist_control"":""I"",""service_name"":""I""}",1790171974537037227_b48b3122
"{""ability"":""target_acquisition"",""detected_level"":""unknown"",""filename"":""/opt/zeek/logs/current/telemetry.log"",""job"":""search_man"",""nist_control"":""detect"",""service_name"":""search_man""}",2026-09-23 09:59:34.537,"{""ts"":1790084916.06915,""peer"":""zeek"",""metric_type"":""counter"",""name"":""zeek_event_handler_invocations_total"",""labels"":[""name""],""label_values"":[""dns_CNAME_reply""],""value"":233.0}",1790171974537021602,"{""ability"":""I"",""detected_level"":""S"",""filename"":""I"",""job"":""I"",""nist_control"":""I"",""service_name"":""I""}",1790171974537021602_e19dd18b
"{""ability"":""target_acquisition"",""detected_level"":""unknown"",""filename"":""/opt/zeek/logs/current/telemetry.log"",""job"":""search_man"",""nist_control"":""detect"",""service_name"":""search_man""}",2026-09-23 09:59:34.537,"{""ts"":1790084916.06915,""peer"":""zeek"",""metric_type"":""counter"",""name"":""zeek_event_handler_invocations_total"",""labels"":[""name""],""label_values"":[""connection_established""],""value"":194.0}",1790171974537006951,"{""ability"":""I"",""detected_level"":""S"",""filename"":""I"",""job"":""I"",""nist_control"":""I"",""service_name"":""I""}",1790171974537006951_a2605499
"{""ability"":""target_acquisition"",""detected_level"":""unknown"",""filename"":""/opt/zeek/logs/current/telemetry.log"",""job"":""search_man"",""nist_control"":""detect"",""service_name"":""search_man""}",2026-09-23 09:59:34.536,"{""ts"":1790084916.06915,""peer"":""zeek"",""metric_type"":""counter"",""name"":""zeek_event_handler_invocations_total"",""labels"":[""name""],""label_values"":[""analyzer_confirmation_info""],""value"":1705.0}",1790171974536990206,"{""ability"":""I"",""detected_level"":""S"",""filename"":""I"",""job"":""I"",""nist_control"":""I"",""service_name"":""I""}",1790171974536990206_335b3c2e
"{""ability"":""target_acquisition"",""detected_level"":""unknown"",""filename"":""/opt/zeek/logs/current/telemetry.log"",""job"":""search_man"",""nist_control"":""detect"",""service_name"":""search_man""}",2026-09-23 09:59:34.536,"{""ts"":1790084916.06915,""peer"":""zeek"",""metric_type"":""counter"",""name"":""zeek_event_handler_invocations_total"",""labels"":[""name""],""label_values"":[""service_info_commit""],""value"":703.0}",1790171974536985798,"{""ability"":""I"",""detected_level"":""S"",""filename"":""I"",""job"":""I"",""nist_control"":""I"",""service_name"":""I""}",1790171974536985798_7b03a344
"{""ability"":""target_acquisition"",""detected_level"":""unknown"",""filename"":""/opt/zeek/logs/current/telemetry.log"",""job"":""search_man"",""nist_control"":""detect"",""service_name"":""search_man""}",2026-09-23 09:59:34.536,"{""ts"":1790084916.06915,""peer"":""zeek"",""metric_type"":""counter"",""name"":""zeek_event_handler_invocations_total"",""labels"":[""name""],""label_values"":[""ssl_extension_supported_versions""],""value"":618.0}",1790171974536916281,"{""ability"":""I"",""detected_level"":""S"",""filename"":""I"",""job"":""I"",""nist_control"":""I"",""service_name"":""I""}",1790171974536916281_9c1b7be4
"{""ability"":""target_acquisition"",""detected_level"":""unknown"",""filename"":""/opt/zeek/logs/current/telemetry.log"",""job"":""search_man"",""nist_control"":""detect"",""service_name"":""search_man""}",2026-09-23 09:59:34.536,"{""ts"":1790084916.06915,""peer"":""zeek"",""metric_type"":""counter"",""name"":""zeek_event_handler_invocations_total"",""labels"":[""name""],""label_values"":[""net_stats_update""],""value"":34.0}",1790171974536900626,"{""ability"":""I"",""detected_level"":""S"",""filename"":""I"",""job"":""I"",""nist_control"":""I"",""service_name"":""I""}",1790171974536900626_a47e2e40
"{""ability"":""target_acquisition"",""detected_level"":""unknown"",""filename"":""/opt/zeek/logs/current/telemetry.log"",""job"":""search_man"",""nist_control"":""detect"",""service_name"":""search_man""}",2026-09-23 09:59:34.536,"{""ts"":1790084916.06915,""peer"":""zeek"",""metric_type"":""counter"",""name"":""zeek_event_handler_invocations_total"",""labels"":[""name""],""label_values"":[""CaptureLoss::take_measurement""],""value"":13.0}",1790171974536888890,"{""ability"":""I"",""detected_level"":""S"",""filename"":""I"",""job"":""I"",""nist_control"":""I"",""service_name"":""I""}",1790171974536888890_26f75959
"{""ability"":""target_acquisition"",""detected_level"":""unknown"",""filename"":""/opt/zeek/logs/current/telemetry.log"",""job"":""search_man"",""nist_control"":""detect"",""service_name"":""search_man""}",2026-09-23 09:59:34.536,"{""ts"":1790084916.06915,""peer"":""zeek"",""metric_type"":""counter"",""name"":""zeek_event_handler_invocations_total"",""labels"":[""name""],""label_values"":[""x509_ext_subject_alternative_name""],""value"":5.0}",1790171974536879373,"{""ability"":""I"",""detected_level"":""S"",""filename"":""I"",""job"":""I"",""nist_control"":""I"",""service_name"":""I""}",1790171974536879373_a1a7fde8
"{""ability"":""target_acquisition"",""detected_level"":""unknown"",""filename"":""/opt/zeek/logs/current/telemetry.log"",""job"":""search_man"",""nist_control"":""detect"",""service_name"":""search_man""}",2026-09-23 09:59:34.536,"{""ts"":1790084916.06915,""peer"":""zeek"",""metric_type"":""counter"",""name"":""zeek_event_handler_invocations_total"",""labels"":[""name""],""label_values"":[""dns_end""],""value"":46090.0}",1790171974536874882,"{""ability"":""I"",""detected_level"":""S"",""filename"":""I"",""job"":""I"",""nist_control"":""I"",""service_name"":""I""}",1790171974536874882_16c79c36
"{""ability"":""target_acquisition"",""detected_level"":""unknown"",""filename"":""/opt/zeek/logs/current/telemetry.log"",""job"":""search_man"",""nist_control"":""detect"",""service_name"":""search_man""}",2026-09-23 09:59:34.536,"{""ts"":1790084916.06915,""peer"":""zeek"",""metric_type"":""counter"",""name"":""zeek_event_handler_invocations_total"",""labels"":[""name""],""label_values"":[""dns_PTR_reply""],""value"":151127.0}",1790171974536806243,"{""ability"":""I"",""detected_level"":""S"",""filename"":""I"",""job"":""I"",""nist_control"":""I"",""service_name"":""I""}",1790171974536806243_486505cc
"{""ability"":""target_acquisition"",""detected_level"":""unknown"",""filename"":""/opt/zeek/logs/current/telemetry.log"",""job"":""search_man"",""nist_control"":""detect"",""service_name"":""search_man""}",2026-09-23 09:59:34.536,"{""ts"":1790084916.06915,""peer"":""zeek"",""metric_type"":""counter"",""name"":""zeek_event_handler_invocations_total"",""labels"":[""name""],""label_values"":[""check_stats""],""value"":34.0}",1790171974536790187,"{""ability"":""I"",""detected_level"":""S"",""filename"":""I"",""job"":""I"",""nist_control"":""I"",""service_name"":""I""}",1790171974536790187_d5aa38a1
"{""ability"":""target_acquisition"",""detected_level"":""unknown"",""filename"":""/opt/zeek/logs/current/telemetry.log"",""job"":""search_man"",""nist_control"":""detect"",""service_name"":""search_man""}",2026-09-23 09:59:34.536,"{""ts"":1790084916.06915,""peer"":""zeek"",""metric_type"":""counter"",""name"":""zeek_event_handler_invocations_total"",""labels"":[""name""],""label_values"":[""Cluster::Backend::ZeroMQ::subscription""],""value"":3.0}",1790171974536777170,"{""ability"":""I"",""detected_level"":""S"",""filename"":""I"",""job"":""I"",""nist_control"":""I"",""service_name"":""I""}",1790171974536777170_b0513536
"{""ability"":""target_acquisition"",""detected_level"":""unknown"",""filename"":""/opt/zeek/logs/current/telemetry.log"",""job"":""search_man"",""nist_control"":""detect"",""service_name"":""search_man""}",2026-09-23 09:59:34.536,"{""ts"":1790084916.06915,""peer"":""zeek"",""metric_type"":""counter"",""name"":""zeek_event_handler_invocations_total"",""labels"":[""name""],""label_values"":[""Broker::log_flush""],""value"":9686.0}",1790171974536768027,"{""ability"":""I"",""detected_level"":""S"",""filename"":""I"",""job"":""I"",""nist_control"":""I"",""service_name"":""I""}",1790171974536768027_d8298fcb
"{""ability"":""target_acquisition"",""detected_level"":""unknown"",""filename"":""/opt/zeek/logs/current/telemetry.log"",""job"":""search_man"",""nist_control"":""detect"",""service_name"":""search_man""}",2026-09-23 09:59:34.536,"{""ts"":1790084916.06915,""peer"":""zeek"",""metric_type"":""counter"",""name"":""zeek_event_handler_invocations_total"",""labels"":[""name""],""label_values"":[""dns_rejected""],""value"":348.0}",1790171974536763141,"{""ability"":""I"",""detected_level"":""S"",""filename"":""I"",""job"":""I"",""nist_control"":""I"",""service_name"":""I""}",1790171974536763141_426b4995
"{""ability"":""target_acquisition"",""detected_level"":""unknown"",""filename"":""/opt/zeek/logs/current/telemetry.log"",""job"":""search_man"",""nist_control"":""detect"",""service_name"":""search_man""}",2026-09-23 09:59:34.536,"{""ts"":1790084916.06915,""peer"":""zeek"",""metric_type"":""counter"",""name"":""zeek_event_handler_invocations_total"",""labels"":[""name""],""label_values"":[""ssl_extension""],""value"":5583.0}",1790171974536682026,"{""ability"":""I"",""detected_level"":""S"",""filename"":""I"",""job"":""I"",""nist_control"":""I"",""service_name"":""I""}",1790171974536682026_9857d439
"{""ability"":""target_acquisition"",""detected_level"":""unknown"",""filename"":""/opt/zeek/logs/current/telemetry.log"",""job"":""search_man"",""nist_control"":""detect"",""service_name"":""search_man""}",2026-09-23 09:59:34.536,"{""ts"":1790084916.06915,""peer"":""zeek"",""metric_type"":""counter"",""name"":""zeek_event_handler_invocations_total"",""labels"":[""name""],""label_values"":[""NetControl::init""],""value"":1.0}",1790171974536666177,"{""ability"":""I"",""detected_level"":""S"",""filename"":""I"",""job"":""I"",""nist_control"":""I"",""service_name"":""I""}",1790171974536666177_db655767
"{""ability"":""target_acquisition"",""detected_level"":""unknown"",""filename"":""/opt/zeek/logs/current/telemetry.log"",""job"":""search_man"",""nist_control"":""detect"",""service_name"":""search_man""}",2026-09-23 09:59:34.536,"{""ts"":1790084916.06915,""peer"":""zeek"",""metric_type"":""counter"",""name"":""zeek_event_handler_invocations_total"",""labels"":[""name""],""label_values"":[""Telemetry::log""],""value"":169.0}",1790171974536650663,"{""ability"":""I"",""detected_level"":""S"",""filename"":""I"",""job"":""I"",""nist_control"":""I"",""service_name"":""I""}",1790171974536650663_890ad897
"{""ability"":""target_acquisition"",""detected_level"":""unknown"",""filename"":""/opt/zeek/logs/current/telemetry.log"",""job"":""search_man"",""nist_control"":""detect"",""service_name"":""search_man""}",2026-09-23 09:59:34.536,"{""ts"":1790084916.06915,""peer"":""zeek"",""metric_type"":""counter"",""name"":""zeek_event_handler_invocations_total"",""labels"":[""name""],""label_values"":[""ssl_server_hello""],""value"":311.0}",1790171974536625067,"{""ability"":""I"",""detected_level"":""S"",""filename"":""I"",""job"":""I"",""nist_control"":""I"",""service_name"":""I""}",1790171974536625067_3d5f0ee0
"{""ability"":""target_acquisition"",""detected_level"":""unknown"",""filename"":""/opt/zeek/logs/current/telemetry.log"",""job"":""search_man"",""nist_control"":""detect"",""service_name"":""search_man""}",2026-09-23 09:59:34.536,"{""ts"":1790084916.06915,""peer"":""zeek"",""metric_type"":""counter"",""name"":""zeek_event_handler_invocations_total"",""labels"":[""name""],""label_values"":[""ChecksumOffloading::check""],""value"":2.0}",1790171974536620665,"{""ability"":""I"",""detected_level"":""S"",""filename"":""I"",""job"":""I"",""nist_control"":""I"",""service_name"":""I""}",1790171974536620665_f8858146
"{""ability"":""target_acquisition"",""detected_level"":""unknown"",""filename"":""/opt/zeek/logs/current/telemetry.log"",""job"":""search_man"",""nist_control"":""detect"",""service_name"":""search_man""}",2026-09-23 09:59:34.536,"{""ts"":1790084916.06915,""peer"":""zeek"",""metric_type"":""counter"",""name"":""zeek_event_handler_invocations_total"",""labels"":[""name""],""label_values"":[""QUIC::initial_packet""],""value"":1058.0}",1790171974536551348,"{""ability"":""I"",""detected_level"":""S"",""filename"":""I"",""job"":""I"",""nist_control"":""I"",""service_name"":""I""}",1790171974536551348_108379a3
"{""ability"":""target_acquisition"",""detected_level"":""unknown"",""filename"":""/opt/zeek/logs/current/telemetry.log"",""job"":""search_man"",""nist_control"":""detect"",""service_name"":""search_man""}",2026-09-23 09:59:34.536,"{""ts"":1790084916.06915,""peer"":""zeek"",""metric_type"":""counter"",""name"":""zeek_event_handler_invocations_total"",""labels"":[""name""],""label_values"":[""dns_TXT_reply""],""value"":24772.0}",1790171974536535599,"{""ability"":""I"",""detected_level"":""S"",""filename"":""I"",""job"":""I"",""nist_control"":""I"",""service_name"":""I""}",1790171974536535599_11092563
"{""ability"":""target_acquisition"",""detected_level"":""unknown"",""filename"":""/opt/zeek/logs/current/telemetry.log"",""job"":""search_man"",""nist_control"":""detect"",""service_name"":""search_man""}",2026-09-23 09:59:34.536,"{""ts"":1790084916.06915,""peer"":""zeek"",""metric_type"":""counter"",""name"":""zeek_event_handler_invocations_total"",""labels"":[""name""],""label_values"":[""ssl_handshake_message""],""value"":648.0}",1790171974536522669,"{""ability"":""I"",""detected_level"":""S"",""filename"":""I"",""job"":""I"",""nist_control"":""I"",""service_name"":""I""}",1790171974536522669_5dd387f2
"{""ability"":""target_acquisition"",""detected_level"":""unknown"",""filename"":""/opt/zeek/logs/current/telemetry.log"",""job"":""search_man"",""nist_control"":""detect"",""service_name"":""search_man""}",2026-09-23 09:59:34.536,"{""ts"":1790084916.06915,""peer"":""zeek"",""metric_type"":""counter"",""name"":""zeek_event_handler_invocations_total"",""labels"":[""name""],""label_values"":[""grab_vulnerable_versions""],""value"":4.0}",1790171974536512840,"{""ability"":""I"",""detected_level"":""S"",""filename"":""I"",""job"":""I"",""nist_control"":""I"",""service_name"":""I""}",1790171974536512840_c3f1b753
"{""ability"":""target_acquisition"",""detected_level"":""unknown"",""filename"":""/opt/zeek/logs/current/telemetry.log"",""job"":""search_man"",""nist_control"":""detect"",""service_name"":""search_man""}",2026-09-23 09:59:34.536,"{""ts"":1790084916.06915,""peer"":""zeek"",""metric_type"":""counter"",""name"":""zeek_event_handler_invocations_total"",""labels"":[""name""],""label_values"":[""Cluster::Backend::ZeroMQ::monitoring_event""],""value"":6.0}",1790171974536507291,"{""ability"":""I"",""detected_level"":""S"",""filename"":""I"",""job"":""I"",""nist_control"":""I"",""service_name"":""I""}",1790171974536507291_9b0250cf
"{""ability"":""target_acquisition"",""detected_level"":""unknown"",""filename"":""/opt/zeek/logs/current/telemetry.log"",""job"":""search_man"",""nist_control"":""detect"",""service_name"":""search_man""}",2026-09-23 09:59:34.536,"{""ts"":1790084916.06915,""peer"":""zeek"",""metric_type"":""counter"",""name"":""zeek_event_handler_invocations_total"",""labels"":[""name""],""label_values"":[""dns_A_reply""],""value"":9207.0}",1790171974536408297,"{""ability"":""I"",""detected_level"":""S"",""filename"":""I"",""job"":""I"",""nist_control"":""I"",""service_name"":""I""}",1790171974536408297_b227fe4a
"{""ability"":""target_acquisition"",""detected_level"":""unknown"",""filename"":""/opt/zeek/logs/current/telemetry.log"",""job"":""search_man"",""nist_control"":""detect"",""service_name"":""search_man""}",2026-09-23 09:59:34.536,"{""ts"":1790084916.06915,""peer"":""zeek"",""metric_type"":""counter"",""name"":""zeek_event_handler_invocations_total"",""labels"":[""name""],""label_values"":[""content_gap""],""value"":4.0}",1790171974536392969,"{""ability"":""I"",""detected_level"":""S"",""filename"":""I"",""job"":""I"",""nist_control"":""I"",""service_name"":""I""}",1790171974536392969_3a4ea122
"{""ability"":""target_acquisition"",""detected_level"":""unknown"",""filename"":""/opt/zeek/logs/current/telemetry.log"",""job"":""search_man"",""nist_control"":""detect"",""service_name"":""search_man""}",2026-09-23 09:59:34.536,"{""ts"":1790084916.06915,""peer"":""zeek"",""metric_type"":""counter"",""name"":""zeek_event_handler_invocations_total"",""labels"":[""name""],""label_values"":[""connection_state_remove""],""value"":2803.0}",1790171974536380974,"{""ability"":""I"",""detected_level"":""S"",""filename"":""I"",""job"":""I"",""nist_control"":""I"",""service_name"":""I""}",1790171974536380974_bc3182f2
"{""ability"":""target_acquisition"",""detected_level"":""unknown"",""filename"":""/opt/zeek/logs/current/telemetry.log"",""job"":""search_man"",""nist_control"":""detect"",""service_name"":""search_man""}",2026-09-23 09:59:34.536,"{""ts"":1790084916.06915,""peer"":""zeek"",""metric_type"":""counter"",""name"":""zeek_event_handler_invocations_total"",""labels"":[""name""],""label_values"":[""dns_request""],""value"":70191.0}",1790171974536371451,"{""ability"":""I"",""detected_level"":""S"",""filename"":""I"",""job"":""I"",""nist_control"":""I"",""service_name"":""I""}",1790171974536371451_b4bc9d5b
"{""ability"":""target_acquisition"",""detected_level"":""unknown"",""filename"":""/opt/zeek/logs/current/telemetry.log"",""job"":""search_man"",""nist_control"":""detect"",""service_name"":""search_man""}",2026-09-23 09:59:34.536,"{""ts"":1790084916.06915,""peer"":""zeek"",""metric_type"":""counter"",""name"":""zeek_event_handler_invocations_total"",""labels"":[""name""],""label_values"":[""x509_ext_basic_constraints""],""value"":15.0}",1790171974536366713,"{""ability"":""I"",""detected_level"":""S"",""filename"":""I"",""job"":""I"",""nist_control"":""I"",""service_name"":""I""}",1790171974536366713_7df3a228
"{""ability"":""target_acquisition"",""detected_level"":""unknown"",""filename"":""/opt/zeek/logs/current/telemetry.log"",""job"":""search_man"",""nist_control"":""detect"",""service_name"":""search_man""}",2026-09-23 09:59:34.536,"{""ts"":1790084916.06915,""peer"":""zeek"",""metric_type"":""counter"",""name"":""zeek_event_handler_invocations_total"",""labels"":[""name""],""label_values"":[""DHCP::aggregate_msgs""],""value"":25.0}",1790171974536296491,"{""ability"":""I"",""detected_level"":""S"",""filename"":""I"",""job"":""I"",""nist_control"":""I"",""service_name"":""I""}",1790171974536296491_df0df14a
"{""ability"":""target_acquisition"",""detected_level"":""unknown"",""filename"":""/opt/zeek/logs/current/telemetry.log"",""job"":""search_man"",""nist_control"":""detect"",""service_name"":""search_man""}",2026-09-23 09:59:34.536,"{""ts"":1790084916.06915,""peer"":""zeek"",""metric_type"":""counter"",""name"":""zeek_event_handler_invocations_total"",""labels"":[""name""],""label_values"":[""QUIC::handshake_packet""],""value"":669.0}",1790171974536280883,"{""ability"":""I"",""detected_level"":""S"",""filename"":""I"",""job"":""I"",""nist_control"":""I"",""service_name"":""I""}",1790171974536280883_cb6971b1
"{""ability"":""target_acquisition"",""detected_level"":""unknown"",""filename"":""/opt/zeek/logs/current/telemetry.log"",""job"":""search_man"",""nist_control"":""detect"",""service_name"":""search_man""}",2026-09-23 09:59:34.536,"{""ts"":1790084916.06915,""peer"":""zeek"",""metric_type"":""counter"",""name"":""zeek_event_handler_invocations_total"",""labels"":[""name""],""label_values"":[""conn_weird""],""value"":31.0}",1790171974536267860,"{""ability"":""I"",""detected_level"":""S"",""filename"":""I"",""job"":""I"",""nist_control"":""I"",""service_name"":""I""}",1790171974536267860_1b225d28
"{""ability"":""target_acquisition"",""detected_level"":""unknown"",""filename"":""/opt/zeek/logs/current/telemetry.log"",""job"":""search_man"",""nist_control"":""detect"",""service_name"":""search_man""}",2026-09-23 09:59:34.536,"{""ts"":1790084916.06915,""peer"":""zeek"",""metric_type"":""counter"",""name"":""zeek_event_handler_invocations_total"",""labels"":[""name""],""label_values"":[""connection_flipped""],""value"":1.0}",1790171974536258198,"{""ability"":""I"",""detected_level"":""S"",""filename"":""I"",""job"":""I"",""nist_control"":""I"",""service_name"":""I""}",1790171974536258198_9ececa40
"{""ability"":""target_acquisition"",""detected_level"":""unknown"",""filename"":""/opt/zeek/logs/current/telemetry.log"",""job"":""search_man"",""nist_control"":""detect"",""service_name"":""search_man""}",2026-09-23 09:59:34.536,"{""ts"":1790084916.06915,""peer"":""zeek"",""metric_type"":""counter"",""name"":""zeek_event_handler_invocations_total"",""labels"":[""name""],""label_values"":[""QUIC::discarded_packet""],""value"":3.0}",1790171974536253151,"{""ability"":""I"",""detected_level"":""S"",""filename"":""I"",""job"":""I"",""nist_control"":""I"",""service_name"":""I""}",1790171974536253151_7ebea41
"{""ability"":""target_acquisition"",""detected_level"":""unknown"",""filename"":""/opt/zeek/logs/current/telemetry.log"",""job"":""search_man"",""nist_control"":""detect"",""service_name"":""search_man""}",2026-09-23 09:59:34.536,"{""ts"":1790084916.06915,""peer"":""zeek"",""metric_type"":""counter"",""name"":""zeek_ended_sessions_total"",""labels"":[""reason""],""label_values"":[""inactivity""],""value"":784.0}",1790171974536177784,"{""ability"":""I"",""detected_level"":""S"",""filename"":""I"",""job"":""I"",""nist_control"":""I"",""service_name"":""I""}",1790171974536177784_133eff7
"{""ability"":""target_acquisition"",""detected_level"":""unknown"",""filename"":""/opt/zeek/logs/current/telemetry.log"",""job"":""search_man"",""nist_control"":""detect"",""service_name"":""search_man""}",2026-09-23 09:59:34.536,"{""ts"":1790084916.06915,""peer"":""zeek"",""metric_type"":""counter"",""name"":""zeek_triggers_total"",""labels"":[],""label_values"":[],""value"":0.0}",1790171974536157406,"{""ability"":""I"",""detected_level"":""S"",""filename"":""I"",""job"":""I"",""nist_control"":""I"",""service_name"":""I""}",1790171974536157406_2669ca17
"{""ability"":""target_acquisition"",""detected_level"":""unknown"",""filename"":""/opt/zeek/logs/current/telemetry.log"",""job"":""search_man"",""nist_control"":""detect"",""service_name"":""search_man""}",2026-09-23 09:59:34.536,"{""ts"":1790084916.06915,""peer"":""zeek"",""metric_type"":""counter"",""name"":""zeek_dnsmgr_failed_requests_total"",""labels"":[],""label_values"":[],""value"":0.0}",1790171974536121756,"{""ability"":""I"",""detected_level"":""S"",""filename"":""I"",""job"":""I"",""nist_control"":""I"",""service_name"":""I""}",1790171974536121756_5424c3e
"{""ability"":""target_acquisition"",""detected_level"":""unknown"",""filename"":""/opt/zeek/logs/current/telemetry.log"",""job"":""search_man"",""nist_control"":""detect"",""service_name"":""search_man""}",2026-09-23 09:59:34.536,"{""ts"":1790084916.06915,""peer"":""zeek"",""metric_type"":""counter"",""name"":""zeek_dnsmgr_successful_requests_total"",""labels"":[],""label_values"":[],""value"":0.0}",1790171974536111467,"{""ability"":""I"",""detected_level"":""S"",""filename"":""I"",""job"":""I"",""nist_control"":""I"",""service_name"":""I""}",1790171974536111467_332a91bb
"{""ability"":""target_acquisition"",""detected_level"":""unknown"",""filename"":""/opt/zeek/logs/current/telemetry.log"",""job"":""search_man"",""nist_control"":""detect"",""service_name"":""search_man""}",2026-09-23 09:59:34.536,"{""ts"":1790084916.06915,""peer"":""zeek"",""metric_type"":""counter"",""name"":""zeek_dnsmgr_requests_total"",""labels"":[],""label_values"":[],""value"":0.0}",1790171974536100583,"{""ability"":""I"",""detected_level"":""S"",""filename"":""I"",""job"":""I"",""nist_control"":""I"",""service_name"":""I""}",1790171974536100583_52b441c0
"{""ability"":""target_acquisition"",""detected_level"":""unknown"",""filename"":""/opt/zeek/logs/current/telemetry.log"",""job"":""search_man"",""nist_control"":""detect"",""service_name"":""search_man""}",2026-09-23 09:59:34.535,"{""ts"":1790084916.06915,""peer"":""zeek"",""metric_type"":""counter"",""name"":""zeek_timers_total"",""labels"":[],""label_values"":[],""value"":80800.0}",1790171974535993008,"{""ability"":""I"",""detected_level"":""S"",""filename"":""I"",""job"":""I"",""nist_control"":""I"",""service_name"":""I""}",1790171974535993008_4a1774c0
"{""ability"":""target_acquisition"",""detected_level"":""unknown"",""filename"":""/opt/zeek/logs/current/telemetry.log"",""job"":""search_man"",""nist_control"":""detect"",""service_name"":""search_man""}",2026-09-23 09:59:34.535,"{""ts"":1790084916.06915,""peer"":""zeek"",""metric_type"":""counter"",""name"":""zeek_broker_outgoing_ids_total"",""labels"":[],""label_values"":[],""value"":0.0}",1790171974535974621,"{""ability"":""I"",""detected_level"":""S"",""filename"":""I"",""job"":""I"",""nist_control"":""I"",""service_name"":""I""}",1790171974535974621_2605061b
"{""ability"":""target_acquisition"",""detected_level"":""unknown"",""filename"":""/opt/zeek/logs/current/telemetry.log"",""job"":""search_man"",""nist_control"":""detect"",""service_name"":""search_man""}",2026-09-23 09:59:34.535,"{""ts"":1790084916.06915,""peer"":""zeek"",""metric_type"":""counter"",""name"":""zeek_broker_incoming_ids_total"",""labels"":[],""label_values"":[],""value"":0.0}",1790171974535952549,"{""ability"":""I"",""detected_level"":""S"",""filename"":""I"",""job"":""I"",""nist_control"":""I"",""service_name"":""I""}",1790171974535952549_2f1a24a9
"{""ability"":""target_acquisition"",""detected_level"":""unknown"",""filename"":""/opt/zeek/logs/current/telemetry.log"",""job"":""search_man"",""nist_control"":""detect"",""service_name"":""search_man""}",2026-09-23 09:59:34.535,"{""ts"":1790084916.06915,""peer"":""zeek"",""metric_type"":""counter"",""name"":""zeek_broker_outgoing_logs_total"",""labels"":[],""label_values"":[],""value"":0.0}",1790171974535942976,"{""ability"":""I"",""detected_level"":""S"",""filename"":""I"",""job"":""I"",""nist_control"":""I"",""service_name"":""I""}",1790171974535942976_9be73930
"{""ability"":""target_acquisition"",""detected_level"":""unknown"",""filename"":""/opt/zeek/logs/current/telemetry.log"",""job"":""search_man"",""nist_control"":""detect"",""service_name"":""search_man""}",2026-09-23 09:59:34.535,"{""ts"":1790084916.06915,""peer"":""zeek"",""metric_type"":""counter"",""name"":""zeek_broker_incoming_logs_total"",""labels"":[],""label_values"":[],""value"":0.0}",1790171974535938202,"{""ability"":""I"",""detected_level"":""S"",""filename"":""I"",""job"":""I"",""nist_control"":""I"",""service_name"":""I""}",1790171974535938202_51e9eac2
"{""ability"":""target_acquisition"",""detected_level"":""unknown"",""filename"":""/opt/zeek/logs/current/telemetry.log"",""job"":""search_man"",""nist_control"":""detect"",""service_name"":""search_man""}",2026-09-23 09:59:34.535,"{""ts"":1790084916.06915,""peer"":""zeek"",""metric_type"":""counter"",""name"":""zeek_broker_outgoing_events_total"",""labels"":[],""label_values"":[],""value"":0.0}",1790171974535825342,"{""ability"":""I"",""detected_level"":""S"",""filename"":""I"",""job"":""I"",""nist_control"":""I"",""service_name"":""I""}",1790171974535825342_11832a3e
"{""ability"":""target_acquisition"",""detected_level"":""unknown"",""filename"":""/opt/zeek/logs/current/telemetry.log"",""job"":""search_man"",""nist_control"":""detect"",""service_name"":""search_man""}",2026-09-23 09:59:34.535,"{""ts"":1790084916.06915,""peer"":""zeek"",""metric_type"":""counter"",""name"":""zeek_broker_incoming_events_total"",""labels"":[],""label_values"":[],""value"":0.0}",1790171974535802957,"{""ability"":""I"",""detected_level"":""S"",""filename"":""I"",""job"":""I"",""nist_control"":""I"",""service_name"":""I""}",1790171974535802957_8104ad38
"{""ability"":""target_acquisition"",""detected_level"":""unknown"",""filename"":""/opt/zeek/logs/current/telemetry.log"",""job"":""search_man"",""nist_control"":""detect"",""service_name"":""search_man""}",2026-09-23 09:59:34.535,"{""ts"":1790084916.06915,""peer"":""zeek"",""metric_type"":""counter"",""name"":""zeek_cluster_core_incoming_events_total"",""labels"":[],""label_values"":[],""value"":0.0}",1790171974535787715,"{""ability"":""I"",""detected_level"":""S"",""filename"":""I"",""job"":""I"",""nist_control"":""I"",""service_name"":""I""}",1790171974535787715_550a0fd5
"{""ability"":""target_acquisition"",""detected_level"":""unknown"",""filename"":""/opt/zeek/logs/current/telemetry.log"",""job"":""search_man"",""nist_control"":""detect"",""service_name"":""search_man""}",2026-09-23 09:59:34.535,"{""ts"":1790084916.06915,""peer"":""zeek"",""metric_type"":""counter"",""name"":""zeek_cluster_core_outgoing_events_total"",""labels"":[],""label_values"":[],""value"":4.0}",1790171974535773792,"{""ability"":""I"",""detected_level"":""S"",""filename"":""I"",""job"":""I"",""nist_control"":""I"",""service_name"":""I""}",1790171974535773792_fd0c4bbf
"{""ability"":""target_acquisition"",""detected_level"":""unknown"",""filename"":""/opt/zeek/logs/current/telemetry.log"",""job"":""search_man"",""nist_control"":""detect"",""service_name"":""search_man""}",2026-09-23 09:59:34.535,"{""ts"":1790084916.06915,""peer"":""zeek"",""metric_type"":""counter"",""name"":""zeek_cluster_zeromq_msg_errors_total"",""labels"":[],""label_values"":[],""value"":0.0}",1790171974535750064,"{""ability"":""I"",""detected_level"":""S"",""filename"":""I"",""job"":""I"",""nist_control"":""I"",""service_name"":""I""}",1790171974535750064_cf97c6b7
"{""ability"":""target_acquisition"",""detected_level"":""unknown"",""filename"":""/opt/zeek/logs/current/telemetry.log"",""job"":""search_man"",""nist_control"":""detect"",""service_name"":""search_man""}",2026-09-23 09:59:34.535,"{""ts"":1790084916.06915,""peer"":""zeek"",""metric_type"":""counter"",""name"":""zeek_cluster_zeromq_onloop_drops_total"",""labels"":[],""label_values"":[],""value"":0.0}",1790171974535563817,"{""ability"":""I"",""detected_level"":""S"",""filename"":""I"",""job"":""I"",""nist_control"":""I"",""service_name"":""I""}",1790171974535563817_a4c377e0
"{""ability"":""target_acquisition"",""detected_level"":""unknown"",""filename"":""/opt/zeek/logs/current/telemetry.log"",""job"":""search_man"",""nist_control"":""detect"",""service_name"":""search_man""}",2026-09-23 09:59:34.535,"{""ts"":1790084916.06915,""peer"":""zeek"",""metric_type"":""counter"",""name"":""zeek_cluster_zeromq_xpub_drops_total"",""labels"":[],""label_values"":[],""value"":0.0}",1790171974535519030,"{""ability"":""I"",""detected_level"":""S"",""filename"":""I"",""job"":""I"",""nist_control"":""I"",""service_name"":""I""}",1790171974535519030_a6c73e0c
"{""ability"":""target_acquisition"",""detected_level"":""unknown"",""filename"":""/opt/zeek/logs/current/telemetry.log"",""job"":""search_man"",""nist_control"":""detect"",""service_name"":""search_man""}",2026-09-23 09:59:34.535,"{""ts"":1790084916.06915,""peer"":""zeek"",""metric_type"":""counter"",""name"":""zeek_cluster_onloop_queue_blocks_total"",""labels"":[""tag""],""label_values"":[""ZeroMQ""],""value"":0.0}",1790171974535489685,"{""ability"":""I"",""detected_level"":""S"",""filename"":""I"",""job"":""I"",""nist_control"":""I"",""service_name"":""I""}",1790171974535489685_11a5ee91
"{""ability"":""target_acquisition"",""detected_level"":""unknown"",""filename"":""/opt/zeek/logs/current/telemetry.log"",""job"":""search_man"",""nist_control"":""detect"",""service_name"":""search_man""}",2026-09-23 09:59:34.535,"{""ts"":1790084916.06915,""peer"":""zeek"",""metric_type"":""counter"",""name"":""zeek_cluster_onloop_queue_blocks_total"",""labels"":[""tag""],""label_values"":[""WebSocketEventDispatcher:127.0.0.1:27759""],""value"":0.0}",1790171974535420639,"{""ability"":""I"",""detected_level"":""S"",""filename"":""I"",""job"":""I"",""nist_control"":""I"",""service_name"":""I""}",1790171974535420639_db9d8be4
"{""ability"":""target_acquisition"",""detected_level"":""unknown"",""filename"":""/opt/zeek/logs/current/telemetry.log"",""job"":""search_man"",""nist_control"":""detect"",""service_name"":""search_man""}",2026-09-23 09:59:34.535,"{""ts"":1790084916.06915,""peer"":""zeek"",""metric_type"":""counter"",""name"":""zeek_msgthread_out_messages_total"",""labels"":[],""label_values"":[],""value"":32.0}",1790171974535398770,"{""ability"":""I"",""detected_level"":""S"",""filename"":""I"",""job"":""I"",""nist_control"":""I"",""service_name"":""I""}",1790171974535398770_1757aeb4
"{""ability"":""target_acquisition"",""detected_level"":""unknown"",""filename"":""/opt/zeek/logs/current/telemetry.log"",""job"":""search_man"",""nist_control"":""detect"",""service_name"":""search_man""}",2026-09-23 09:59:34.535,"{""ts"":1790084916.06915,""peer"":""zeek"",""metric_type"":""counter"",""name"":""zeek_msgthread_in_messages_total"",""labels"":[],""label_values"":[],""value"":21020.0}",1790171974535372752,"{""ability"":""I"",""detected_level"":""S"",""filename"":""I"",""job"":""I"",""nist_control"":""I"",""service_name"":""I""}",1790171974535372752_5aa8ac97
"{""ability"":""target_acquisition"",""detected_level"":""unknown"",""filename"":""/opt/zeek/logs/current/telemetry.log"",""job"":""search_man"",""nist_control"":""detect"",""service_name"":""search_man""}",2026-09-23 09:59:34.535,"{""ts"":1790084916.06915,""peer"":""zeek"",""metric_type"":""counter"",""name"":""zeek_msgthread_threads_total"",""labels"":[],""label_values"":[],""value"":17.0}",1790171974535340588,"{""ability"":""I"",""detected_level"":""S"",""filename"":""I"",""job"":""I"",""nist_control"":""I"",""service_name"":""I""}",1790171974535340588_3ac1a57f
"{""ability"":""target_acquisition"",""detected_level"":""unknown"",""filename"":""/opt/zeek/logs/current/telemetry.log"",""job"":""search_man"",""nist_control"":""detect"",""service_name"":""search_man""}",2026-09-23 09:59:34.535,"{""ts"":1790084916.06915,""peer"":""zeek"",""metric_type"":""counter"",""name"":""zeek_net_link_packets_total"",""labels"":[],""label_values"":[],""value"":148345.0}",1790171974535298927,"{""ability"":""I"",""detected_level"":""S"",""filename"":""I"",""job"":""I"",""nist_control"":""I"",""service_name"":""I""}",1790171974535298927_32065bc9
"{""ability"":""target_acquisition"",""detected_level"":""unknown"",""filename"":""/opt/zeek/logs/current/telemetry.log"",""job"":""search_man"",""nist_control"":""detect"",""service_name"":""search_man""}",2026-09-23 09:59:34.535,"{""ts"":1790084916.06915,""peer"":""zeek"",""metric_type"":""counter"",""name"":""zeek_net_dropped_packets_total"",""labels"":[],""label_values"":[],""value"":1074.0}",1790171974535182690,"{""ability"":""I"",""detected_level"":""S"",""filename"":""I"",""job"":""I"",""nist_control"":""I"",""service_name"":""I""}",1790171974535182690_676d6398
"{""ability"":""target_acquisition"",""detected_level"":""unknown"",""filename"":""/opt/zeek/logs/current/telemetry.log"",""job"":""search_man"",""nist_control"":""detect"",""service_name"":""search_man""}",2026-09-23 09:59:34.535,"{""ts"":1790084916.06915,""peer"":""zeek"",""metric_type"":""counter"",""name"":""zeek_net_received_packets_total"",""labels"":[],""label_values"":[],""value"":147263.0}",1790171974535166858,"{""ability"":""I"",""detected_level"":""S"",""filename"":""I"",""job"":""I"",""nist_control"":""I"",""service_name"":""I""}",1790171974535166858_c9748e5c
"{""ability"":""target_acquisition"",""detected_level"":""unknown"",""filename"":""/opt/zeek/logs/current/telemetry.log"",""job"":""search_man"",""nist_control"":""detect"",""service_name"":""search_man""}",2026-09-23 09:59:34.535,"{""ts"":1790084916.06915,""peer"":""zeek"",""metric_type"":""counter"",""name"":""zeek_net_received_bytes_total"",""labels"":[],""label_values"":[],""value"":99460214.0}",1790171974535154945,"{""ability"":""I"",""detected_level"":""S"",""filename"":""I"",""job"":""I"",""nist_control"":""I"",""service_name"":""I""}",1790171974535154945_785535c2
"{""ability"":""target_acquisition"",""detected_level"":""unknown"",""filename"":""/opt/zeek/logs/current/telemetry.log"",""job"":""search_man"",""nist_control"":""detect"",""service_name"":""search_man""}",2026-09-23 09:59:34.535,"{""ts"":1790084916.06915,""peer"":""zeek"",""metric_type"":""counter"",""name"":""zeek_log_writer_truncated_containers_total"",""labels"":[""filter_name"",""module"",""path"",""stream"",""writer""],""label_values"":[""default"",""QUIC"",""quic"",""QUIC::LOG"",""Log::WRITER_ASCII""],""value"":0.0}",1790171974535144370,"{""ability"":""I"",""detected_level"":""S"",""filename"":""I"",""job"":""I"",""nist_control"":""I"",""service_name"":""I""}",1790171974535144370_9485dfa
"{""ability"":""target_acquisition"",""detected_level"":""unknown"",""filename"":""/opt/zeek/logs/current/telemetry.log"",""job"":""search_man"",""nist_control"":""detect"",""service_name"":""search_man""}",2026-09-23 09:59:34.535,"{""ts"":1790084916.06915,""peer"":""zeek"",""metric_type"":""counter"",""name"":""zeek_log_writer_truncated_containers_total"",""labels"":[""filter_name"",""module"",""path"",""stream"",""writer""],""label_values"":[""default"",""Known"",""known_hosts"",""Known::HOSTS_LOG"",""Log::WRITER_ASCII""],""value"":0.0}",1790171974535139420,"{""ability"":""I"",""detected_level"":""S"",""filename"":""I"",""job"":""I"",""nist_control"":""I"",""service_name"":""I""}",1790171974535139420_d9ef99fd
"{""ability"":""target_acquisition"",""detected_level"":""unknown"",""filename"":""/opt/zeek/logs/current/telemetry.log"",""job"":""search_man"",""nist_control"":""detect"",""service_name"":""search_man""}",2026-09-23 09:59:34.535,"{""ts"":1790084916.06915,""peer"":""zeek"",""metric_type"":""counter"",""name"":""zeek_log_writer_truncated_containers_total"",""labels"":[""filter_name"",""module"",""path"",""stream"",""writer""],""label_values"":[""default"",""X509"",""x509"",""X509::LOG"",""Log::WRITER_ASCII""],""value"":0.0}",1790171974535050394,"{""ability"":""I"",""detected_level"":""S"",""filename"":""I"",""job"":""I"",""nist_control"":""I"",""service_name"":""I""}",1790171974535050394_faa7bc60
"{""ability"":""target_acquisition"",""detected_level"":""unknown"",""filename"":""/opt/zeek/logs/current/telemetry.log"",""job"":""search_man"",""nist_control"":""detect"",""service_name"":""search_man""}",2026-09-23 09:59:34.535,"{""ts"":1790084916.06915,""peer"":""zeek"",""metric_type"":""counter"",""name"":""zeek_log_writer_truncated_containers_total"",""labels"":[""filter_name"",""module"",""path"",""stream"",""writer""],""label_values"":[""default"",""NTP"",""ntp"",""NTP::LOG"",""Log::WRITER_ASCII""],""value"":0.0}",1790171974535034538,"{""ability"":""I"",""detected_level"":""S"",""filename"":""I"",""job"":""I"",""nist_control"":""I"",""service_name"":""I""}",1790171974535034538_1229bedc
"{""ability"":""target_acquisition"",""detected_level"":""unknown"",""filename"":""/opt/zeek/logs/current/telemetry.log"",""job"":""search_man"",""nist_control"":""detect"",""service_name"":""search_man""}",2026-09-23 09:59:34.535,"{""ts"":1790084916.06915,""peer"":""zeek"",""metric_type"":""counter"",""name"":""zeek_log_writer_truncated_containers_total"",""labels"":[""filter_name"",""module"",""path"",""stream"",""writer""],""label_values"":[""default"",""SSL"",""ssl"",""SSL::LOG"",""Log::WRITER_ASCII""],""value"":0.0}",1790171974535021913,"{""ability"":""I"",""detected_level"":""S"",""filename"":""I"",""job"":""I"",""nist_control"":""I"",""service_name"":""I""}",1790171974535021913_10afd9d4
"{""ability"":""target_acquisition"",""detected_level"":""unknown"",""filename"":""/opt/zeek/logs/current/telemetry.log"",""job"":""search_man"",""nist_control"":""detect"",""service_name"":""search_man""}",2026-09-23 09:59:34.535,"{""ts"":1790084916.06915,""peer"":""zeek"",""metric_type"":""counter"",""name"":""zeek_log_writer_truncated_containers_total"",""labels"":[""filter_name"",""module"",""path"",""stream"",""writer""],""label_values"":[""default"",""Weird"",""weird"",""Weird::LOG"",""Log::WRITER_ASCII""],""value"":0.0}",1790171974535012876,"{""ability"":""I"",""detected_level"":""S"",""filename"":""I"",""job"":""I"",""nist_control"":""I"",""service_name"":""I""}",1790171974535012876_71736cd3
"{""ability"":""target_acquisition"",""detected_level"":""unknown"",""filename"":""/opt/zeek/logs/current/telemetry.log"",""job"":""search_man"",""nist_control"":""detect"",""service_name"":""search_man""}",2026-09-23 09:59:34.535,"{""ts"":1790084916.06915,""peer"":""zeek"",""metric_type"":""counter"",""name"":""zeek_log_writer_truncated_containers_total"",""labels"":[""filter_name"",""module"",""path"",""stream"",""writer""],""label_values"":[""default"",""CaptureLoss"",""capture_loss"",""CaptureLoss::LOG"",""Log::WRITER_ASCII""],""value"":0.0}",1790171974535007858,"{""ability"":""I"",""detected_level"":""S"",""filename"":""I"",""job"":""I"",""nist_control"":""I"",""service_name"":""I""}",1790171974535007858_dae2d2a2
"{""ability"":""target_acquisition"",""detected_level"":""unknown"",""filename"":""/opt/zeek/logs/current/telemetry.log"",""job"":""search_man"",""nist_control"":""detect"",""service_name"":""search_man""}",2026-09-23 09:59:34.534,"{""ts"":1790084916.06915,""peer"":""zeek"",""metric_type"":""counter"",""name"":""zeek_log_writer_truncated_containers_total"",""labels"":[""filter_name"",""module"",""path"",""stream"",""writer""],""label_values"":[""default"",""Notice"",""notice"",""Notice::LOG"",""Log::WRITER_ASCII""],""value"":0.0}",1790171974534937574,"{""ability"":""I"",""detected_level"":""S"",""filename"":""I"",""job"":""I"",""nist_control"":""I"",""service_name"":""I""}",1790171974534937574_23e184d0
"{""ability"":""target_acquisition"",""detected_level"":""unknown"",""filename"":""/opt/zeek/logs/current/telemetry.log"",""job"":""search_man"",""nist_control"":""detect"",""service_name"":""search_man""}",2026-09-23 09:59:34.534,"{""ts"":1790084916.06915,""peer"":""zeek"",""metric_type"":""counter"",""name"":""zeek_log_writer_truncated_containers_total"",""labels"":[""filter_name"",""module"",""path"",""stream"",""writer""],""label_values"":[""default"",""Conn"",""conn"",""Conn::LOG"",""Log::WRITER_ASCII""],""value"":0.0}",1790171974534920092,"{""ability"":""I"",""detected_level"":""S"",""filename"":""I"",""job"":""I"",""nist_control"":""I"",""service_name"":""I""}",1790171974534920092_93184aa6
"{""ability"":""target_acquisition"",""detected_level"":""unknown"",""filename"":""/opt/zeek/logs/current/telemetry.log"",""job"":""search_man"",""nist_control"":""detect"",""service_name"":""search_man""}",2026-09-23 09:59:34.534,"{""ts"":1790084916.06915,""peer"":""zeek"",""metric_type"":""counter"",""name"":""zeek_log_writer_truncated_containers_total"",""labels"":[""filter_name"",""module"",""path"",""stream"",""writer""],""label_values"":[""default"",""Known"",""known_services"",""Known::SERVICES_LOG"",""Log::WRITER_ASCII""],""value"":0.0}",1790171974534878956,"{""ability"":""I"",""detected_level"":""S"",""filename"":""I"",""job"":""I"",""nist_control"":""I"",""service_name"":""I""}",1790171974534878956_a4155641
"{""ability"":""target_acquisition"",""detected_level"":""unknown"",""filename"":""/opt/zeek/logs/current/telemetry.log"",""job"":""search_man"",""nist_control"":""detect"",""service_name"":""search_man""}",2026-09-23 09:59:34.534,"{""ts"":1790084916.06915,""peer"":""zeek"",""metric_type"":""counter"",""name"":""zeek_log_writer_truncated_containers_total"",""labels"":[""filter_name"",""module"",""path"",""stream"",""writer""],""label_values"":[""default"",""DNS"",""dns"",""DNS::LOG"",""Log::WRITER_ASCII""],""value"":0.0}",1790171974534868785,"{""ability"":""I"",""detected_level"":""S"",""filename"":""I"",""job"":""I"",""nist_control"":""I"",""service_name"":""I""}",1790171974534868785_a22e53a9
"{""ability"":""target_acquisition"",""detected_level"":""unknown"",""filename"":""/opt/zeek/logs/current/telemetry.log"",""job"":""search_man"",""nist_control"":""detect"",""service_name"":""search_man""}",2026-09-23 09:59:34.534,"{""ts"":1790084916.06915,""peer"":""zeek"",""metric_type"":""counter"",""name"":""zeek_log_writer_truncated_containers_total"",""labels"":[""filter_name"",""module"",""path"",""stream"",""writer""],""label_values"":[""default"",""Stats"",""stats"",""Stats::LOG"",""Log::WRITER_ASCII""],""value"":0.0}",1790171974534864079,"{""ability"":""I"",""detected_level"":""S"",""filename"":""I"",""job"":""I"",""nist_control"":""I"",""service_name"":""I""}",1790171974534864079_2d46997d
"{""ability"":""target_acquisition"",""detected_level"":""unknown"",""filename"":""/opt/zeek/logs/current/telemetry.log"",""job"":""search_man"",""nist_control"":""detect"",""service_name"":""search_man""}",2026-09-23 09:59:34.534,"{""ts"":1790084916.06915,""peer"":""zeek"",""metric_type"":""counter"",""name"":""zeek_log_writer_truncated_containers_total"",""labels"":[""filter_name"",""module"",""path"",""stream"",""writer""],""label_values"":[""default"",""Telemetry"",""telemetry"",""Telemetry::LOG"",""Log::WRITER_ASCII""],""value"":0.0}",1790171974534792797,"{""ability"":""I"",""detected_level"":""S"",""filename"":""I"",""job"":""I"",""nist_control"":""I"",""service_name"":""I""}",1790171974534792797_f5bd0cbd
"{""ability"":""target_acquisition"",""detected_level"":""unknown"",""filename"":""/opt/zeek/logs/current/telemetry.log"",""job"":""search_man"",""nist_control"":""detect"",""service_name"":""search_man""}",2026-09-23 09:59:34.534,"{""ts"":1790084916.06915,""peer"":""zeek"",""metric_type"":""counter"",""name"":""zeek_log_writer_truncated_containers_total"",""labels"":[""filter_name"",""module"",""path"",""stream"",""writer""],""label_values"":[""default"",""LoadedScripts"",""loaded_scripts"",""LoadedScripts::LOG"",""Log::WRITER_ASCII""],""value"":0.0}",1790171974534776520,"{""ability"":""I"",""detected_level"":""S"",""filename"":""I"",""job"":""I"",""nist_control"":""I"",""service_name"":""I""}",1790171974534776520_99cf5370
"{""ability"":""target_acquisition"",""detected_level"":""unknown"",""filename"":""/opt/zeek/logs/current/telemetry.log"",""job"":""search_man"",""nist_control"":""detect"",""service_name"":""search_man""}",2026-09-23 09:59:34.534,"{""ts"":1790084916.06915,""peer"":""zeek"",""metric_type"":""counter"",""name"":""zeek_log_writer_truncated_containers_total"",""labels"":[""filter_name"",""module"",""path"",""stream"",""writer""],""label_values"":[""default"",""PacketFilter"",""packet_filter"",""PacketFilter::LOG"",""Log::WRITER_ASCII""],""value"":0.0}",1790171974534763311,"{""ability"":""I"",""detected_level"":""S"",""filename"":""I"",""job"":""I"",""nist_control"":""I"",""service_name"":""I""}",1790171974534763311_7e49baef
"{""ability"":""target_acquisition"",""detected_level"":""unknown"",""filename"":""/opt/zeek/logs/current/telemetry.log"",""job"":""search_man"",""nist_control"":""detect"",""service_name"":""search_man""}",2026-09-23 09:59:34.534,"{""ts"":1790084916.06915,""peer"":""zeek"",""metric_type"":""counter"",""name"":""zeek_log_writer_truncated_containers_total"",""labels"":[""filter_name"",""module"",""path"",""stream"",""writer""],""label_values"":[""default"",""DHCP"",""dhcp"",""DHCP::LOG"",""Log::WRITER_ASCII""],""value"":0.0}",1790171974534753184,"{""ability"":""I"",""detected_level"":""S"",""filename"":""I"",""job"":""I"",""nist_control"":""I"",""service_name"":""I""}",1790171974534753184_7714bab5
"{""ability"":""target_acquisition"",""detected_level"":""unknown"",""filename"":""/opt/zeek/logs/current/telemetry.log"",""job"":""search_man"",""nist_control"":""detect"",""service_name"":""search_man""}",2026-09-23 09:59:34.534,"{""ts"":1790084916.06915,""peer"":""zeek"",""metric_type"":""counter"",""name"":""zeek_log_writer_truncated_string_fields_total"",""labels"":[""filter_name"",""module"",""path"",""stream"",""writer""],""label_values"":[""default"",""QUIC"",""quic"",""QUIC::LOG"",""Log::WRITER_ASCII""],""value"":0.0}",1790171974534747264,"{""ability"":""I"",""detected_level"":""S"",""filename"":""I"",""job"":""I"",""nist_control"":""I"",""service_name"":""I""}",1790171974534747264_a6b49599
"{""ability"":""target_acquisition"",""detected_level"":""unknown"",""filename"":""/opt/zeek/logs/current/telemetry.log"",""job"":""search_man"",""nist_control"":""detect"",""service_name"":""search_man""}",2026-09-23 09:59:34.534,"{""ts"":1790084916.06915,""peer"":""zeek"",""metric_type"":""counter"",""name"":""zeek_log_writer_truncated_string_fields_total"",""labels"":[""filter_name"",""module"",""path"",""stream"",""writer""],""label_values"":[""default"",""Known"",""known_hosts"",""Known::HOSTS_LOG"",""Log::WRITER_ASCII""],""value"":0.0}",1790171974534647775,"{""ability"":""I"",""detected_level"":""S"",""filename"":""I"",""job"":""I"",""nist_control"":""I"",""service_name"":""I""}",1790171974534647775_9cd6ac74
"{""ability"":""target_acquisition"",""detected_level"":""unknown"",""filename"":""/opt/zeek/logs/current/telemetry.log"",""job"":""search_man"",""nist_control"":""detect"",""service_name"":""search_man""}",2026-09-23 09:59:34.534,"{""ts"":1790084916.06915,""peer"":""zeek"",""metric_type"":""counter"",""name"":""zeek_log_writer_truncated_string_fields_total"",""labels"":[""filter_name"",""module"",""path"",""stream"",""writer""],""label_values"":[""default"",""X509"",""x509"",""X509::LOG"",""Log::WRITER_ASCII""],""value"":0.0}",1790171974534631969,"{""ability"":""I"",""detected_level"":""S"",""filename"":""I"",""job"":""I"",""nist_control"":""I"",""service_name"":""I""}",1790171974534631969_9bfcef1b
"{""ability"":""target_acquisition"",""detected_level"":""unknown"",""filename"":""/opt/zeek/logs/current/telemetry.log"",""job"":""search_man"",""nist_control"":""detect"",""service_name"":""search_man""}",2026-09-23 09:59:34.534,"{""ts"":1790084916.06915,""peer"":""zeek"",""metric_type"":""counter"",""name"":""zeek_log_writer_truncated_string_fields_total"",""labels"":[""filter_name"",""module"",""path"",""stream"",""writer""],""label_values"":[""default"",""NTP"",""ntp"",""NTP::LOG"",""Log::WRITER_ASCII""],""value"":0.0}",1790171974534618887,"{""ability"":""I"",""detected_level"":""S"",""filename"":""I"",""job"":""I"",""nist_control"":""I"",""service_name"":""I""}",1790171974534618887_b2db8fe5
"{""ability"":""target_acquisition"",""detected_level"":""unknown"",""filename"":""/opt/zeek/logs/current/telemetry.log"",""job"":""search_man"",""nist_control"":""detect"",""service_name"":""search_man""}",2026-09-23 09:59:34.534,"{""ts"":1790084916.06915,""peer"":""zeek"",""metric_type"":""counter"",""name"":""zeek_log_writer_truncated_string_fields_total"",""labels"":[""filter_name"",""module"",""path"",""stream"",""writer""],""label_values"":[""default"",""SSL"",""ssl"",""SSL::LOG"",""Log::WRITER_ASCII""],""value"":0.0}",1790171974534605082,"{""ability"":""I"",""detected_level"":""S"",""filename"":""I"",""job"":""I"",""nist_control"":""I"",""service_name"":""I""}",1790171974534605082_a3257f41
"{""ability"":""target_acquisition"",""detected_level"":""unknown"",""filename"":""/opt/zeek/logs/current/telemetry.log"",""job"":""search_man"",""nist_control"":""detect"",""service_name"":""search_man""}",2026-09-23 09:59:34.534,"{""ts"":1790084916.06915,""peer"":""zeek"",""metric_type"":""counter"",""name"":""zeek_log_writer_truncated_string_fields_total"",""labels"":[""filter_name"",""module"",""path"",""stream"",""writer""],""label_values"":[""default"",""Weird"",""weird"",""Weird::LOG"",""Log::WRITER_ASCII""],""value"":0.0}",1790171974534539263,"{""ability"":""I"",""detected_level"":""S"",""filename"":""I"",""job"":""I"",""nist_control"":""I"",""service_name"":""I""}",1790171974534539263_59ecbb62
"{""ability"":""target_acquisition"",""detected_level"":""unknown"",""filename"":""/opt/zeek/logs/current/telemetry.log"",""job"":""search_man"",""nist_control"":""detect"",""service_name"":""search_man""}",2026-09-23 09:59:34.534,"{""ts"":1790084916.06915,""peer"":""zeek"",""metric_type"":""counter"",""name"":""zeek_log_writer_truncated_string_fields_total"",""labels"":[""filter_name"",""module"",""path"",""stream"",""writer""],""label_values"":[""default"",""CaptureLoss"",""capture_loss"",""CaptureLoss::LOG"",""Log::WRITER_ASCII""],""value"":0.0}",1790171974534467659,"{""ability"":""I"",""detected_level"":""S"",""filename"":""I"",""job"":""I"",""nist_control"":""I"",""service_name"":""I""}",1790171974534467659_533ed4fd
"{""ability"":""target_acquisition"",""detected_level"":""unknown"",""filename"":""/opt/zeek/logs/current/telemetry.log"",""job"":""search_man"",""nist_control"":""detect"",""service_name"":""search_man""}",2026-09-23 09:59:34.534,"{""ts"":1790084916.06915,""peer"":""zeek"",""metric_type"":""counter"",""name"":""zeek_log_writer_truncated_string_fields_total"",""labels"":[""filter_name"",""module"",""path"",""stream"",""writer""],""label_values"":[""default"",""Notice"",""notice"",""Notice::LOG"",""Log::WRITER_ASCII""],""value"":0.0}",1790171974534444072,"{""ability"":""I"",""detected_level"":""S"",""filename"":""I"",""job"":""I"",""nist_control"":""I"",""service_name"":""I""}",1790171974534444072_e85be3f3
"{""ability"":""target_acquisition"",""detected_level"":""unknown"",""filename"":""/opt/zeek/logs/current/telemetry.log"",""job"":""search_man"",""nist_control"":""detect"",""service_name"":""search_man""}",2026-09-23 09:59:34.534,"{""ts"":1790084916.06915,""peer"":""zeek"",""metric_type"":""counter"",""name"":""zeek_log_writer_truncated_string_fields_total"",""labels"":[""filter_name"",""module"",""path"",""stream"",""writer""],""label_values"":[""default"",""Conn"",""conn"",""Conn::LOG"",""Log::WRITER_ASCII""],""value"":0.0}",1790171974534395069,"{""ability"":""I"",""detected_level"":""S"",""filename"":""I"",""job"":""I"",""nist_control"":""I"",""service_name"":""I""}",1790171974534395069_adedfd85
"{""ability"":""target_acquisition"",""detected_level"":""unknown"",""filename"":""/opt/zeek/logs/current/telemetry.log"",""job"":""search_man"",""nist_control"":""detect"",""service_name"":""search_man""}",2026-09-23 09:59:34.534,"{""ts"":1790084916.06915,""peer"":""zeek"",""metric_type"":""counter"",""name"":""zeek_log_writer_truncated_string_fields_total"",""labels"":[""filter_name"",""module"",""path"",""stream"",""writer""],""label_values"":[""default"",""Known"",""known_services"",""Known::SERVICES_LOG"",""Log::WRITER_ASCII""],""value"":0.0}",1790171974534377773,"{""ability"":""I"",""detected_level"":""S"",""filename"":""I"",""job"":""I"",""nist_control"":""I"",""service_name"":""I""}",1790171974534377773_1dce1160
"{""ability"":""target_acquisition"",""detected_level"":""unknown"",""filename"":""/opt/zeek/logs/current/telemetry.log"",""job"":""search_man"",""nist_control"":""detect"",""service_name"":""search_man""}",2026-09-23 09:59:34.534,"{""ts"":1790084916.06915,""peer"":""zeek"",""metric_type"":""counter"",""name"":""zeek_log_writer_truncated_string_fields_total"",""labels"":[""filter_name"",""module"",""path"",""stream"",""writer""],""label_values"":[""default"",""DNS"",""dns"",""DNS::LOG"",""Log::WRITER_ASCII""],""value"":0.0}",1790171974534360102,"{""ability"":""I"",""detected_level"":""S"",""filename"":""I"",""job"":""I"",""nist_control"":""I"",""service_name"":""I""}",1790171974534360102_8f0e26ac
"{""ability"":""target_acquisition"",""detected_level"":""unknown"",""filename"":""/opt/zeek/logs/current/telemetry.log"",""job"":""search_man"",""nist_control"":""detect"",""service_name"":""search_man""}",2026-09-23 09:59:34.534,"{""ts"":1790084916.06915,""peer"":""zeek"",""metric_type"":""counter"",""name"":""zeek_log_writer_truncated_string_fields_total"",""labels"":[""filter_name"",""module"",""path"",""stream"",""writer""],""label_values"":[""default"",""Stats"",""stats"",""Stats::LOG"",""Log::WRITER_ASCII""],""value"":0.0}",1790171974534181001,"{""ability"":""I"",""detected_level"":""S"",""filename"":""I"",""job"":""I"",""nist_control"":""I"",""service_name"":""I""}",1790171974534181001_952ccd14
"{""ability"":""target_acquisition"",""detected_level"":""unknown"",""filename"":""/opt/zeek/logs/current/telemetry.log"",""job"":""search_man"",""nist_control"":""detect"",""service_name"":""search_man""}",2026-09-23 09:59:34.534,"{""ts"":1790084916.06915,""peer"":""zeek"",""metric_type"":""counter"",""name"":""zeek_log_writer_truncated_string_fields_total"",""labels"":[""filter_name"",""module"",""path"",""stream"",""writer""],""label_values"":[""default"",""Telemetry"",""telemetry"",""Telemetry::LOG"",""Log::WRITER_ASCII""],""value"":0.0}",1790171974534164768,"{""ability"":""I"",""detected_level"":""S"",""filename"":""I"",""job"":""I"",""nist_control"":""I"",""service_name"":""I""}",1790171974534164768_52d11cc0
"{""ability"":""target_acquisition"",""detected_level"":""unknown"",""filename"":""/opt/zeek/logs/current/telemetry.log"",""job"":""search_man"",""nist_control"":""detect"",""service_name"":""search_man""}",2026-09-23 09:59:34.534,"{""ts"":1790084916.06915,""peer"":""zeek"",""metric_type"":""counter"",""name"":""zeek_log_writer_truncated_string_fields_total"",""labels"":[""filter_name"",""module"",""path"",""stream"",""writer""],""label_values"":[""default"",""LoadedScripts"",""loaded_scripts"",""LoadedScripts::LOG"",""Log::WRITER_ASCII""],""value"":0.0}",1790171974534151471,"{""ability"":""I"",""detected_level"":""S"",""filename"":""I"",""job"":""I"",""nist_control"":""I"",""service_name"":""I""}",1790171974534151471_9f8e25d7
"{""ability"":""target_acquisition"",""detected_level"":""unknown"",""filename"":""/opt/zeek/logs/current/telemetry.log"",""job"":""search_man"",""nist_control"":""detect"",""service_name"":""search_man""}",2026-09-23 09:59:34.534,"{""ts"":1790084916.06915,""peer"":""zeek"",""metric_type"":""counter"",""name"":""zeek_log_writer_truncated_string_fields_total"",""labels"":[""filter_name"",""module"",""path"",""stream"",""writer""],""label_values"":[""default"",""PacketFilter"",""packet_filter"",""PacketFilter::LOG"",""Log::WRITER_ASCII""],""value"":0.0}",1790171974534141800,"{""ability"":""I"",""detected_level"":""S"",""filename"":""I"",""job"":""I"",""nist_control"":""I"",""service_name"":""I""}",1790171974534141800_96dbe586
"{""ability"":""target_acquisition"",""detected_level"":""unknown"",""filename"":""/opt/zeek/logs/current/telemetry.log"",""job"":""search_man"",""nist_control"":""detect"",""service_name"":""search_man""}",2026-09-23 09:59:34.534,"{""ts"":1790084916.06915,""peer"":""zeek"",""metric_type"":""counter"",""name"":""zeek_log_writer_truncated_string_fields_total"",""labels"":[""filter_name"",""module"",""path"",""stream"",""writer""],""label_values"":[""default"",""DHCP"",""dhcp"",""DHCP::LOG"",""Log::WRITER_ASCII""],""value"":0.0}",1790171974534136087,"{""ability"":""I"",""detected_level"":""S"",""filename"":""I"",""job"":""I"",""nist_control"":""I"",""service_name"":""I""}",1790171974534136087_99f6347a
"{""ability"":""target_acquisition"",""detected_level"":""unknown"",""filename"":""/opt/zeek/logs/current/telemetry.log"",""job"":""search_man"",""nist_control"":""detect"",""service_name"":""search_man""}",2026-09-23 09:59:34.534,"{""ts"":1790084916.06915,""peer"":""zeek"",""metric_type"":""counter"",""name"":""zeek_log_writer_discarded_writes_total"",""labels"":[""filter_name"",""module"",""path"",""stream"",""writer""],""label_values"":[""default"",""QUIC"",""quic"",""QUIC::LOG"",""Log::WRITER_ASCII""],""value"":0.0}",1790171974534034868,"{""ability"":""I"",""detected_level"":""S"",""filename"":""I"",""job"":""I"",""nist_control"":""I"",""service_name"":""I""}",1790171974534034868_8ae2a1a9
"{""ability"":""target_acquisition"",""detected_level"":""unknown"",""filename"":""/opt/zeek/logs/current/telemetry.log"",""job"":""search_man"",""nist_control"":""detect"",""service_name"":""search_man""}",2026-09-23 09:59:34.534,"{""ts"":1790084916.06915,""peer"":""zeek"",""metric_type"":""counter"",""name"":""zeek_log_writer_discarded_writes_total"",""labels"":[""filter_name"",""module"",""path"",""stream"",""writer""],""label_values"":[""default"",""Known"",""known_hosts"",""Known::HOSTS_LOG"",""Log::WRITER_ASCII""],""value"":0.0}",1790171974534016054,"{""ability"":""I"",""detected_level"":""S"",""filename"":""I"",""job"":""I"",""nist_control"":""I"",""service_name"":""I""}",1790171974534016054_d562c3c4
"{""ability"":""target_acquisition"",""detected_level"":""unknown"",""filename"":""/opt/zeek/logs/current/telemetry.log"",""job"":""search_man"",""nist_control"":""detect"",""service_name"":""search_man""}",2026-09-23 09:59:34.533,"{""ts"":1790084916.06915,""peer"":""zeek"",""metric_type"":""counter"",""name"":""zeek_log_writer_discarded_writes_total"",""labels"":[""filter_name"",""module"",""path"",""stream"",""writer""],""label_values"":[""default"",""X509"",""x509"",""X509::LOG"",""Log::WRITER_ASCII""],""value"":0.0}",1790171974533967133,"{""ability"":""I"",""detected_level"":""S"",""filename"":""I"",""job"":""I"",""nist_control"":""I"",""service_name"":""I""}",1790171974533967133_654cd4eb
"{""ability"":""target_acquisition"",""detected_level"":""unknown"",""filename"":""/opt/zeek/logs/current/telemetry.log"",""job"":""search_man"",""nist_control"":""detect"",""service_name"":""search_man""}",2026-09-23 09:59:34.533,"{""ts"":1790084916.06915,""peer"":""zeek"",""metric_type"":""counter"",""name"":""zeek_log_writer_discarded_writes_total"",""labels"":[""filter_name"",""module"",""path"",""stream"",""writer""],""label_values"":[""default"",""NTP"",""ntp"",""NTP::LOG"",""Log::WRITER_ASCII""],""value"":0.0}",1790171974533961125,"{""ability"":""I"",""detected_level"":""S"",""filename"":""I"",""job"":""I"",""nist_control"":""I"",""service_name"":""I""}",1790171974533961125_c539a15
"{""ability"":""target_acquisition"",""detected_level"":""unknown"",""filename"":""/opt/zeek/logs/current/telemetry.log"",""job"":""search_man"",""nist_control"":""detect"",""service_name"":""search_man""}",2026-09-23 09:59:34.533,"{""ts"":1790084916.06915,""peer"":""zeek"",""metric_type"":""counter"",""name"":""zeek_log_writer_discarded_writes_total"",""labels"":[""filter_name"",""module"",""path"",""stream"",""writer""],""label_values"":[""default"",""SSL"",""ssl"",""SSL::LOG"",""Log::WRITER_ASCII""],""value"":0.0}",1790171974533843889,"{""ability"":""I"",""detected_level"":""S"",""filename"":""I"",""job"":""I"",""nist_control"":""I"",""service_name"":""I""}",1790171974533843889_b17c031
"{""ability"":""target_acquisition"",""detected_level"":""unknown"",""filename"":""/opt/zeek/logs/current/telemetry.log"",""job"":""search_man"",""nist_control"":""detect"",""service_name"":""search_man""}",2026-09-23 09:59:34.533,"{""ts"":1790084916.06915,""peer"":""zeek"",""metric_type"":""counter"",""name"":""zeek_log_writer_discarded_writes_total"",""labels"":[""filter_name"",""module"",""path"",""stream"",""writer""],""label_values"":[""default"",""Weird"",""weird"",""Weird::LOG"",""Log::WRITER_ASCII""],""value"":0.0}",1790171974533828013,"{""ability"":""I"",""detected_level"":""S"",""filename"":""I"",""job"":""I"",""nist_control"":""I"",""service_name"":""I""}",1790171974533828013_7dac5812
"{""ability"":""target_acquisition"",""detected_level"":""unknown"",""filename"":""/opt/zeek/logs/current/telemetry.log"",""job"":""search_man"",""nist_control"":""detect"",""service_name"":""search_man""}",2026-09-23 09:59:34.533,"{""ts"":1790084916.06915,""peer"":""zeek"",""metric_type"":""counter"",""name"":""zeek_log_writer_discarded_writes_total"",""labels"":[""filter_name"",""module"",""path"",""stream"",""writer""],""label_values"":[""default"",""CaptureLoss"",""capture_loss"",""CaptureLoss::LOG"",""Log::WRITER_ASCII""],""value"":0.0}",1790171974533812714,"{""ability"":""I"",""detected_level"":""S"",""filename"":""I"",""job"":""I"",""nist_control"":""I"",""service_name"":""I""}",1790171974533812714_223cc3ed
"{""ability"":""target_acquisition"",""detected_level"":""unknown"",""filename"":""/opt/zeek/logs/current/telemetry.log"",""job"":""search_man"",""nist_control"":""detect"",""service_name"":""search_man""}",2026-09-23 09:59:34.533,"{""ts"":1790084916.06915,""peer"":""zeek"",""metric_type"":""counter"",""name"":""zeek_log_writer_discarded_writes_total"",""labels"":[""filter_name"",""module"",""path"",""stream"",""writer""],""label_values"":[""default"",""Notice"",""notice"",""Notice::LOG"",""Log::WRITER_ASCII""],""value"":0.0}",1790171974533743185,"{""ability"":""I"",""detected_level"":""S"",""filename"":""I"",""job"":""I"",""nist_control"":""I"",""service_name"":""I""}",1790171974533743185_267ff1e3
"{""ability"":""target_acquisition"",""detected_level"":""unknown"",""filename"":""/opt/zeek/logs/current/telemetry.log"",""job"":""search_man"",""nist_control"":""detect"",""service_name"":""search_man""}",2026-09-23 09:59:34.533,"{""ts"":1790084916.06915,""peer"":""zeek"",""metric_type"":""counter"",""name"":""zeek_log_writer_discarded_writes_total"",""labels"":[""filter_name"",""module"",""path"",""stream"",""writer""],""label_values"":[""default"",""Conn"",""conn"",""Conn::LOG"",""Log::WRITER_ASCII""],""value"":0.0}",1790171974533729472,"{""ability"":""I"",""detected_level"":""S"",""filename"":""I"",""job"":""I"",""nist_control"":""I"",""service_name"":""I""}",1790171974533729472_ecafb415
"{""ability"":""target_acquisition"",""detected_level"":""unknown"",""filename"":""/opt/zeek/logs/current/telemetry.log"",""job"":""search_man"",""nist_control"":""detect"",""service_name"":""search_man""}",2026-09-23 09:59:34.533,"{""ts"":1790084916.06915,""peer"":""zeek"",""metric_type"":""counter"",""name"":""zeek_log_writer_discarded_writes_total"",""labels"":[""filter_name"",""module"",""path"",""stream"",""writer""],""label_values"":[""default"",""Known"",""known_services"",""Known::SERVICES_LOG"",""Log::WRITER_ASCII""],""value"":0.0}",1790171974533492121,"{""ability"":""I"",""detected_level"":""S"",""filename"":""I"",""job"":""I"",""nist_control"":""I"",""service_name"":""I""}",1790171974533492121_2ea017b0
"{""ability"":""target_acquisition"",""detected_level"":""unknown"",""filename"":""/opt/zeek/logs/current/telemetry.log"",""job"":""search_man"",""nist_control"":""detect"",""service_name"":""search_man""}",2026-09-23 09:59:34.533,"{""ts"":1790084916.06915,""peer"":""zeek"",""metric_type"":""counter"",""name"":""zeek_log_writer_discarded_writes_total"",""labels"":[""filter_name"",""module"",""path"",""stream"",""writer""],""label_values"":[""default"",""DNS"",""dns"",""DNS::LOG"",""Log::WRITER_ASCII""],""value"":0.0}",1790171974533424268,"{""ability"":""I"",""detected_level"":""S"",""filename"":""I"",""job"":""I"",""nist_control"":""I"",""service_name"":""I""}",1790171974533424268_fc483cbc
"{""ability"":""target_acquisition"",""detected_level"":""unknown"",""filename"":""/opt/zeek/logs/current/telemetry.log"",""job"":""search_man"",""nist_control"":""detect"",""service_name"":""search_man""}",2026-09-23 09:59:34.533,"{""ts"":1790084916.06915,""peer"":""zeek"",""metric_type"":""counter"",""name"":""zeek_log_writer_discarded_writes_total"",""labels"":[""filter_name"",""module"",""path"",""stream"",""writer""],""label_values"":[""default"",""Stats"",""stats"",""Stats::LOG"",""Log::WRITER_ASCII""],""value"":0.0}",1790171974533190329,"{""ability"":""I"",""detected_level"":""S"",""filename"":""I"",""job"":""I"",""nist_control"":""I"",""service_name"":""I""}",1790171974533190329_e1504184
"{""ability"":""target_acquisition"",""detected_level"":""unknown"",""filename"":""/opt/zeek/logs/current/telemetry.log"",""job"":""search_man"",""nist_control"":""detect"",""service_name"":""search_man""}",2026-09-23 09:59:34.533,"{""ts"":1790084916.06915,""peer"":""zeek"",""metric_type"":""counter"",""name"":""zeek_log_writer_discarded_writes_total"",""labels"":[""filter_name"",""module"",""path"",""stream"",""writer""],""label_values"":[""default"",""Telemetry"",""telemetry"",""Telemetry::LOG"",""Log::WRITER_ASCII""],""value"":0.0}",1790171974533180175,"{""ability"":""I"",""detected_level"":""S"",""filename"":""I"",""job"":""I"",""nist_control"":""I"",""service_name"":""I""}",1790171974533180175_279d0bf0
"{""ability"":""target_acquisition"",""detected_level"":""unknown"",""filename"":""/opt/zeek/logs/current/telemetry.log"",""job"":""search_man"",""nist_control"":""detect"",""service_name"":""search_man""}",2026-09-23 09:59:34.533,"{""ts"":1790084916.06915,""peer"":""zeek"",""metric_type"":""counter"",""name"":""zeek_log_writer_discarded_writes_total"",""labels"":[""filter_name"",""module"",""path"",""stream"",""writer""],""label_values"":[""default"",""LoadedScripts"",""loaded_scripts"",""LoadedScripts::LOG"",""Log::WRITER_ASCII""],""value"":0.0}",1790171974533174986,"{""ability"":""I"",""detected_level"":""S"",""filename"":""I"",""job"":""I"",""nist_control"":""I"",""service_name"":""I""}",1790171974533174986_4676f67
"{""ability"":""target_acquisition"",""detected_level"":""unknown"",""filename"":""/opt/zeek/logs/current/telemetry.log"",""job"":""search_man"",""nist_control"":""detect"",""service_name"":""search_man""}",2026-09-23 09:59:34.533,"{""ts"":1790084916.06915,""peer"":""zeek"",""metric_type"":""counter"",""name"":""zeek_log_writer_discarded_writes_total"",""labels"":[""filter_name"",""module"",""path"",""stream"",""writer""],""label_values"":[""default"",""PacketFilter"",""packet_filter"",""PacketFilter::LOG"",""Log::WRITER_ASCII""],""value"":0.0}",1790171974533089537,"{""ability"":""I"",""detected_level"":""S"",""filename"":""I"",""job"":""I"",""nist_control"":""I"",""service_name"":""I""}",1790171974533089537_baee5116
"{""ability"":""target_acquisition"",""detected_level"":""unknown"",""filename"":""/opt/zeek/logs/current/telemetry.log"",""job"":""search_man"",""nist_control"":""detect"",""service_name"":""search_man""}",2026-09-23 09:59:34.533,"{""ts"":1790084916.06915,""peer"":""zeek"",""metric_type"":""counter"",""name"":""zeek_log_writer_discarded_writes_total"",""labels"":[""filter_name"",""module"",""path"",""stream"",""writer""],""label_values"":[""default"",""DHCP"",""dhcp"",""DHCP::LOG"",""Log::WRITER_ASCII""],""value"":0.0}",1790171974533055186,"{""ability"":""I"",""detected_level"":""S"",""filename"":""I"",""job"":""I"",""nist_control"":""I"",""service_name"":""I""}",1790171974533055186_7e9cb0aa
"{""ability"":""target_acquisition"",""detected_level"":""unknown"",""filename"":""/opt/zeek/logs/current/telemetry.log"",""job"":""search_man"",""nist_control"":""detect"",""service_name"":""search_man""}",2026-09-23 09:59:34.533,"{""ts"":1790084916.06915,""peer"":""zeek"",""metric_type"":""counter"",""name"":""zeek_log_writer_writes_total"",""labels"":[""filter_name"",""module"",""path"",""stream"",""writer""],""label_values"":[""default"",""QUIC"",""quic"",""QUIC::LOG"",""Log::WRITER_ASCII""],""value"":120.0}",1790171974533042970,"{""ability"":""I"",""detected_level"":""S"",""filename"":""I"",""job"":""I"",""nist_control"":""I"",""service_name"":""I""}",1790171974533042970_201baf3e
"{""ability"":""target_acquisition"",""detected_level"":""unknown"",""filename"":""/opt/zeek/logs/current/telemetry.log"",""job"":""search_man"",""nist_control"":""detect"",""service_name"":""search_man""}",2026-09-23 09:59:34.533,"{""ts"":1790084916.06915,""peer"":""zeek"",""metric_type"":""counter"",""name"":""zeek_log_writer_writes_total"",""labels"":[""filter_name"",""module"",""path"",""stream"",""writer""],""label_values"":[""default"",""Known"",""known_hosts"",""Known::HOSTS_LOG"",""Log::WRITER_ASCII""],""value"":1.0}",1790171974533033108,"{""ability"":""I"",""detected_level"":""S"",""filename"":""I"",""job"":""I"",""nist_control"":""I"",""service_name"":""I""}",1790171974533033108_90ce63ad
"{""ability"":""target_acquisition"",""detected_level"":""unknown"",""filename"":""/opt/zeek/logs/current/telemetry.log"",""job"":""search_man"",""nist_control"":""detect"",""service_name"":""search_man""}",2026-09-23 09:59:34.533,"{""ts"":1790084916.06915,""peer"":""zeek"",""metric_type"":""counter"",""name"":""zeek_log_writer_writes_total"",""labels"":[""filter_name"",""module"",""path"",""stream"",""writer""],""label_values"":[""default"",""X509"",""x509"",""X509::LOG"",""Log::WRITER_ASCII""],""value"":2.0}",1790171974533027563,"{""ability"":""I"",""detected_level"":""S"",""filename"":""I"",""job"":""I"",""nist_control"":""I"",""service_name"":""I""}",1790171974533027563_68f2ebc1
"{""ability"":""target_acquisition"",""detected_level"":""unknown"",""filename"":""/opt/zeek/logs/current/telemetry.log"",""job"":""search_man"",""nist_control"":""detect"",""service_name"":""search_man""}",2026-09-23 09:59:34.532,"{""ts"":1790084916.06915,""peer"":""zeek"",""metric_type"":""counter"",""name"":""zeek_log_writer_writes_total"",""labels"":[""filter_name"",""module"",""path"",""stream"",""writer""],""label_values"":[""default"",""NTP"",""ntp"",""NTP::LOG"",""Log::WRITER_ASCII""],""value"":8.0}",1790171974532953104,"{""ability"":""I"",""detected_level"":""S"",""filename"":""I"",""job"":""I"",""nist_control"":""I"",""service_name"":""I""}",1790171974532953104_bf550ddd
"{""ability"":""target_acquisition"",""detected_level"":""unknown"",""filename"":""/opt/zeek/logs/current/telemetry.log"",""job"":""search_man"",""nist_control"":""detect"",""service_name"":""search_man""}",2026-09-23 09:59:34.532,"{""ts"":1790084916.06915,""peer"":""zeek"",""metric_type"":""counter"",""name"":""zeek_log_writer_writes_total"",""labels"":[""filter_name"",""module"",""path"",""stream"",""writer""],""label_values"":[""default"",""SSL"",""ssl"",""SSL::LOG"",""Log::WRITER_ASCII""],""value"":307.0}",1790171974532927958,"{""ability"":""I"",""detected_level"":""S"",""filename"":""I"",""job"":""I"",""nist_control"":""I"",""service_name"":""I""}",1790171974532927958_fa40a245
"{""ability"":""target_acquisition"",""detected_level"":""unknown"",""filename"":""/opt/zeek/logs/current/telemetry.log"",""job"":""search_man"",""nist_control"":""detect"",""service_name"":""search_man""}",2026-09-23 09:59:34.532,"{""ts"":1790084916.06915,""peer"":""zeek"",""metric_type"":""counter"",""name"":""zeek_log_writer_writes_total"",""labels"":[""filter_name"",""module"",""path"",""stream"",""writer""],""label_values"":[""default"",""Weird"",""weird"",""Weird::LOG"",""Log::WRITER_ASCII""],""value"":6.0}",1790171974532893926,"{""ability"":""I"",""detected_level"":""S"",""filename"":""I"",""job"":""I"",""nist_control"":""I"",""service_name"":""I""}",1790171974532893926_4ba827bc
"{""ability"":""target_acquisition"",""detected_level"":""unknown"",""filename"":""/opt/zeek/logs/current/telemetry.log"",""job"":""search_man"",""nist_control"":""detect"",""service_name"":""search_man""}",2026-09-23 09:59:34.532,"{""ts"":1790084916.06915,""peer"":""zeek"",""metric_type"":""counter"",""name"":""zeek_log_writer_writes_total"",""labels"":[""filter_name"",""module"",""path"",""stream"",""writer""],""label_values"":[""default"",""CaptureLoss"",""capture_loss"",""CaptureLoss::LOG"",""Log::WRITER_ASCII""],""value"":12.0}",1790171974532873268,"{""ability"":""I"",""detected_level"":""S"",""filename"":""I"",""job"":""I"",""nist_control"":""I"",""service_name"":""I""}",1790171974532873268_7633d55a
"{""ability"":""target_acquisition"",""detected_level"":""unknown"",""filename"":""/opt/zeek/logs/current/telemetry.log"",""job"":""search_man"",""nist_control"":""detect"",""service_name"":""search_man""}",2026-09-23 09:59:34.532,"{""ts"":1790084916.06915,""peer"":""zeek"",""metric_type"":""counter"",""name"":""zeek_log_writer_writes_total"",""labels"":[""filter_name"",""module"",""path"",""stream"",""writer""],""label_values"":[""default"",""Notice"",""notice"",""Notice::LOG"",""Log::WRITER_ASCII""],""value"":3.0}",1790171974532868220,"{""ability"":""I"",""detected_level"":""S"",""filename"":""I"",""job"":""I"",""nist_control"":""I"",""service_name"":""I""}",1790171974532868220_95be4c60
"{""ability"":""target_acquisition"",""detected_level"":""unknown"",""filename"":""/opt/zeek/logs/current/telemetry.log"",""job"":""search_man"",""nist_control"":""detect"",""service_name"":""search_man""}",2026-09-23 09:59:34.532,"{""ts"":1790084916.06915,""peer"":""zeek"",""metric_type"":""counter"",""name"":""zeek_log_writer_writes_total"",""labels"":[""filter_name"",""module"",""path"",""stream"",""writer""],""label_values"":[""default"",""Conn"",""conn"",""Conn::LOG"",""Log::WRITER_ASCII""],""value"":2803.0}",1790171974532796620,"{""ability"":""I"",""detected_level"":""S"",""filename"":""I"",""job"":""I"",""nist_control"":""I"",""service_name"":""I""}",1790171974532796620_c31a26
"{""ability"":""target_acquisition"",""detected_level"":""unknown"",""filename"":""/opt/zeek/logs/current/telemetry.log"",""job"":""search_man"",""nist_control"":""detect"",""service_name"":""search_man""}",2026-09-23 09:59:34.532,"{""ts"":1790084916.06915,""peer"":""zeek"",""metric_type"":""counter"",""name"":""zeek_log_writer_writes_total"",""labels"":[""filter_name"",""module"",""path"",""stream"",""writer""],""label_values"":[""default"",""Known"",""known_services"",""Known::SERVICES_LOG"",""Log::WRITER_ASCII""],""value"":2.0}",1790171974532780367,"{""ability"":""I"",""detected_level"":""S"",""filename"":""I"",""job"":""I"",""nist_control"":""I"",""service_name"":""I""}",1790171974532780367_ad94494a
"{""ability"":""target_acquisition"",""detected_level"":""unknown"",""filename"":""/opt/zeek/logs/current/telemetry.log"",""job"":""search_man"",""nist_control"":""detect"",""service_name"":""search_man""}",2026-09-23 09:59:34.532,"{""ts"":1790084916.06915,""peer"":""zeek"",""metric_type"":""counter"",""name"":""zeek_log_writer_writes_total"",""labels"":[""filter_name"",""module"",""path"",""stream"",""writer""],""label_values"":[""default"",""DNS"",""dns"",""DNS::LOG"",""Log::WRITER_ASCII""],""value"":26686.0}",1790171974532767859,"{""ability"":""I"",""detected_level"":""S"",""filename"":""I"",""job"":""I"",""nist_control"":""I"",""service_name"":""I""}",1790171974532767859_bae99e54
"{""ability"":""target_acquisition"",""detected_level"":""unknown"",""filename"":""/opt/zeek/logs/current/telemetry.log"",""job"":""search_man"",""nist_control"":""detect"",""service_name"":""search_man""}",2026-09-23 09:59:34.532,"{""ts"":1790084916.06915,""peer"":""zeek"",""metric_type"":""counter"",""name"":""zeek_log_writer_writes_total"",""labels"":[""filter_name"",""module"",""path"",""stream"",""writer""],""label_values"":[""default"",""Stats"",""stats"",""Stats::LOG"",""Log::WRITER_ASCII""],""value"":34.0}",1790171974532758403,"{""ability"":""I"",""detected_level"":""S"",""filename"":""I"",""job"":""I"",""nist_control"":""I"",""service_name"":""I""}",1790171974532758403_9a0bd109
"{""ability"":""target_acquisition"",""detected_level"":""unknown"",""filename"":""/opt/zeek/logs/current/telemetry.log"",""job"":""search_man"",""nist_control"":""detect"",""service_name"":""search_man""}",2026-09-23 09:59:34.532,"{""ts"":1790084916.06915,""peer"":""zeek"",""metric_type"":""counter"",""name"":""zeek_log_writer_writes_total"",""labels"":[""filter_name"",""module"",""path"",""stream"",""writer""],""label_values"":[""default"",""Telemetry"",""telemetry"",""Telemetry::LOG"",""Log::WRITER_ASCII""],""value"":42007.0}",1790171974532753388,"{""ability"":""I"",""detected_level"":""S"",""filename"":""I"",""job"":""I"",""nist_control"":""I"",""service_name"":""I""}",1790171974532753388_1a78c0e5
"{""ability"":""target_acquisition"",""detected_level"":""unknown"",""filename"":""/opt/zeek/logs/current/telemetry.log"",""job"":""search_man"",""nist_control"":""detect"",""service_name"":""search_man""}",2026-09-23 09:59:34.532,"{""ts"":1790084916.06915,""peer"":""zeek"",""metric_type"":""counter"",""name"":""zeek_log_writer_writes_total"",""labels"":[""filter_name"",""module"",""path"",""stream"",""writer""],""label_values"":[""default"",""LoadedScripts"",""loaded_scripts"",""LoadedScripts::LOG"",""Log::WRITER_ASCII""],""value"":559.0}",1790171974532680179,"{""ability"":""I"",""detected_level"":""S"",""filename"":""I"",""job"":""I"",""nist_control"":""I"",""service_name"":""I""}",1790171974532680179_d97ca984
"{""ability"":""target_acquisition"",""detected_level"":""unknown"",""filename"":""/opt/zeek/logs/current/telemetry.log"",""job"":""search_man"",""nist_control"":""detect"",""service_name"":""search_man""}",2026-09-23 09:59:34.532,"{""ts"":1790084916.06915,""peer"":""zeek"",""metric_type"":""counter"",""name"":""zeek_log_writer_writes_total"",""labels"":[""filter_name"",""module"",""path"",""stream"",""writer""],""label_values"":[""default"",""PacketFilter"",""packet_filter"",""PacketFilter::LOG"",""Log::WRITER_ASCII""],""value"":1.0}",1790171974532663528,"{""ability"":""I"",""detected_level"":""S"",""filename"":""I"",""job"":""I"",""nist_control"":""I"",""service_name"":""I""}",1790171974532663528_6ccb88ef
"{""ability"":""target_acquisition"",""detected_level"":""unknown"",""filename"":""/opt/zeek/logs/current/telemetry.log"",""job"":""search_man"",""nist_control"":""detect"",""service_name"":""search_man""}",2026-09-23 09:59:34.532,"{""ts"":1790084916.06915,""peer"":""zeek"",""metric_type"":""counter"",""name"":""zeek_log_writer_writes_total"",""labels"":[""filter_name"",""module"",""path"",""stream"",""writer""],""label_values"":[""default"",""DHCP"",""dhcp"",""DHCP::LOG"",""Log::WRITER_ASCII""],""value"":16.0}",1790171974532649647,"{""ability"":""I"",""detected_level"":""S"",""filename"":""I"",""job"":""I"",""nist_control"":""I"",""service_name"":""I""}",1790171974532649647_97ac699f
"{""ability"":""target_acquisition"",""detected_level"":""unknown"",""filename"":""/opt/zeek/logs/current/telemetry.log"",""job"":""search_man"",""nist_control"":""detect"",""service_name"":""search_man""}",2026-09-23 09:59:34.532,"{""ts"":1790084916.06915,""peer"":""zeek"",""metric_type"":""counter"",""name"":""zeek_log_stream_writes_total"",""labels"":[""module"",""stream""],""label_values"":[""Files"",""Files::LOG""],""value"":15.0}",1790171974532636774,"{""ability"":""I"",""detected_level"":""S"",""filename"":""I"",""job"":""I"",""nist_control"":""I"",""service_name"":""I""}",1790171974532636774_ceb98014
"{""ability"":""target_acquisition"",""detected_level"":""unknown"",""filename"":""/opt/zeek/logs/current/telemetry.log"",""job"":""search_man"",""nist_control"":""detect"",""service_name"":""search_man""}",2026-09-23 09:59:34.532,"{""ts"":1790084916.06915,""peer"":""zeek"",""metric_type"":""counter"",""name"":""zeek_log_stream_writes_total"",""labels"":[""module"",""stream""],""label_values"":[""Stats"",""Stats::LOG""],""value"":34.0}",1790171974532614816,"{""ability"":""I"",""detected_level"":""S"",""filename"":""I"",""job"":""I"",""nist_control"":""I"",""service_name"":""I""}",1790171974532614816_bc5b6b77
"{""ability"":""target_acquisition"",""detected_level"":""unknown"",""filename"":""/opt/zeek/logs/current/telemetry.log"",""job"":""search_man"",""nist_control"":""detect"",""service_name"":""search_man""}",2026-09-23 09:59:34.532,"{""ts"":1790084916.06915,""peer"":""zeek"",""metric_type"":""counter"",""name"":""zeek_log_stream_writes_total"",""labels"":[""module"",""stream""],""label_values"":[""X509"",""X509::LOG""],""value"":4.0}",1790171974532539397,"{""ability"":""I"",""detected_level"":""S"",""filename"":""I"",""job"":""I"",""nist_control"":""I"",""service_name"":""I""}",1790171974532539397_3ad4bcc6
"{""ability"":""target_acquisition"",""detected_level"":""unknown"",""filename"":""/opt/zeek/logs/current/telemetry.log"",""job"":""search_man"",""nist_control"":""detect"",""service_name"":""search_man""}",2026-09-23 09:59:34.532,"{""ts"":1790084916.06915,""peer"":""zeek"",""metric_type"":""counter"",""name"":""zeek_log_stream_writes_total"",""labels"":[""module"",""stream""],""label_values"":[""Known"",""Known::HOSTS_LOG""],""value"":1.0}",1790171974532505724,"{""ability"":""I"",""detected_level"":""S"",""filename"":""I"",""job"":""I"",""nist_control"":""I"",""service_name"":""I""}",1790171974532505724_6e714893
"{""ability"":""target_acquisition"",""detected_level"":""unknown"",""filename"":""/opt/zeek/logs/current/telemetry.log"",""job"":""search_man"",""nist_control"":""detect"",""service_name"":""search_man""}",2026-09-23 09:59:34.532,"{""ts"":1790084916.06915,""peer"":""zeek"",""metric_type"":""counter"",""name"":""zeek_log_stream_writes_total"",""labels"":[""module"",""stream""],""label_values"":[""CaptureLoss"",""CaptureLoss::LOG""],""value"":12.0}",1790171974532493546,"{""ability"":""I"",""detected_level"":""S"",""filename"":""I"",""job"":""I"",""nist_control"":""I"",""service_name"":""I""}",1790171974532493546_9549addb
"{""ability"":""target_acquisition"",""detected_level"":""unknown"",""filename"":""/opt/zeek/logs/current/telemetry.log"",""job"":""search_man"",""nist_control"":""detect"",""service_name"":""search_man""}",2026-09-23 09:59:34.532,"{""ts"":1790084916.06915,""peer"":""zeek"",""metric_type"":""counter"",""name"":""zeek_log_stream_writes_total"",""labels"":[""module"",""stream""],""label_values"":[""Notice"",""Notice::LOG""],""value"":3.0}",1790171974532483666,"{""ability"":""I"",""detected_level"":""S"",""filename"":""I"",""job"":""I"",""nist_control"":""I"",""service_name"":""I""}",1790171974532483666_65362e81
"{""ability"":""target_acquisition"",""detected_level"":""unknown"",""filename"":""/opt/zeek/logs/current/telemetry.log"",""job"":""search_man"",""nist_control"":""detect"",""service_name"":""search_man""}",2026-09-23 09:59:34.532,"{""ts"":1790084916.06915,""peer"":""zeek"",""metric_type"":""counter"",""name"":""zeek_log_stream_writes_total"",""labels"":[""module"",""stream""],""label_values"":[""SSL"",""SSL::LOG""],""value"":307.0}",1790171974532479090,"{""ability"":""I"",""detected_level"":""S"",""filename"":""I"",""job"":""I"",""nist_control"":""I"",""service_name"":""I""}",1790171974532479090_d67db9f2
"{""ability"":""target_acquisition"",""detected_level"":""unknown"",""filename"":""/opt/zeek/logs/current/telemetry.log"",""job"":""search_man"",""nist_control"":""detect"",""service_name"":""search_man""}",2026-09-23 09:59:34.532,"{""ts"":1790084916.06915,""peer"":""zeek"",""metric_type"":""counter"",""name"":""zeek_log_stream_writes_total"",""labels"":[""module"",""stream""],""label_values"":[""Known"",""Known::SERVICES_LOG""],""value"":2.0}",1790171974532407782,"{""ability"":""I"",""detected_level"":""S"",""filename"":""I"",""job"":""I"",""nist_control"":""I"",""service_name"":""I""}",1790171974532407782_4d11ce0d
"{""ability"":""target_acquisition"",""detected_level"":""unknown"",""filename"":""/opt/zeek/logs/current/telemetry.log"",""job"":""search_man"",""nist_control"":""detect"",""service_name"":""search_man""}",2026-09-23 09:59:34.532,"{""ts"":1790084916.06915,""peer"":""zeek"",""metric_type"":""counter"",""name"":""zeek_log_stream_writes_total"",""labels"":[""module"",""stream""],""label_values"":[""DHCP"",""DHCP::LOG""],""value"":16.0}",1790171974532383355,"{""ability"":""I"",""detected_level"":""S"",""filename"":""I"",""job"":""I"",""nist_control"":""I"",""service_name"":""I""}",1790171974532383355_1bfae939
"{""ability"":""target_acquisition"",""detected_level"":""unknown"",""filename"":""/opt/zeek/logs/current/telemetry.log"",""job"":""search_man"",""nist_control"":""detect"",""service_name"":""search_man""}",2026-09-23 09:59:34.532,"{""ts"":1790084916.06915,""peer"":""zeek"",""metric_type"":""counter"",""name"":""zeek_log_stream_writes_total"",""labels"":[""module"",""stream""],""label_values"":[""Conn"",""Conn::LOG""],""value"":2803.0}",1790171974532370343,"{""ability"":""I"",""detected_level"":""S"",""filename"":""I"",""job"":""I"",""nist_control"":""I"",""service_name"":""I""}",1790171974532370343_fe452faf
"{""ability"":""target_acquisition"",""detected_level"":""unknown"",""filename"":""/opt/zeek/logs/current/telemetry.log"",""job"":""search_man"",""nist_control"":""detect"",""service_name"":""search_man""}",2026-09-23 09:59:34.532,"{""ts"":1790084916.06915,""peer"":""zeek"",""metric_type"":""counter"",""name"":""zeek_log_stream_writes_total"",""labels"":[""module"",""stream""],""label_values"":[""DNS"",""DNS::LOG""],""value"":26686.0}",1790171974532361144,"{""ability"":""I"",""detected_level"":""S"",""filename"":""I"",""job"":""I"",""nist_control"":""I"",""service_name"":""I""}",1790171974532361144_7c7c57c6
"{""ability"":""target_acquisition"",""detected_level"":""unknown"",""filename"":""/opt/zeek/logs/current/telemetry.log"",""job"":""search_man"",""nist_control"":""detect"",""service_name"":""search_man""}",2026-09-23 09:59:34.532,"{""ts"":1790084916.06915,""peer"":""zeek"",""metric_type"":""counter"",""name"":""zeek_log_stream_writes_total"",""labels"":[""module"",""stream""],""label_values"":[""Telemetry"",""Telemetry::LOG""],""value"":42007.0}",1790171974532356250,"{""ability"":""I"",""detected_level"":""S"",""filename"":""I"",""job"":""I"",""nist_control"":""I"",""service_name"":""I""}",1790171974532356250_3dab246f
"{""ability"":""target_acquisition"",""detected_level"":""unknown"",""filename"":""/opt/zeek/logs/current/telemetry.log"",""job"":""search_man"",""nist_control"":""detect"",""service_name"":""search_man""}",2026-09-23 09:59:34.532,"{""ts"":1790084916.06915,""peer"":""zeek"",""metric_type"":""counter"",""name"":""zeek_log_stream_writes_total"",""labels"":[""module"",""stream""],""label_values"":[""LoadedScripts"",""LoadedScripts::LOG""],""value"":559.0}",1790171974532286099,"{""ability"":""I"",""detected_level"":""S"",""filename"":""I"",""job"":""I"",""nist_control"":""I"",""service_name"":""I""}",1790171974532286099_a451bc39
"{""ability"":""target_acquisition"",""detected_level"":""unknown"",""filename"":""/opt/zeek/logs/current/telemetry.log"",""job"":""search_man"",""nist_control"":""detect"",""service_name"":""search_man""}",2026-09-23 09:59:34.532,"{""ts"":1790084916.06915,""peer"":""zeek"",""metric_type"":""counter"",""name"":""zeek_log_stream_writes_total"",""labels"":[""module"",""stream""],""label_values"":[""PacketFilter"",""PacketFilter::LOG""],""value"":1.0}",1790171974532270370,"{""ability"":""I"",""detected_level"":""S"",""filename"":""I"",""job"":""I"",""nist_control"":""I"",""service_name"":""I""}",1790171974532270370_be30014b
"{""ability"":""target_acquisition"",""detected_level"":""unknown"",""filename"":""/opt/zeek/logs/current/telemetry.log"",""job"":""search_man"",""nist_control"":""detect"",""service_name"":""search_man""}",2026-09-23 09:59:34.532,"{""ts"":1790084916.06915,""peer"":""zeek"",""metric_type"":""counter"",""name"":""zeek_log_stream_writes_total"",""labels"":[""module"",""stream""],""label_values"":[""QUIC"",""QUIC::LOG""],""value"":120.0}",1790171974532258175,"{""ability"":""I"",""detected_level"":""S"",""filename"":""I"",""job"":""I"",""nist_control"":""I"",""service_name"":""I""}",1790171974532258175_ed4e57f5
"{""ability"":""target_acquisition"",""detected_level"":""unknown"",""filename"":""/opt/zeek/logs/current/telemetry.log"",""job"":""search_man"",""nist_control"":""detect"",""service_name"":""search_man""}",2026-09-23 09:59:34.532,"{""ts"":1790084916.06915,""peer"":""zeek"",""metric_type"":""counter"",""name"":""zeek_log_stream_writes_total"",""labels"":[""module"",""stream""],""label_values"":[""Weird"",""Weird::LOG""],""value"":6.0}",1790171974532248875,"{""ability"":""I"",""detected_level"":""S"",""filename"":""I"",""job"":""I"",""nist_control"":""I"",""service_name"":""I""}",1790171974532248875_e9db5fa0
"{""ability"":""target_acquisition"",""detected_level"":""unknown"",""filename"":""/opt/zeek/logs/current/telemetry.log"",""job"":""search_man"",""nist_control"":""detect"",""service_name"":""search_man""}",2026-09-23 09:59:34.532,"{""ts"":1790084916.06915,""peer"":""zeek"",""metric_type"":""counter"",""name"":""zeek_log_stream_writes_total"",""labels"":[""module"",""stream""],""label_values"":[""NTP"",""NTP::LOG""],""value"":8.0}",1790171974532244179,"{""ability"":""I"",""detected_level"":""S"",""filename"":""I"",""job"":""I"",""nist_control"":""I"",""service_name"":""I""}",1790171974532244179_fe7bf82
"{""ability"":""target_acquisition"",""detected_level"":""unknown"",""filename"":""/opt/zeek/logs/current/telemetry.log"",""job"":""search_man"",""nist_control"":""detect"",""service_name"":""search_man""}",2026-09-23 09:59:34.532,"{""ts"":1790084916.06915,""peer"":""zeek"",""metric_type"":""gauge"",""name"":""process_start_time_seconds"",""labels"":[],""label_values"":[],""value"":1790074749.905205}",1790171974532172593,"{""ability"":""I"",""detected_level"":""S"",""filename"":""I"",""job"":""I"",""nist_control"":""I"",""service_name"":""I""}",1790171974532172593_59225d9b
"{""ability"":""target_acquisition"",""detected_level"":""unknown"",""filename"":""/opt/zeek/logs/current/telemetry.log"",""job"":""search_man"",""nist_control"":""detect"",""service_name"":""search_man""}",2026-09-23 09:59:34.532,"{""ts"":1790084916.06915,""peer"":""zeek"",""metric_type"":""gauge"",""name"":""process_open_fds"",""labels"":[],""label_values"":[],""value"":110.0}",1790171974532156944,"{""ability"":""I"",""detected_level"":""S"",""filename"":""I"",""job"":""I"",""nist_control"":""I"",""service_name"":""I""}",1790171974532156944_b26fdf86
"{""ability"":""target_acquisition"",""detected_level"":""unknown"",""filename"":""/opt/zeek/logs/current/telemetry.log"",""job"":""search_man"",""nist_control"":""detect"",""service_name"":""search_man""}",2026-09-23 09:59:34.532,"{""ts"":1790084916.06915,""peer"":""zeek"",""metric_type"":""gauge"",""name"":""process_virtual_memory_bytes"",""labels"":[],""label_values"":[],""value"":1632182272.0}",1790171974532144041,"{""ability"":""I"",""detected_level"":""S"",""filename"":""I"",""job"":""I"",""nist_control"":""I"",""service_name"":""I""}",1790171974532144041_5502be63
"{""ability"":""target_acquisition"",""detected_level"":""unknown"",""filename"":""/opt/zeek/logs/current/telemetry.log"",""job"":""search_man"",""nist_control"":""detect"",""service_name"":""search_man""}",2026-09-23 09:59:34.532,"{""ts"":1790084916.06915,""peer"":""zeek"",""metric_type"":""gauge"",""name"":""process_resident_memory_bytes"",""labels"":[],""label_values"":[],""value"":172580864.0}",1790171974532134712,"{""ability"":""I"",""detected_level"":""S"",""filename"":""I"",""job"":""I"",""nist_control"":""I"",""service_name"":""I""}",1790171974532134712_c323341f
"{""ability"":""target_acquisition"",""detected_level"":""unknown"",""filename"":""/opt/zeek/logs/current/telemetry.log"",""job"":""search_man"",""nist_control"":""detect"",""service_name"":""search_man""}",2026-09-23 09:59:34.532,"{""ts"":1790084916.06915,""peer"":""zeek"",""metric_type"":""counter"",""name"":""process_cpu_system_seconds_total"",""labels"":[],""label_values"":[],""value"":33.09}",1790171974532130095,"{""ability"":""I"",""detected_level"":""S"",""filename"":""I"",""job"":""I"",""nist_control"":""I"",""service_name"":""I""}",1790171974532130095_a1a8ddbd
"{""ability"":""target_acquisition"",""detected_level"":""unknown"",""filename"":""/opt/zeek/logs/current/telemetry.log"",""job"":""search_man"",""nist_control"":""detect"",""service_name"":""search_man""}",2026-09-23 09:59:34.532,"{""ts"":1790084916.06915,""peer"":""zeek"",""metric_type"":""counter"",""name"":""process_cpu_user_seconds_total"",""labels"":[],""label_values"":[],""value"":66.07}",1790171974532060981,"{""ability"":""I"",""detected_level"":""S"",""filename"":""I"",""job"":""I"",""nist_control"":""I"",""service_name"":""I""}",1790171974532060981_ffd8c7cb
"{""ability"":""target_acquisition"",""detected_level"":""unknown"",""filename"":""/opt/zeek/logs/current/telemetry.log"",""job"":""search_man"",""nist_control"":""detect"",""service_name"":""search_man""}",2026-09-23 09:59:34.532,"{""ts"":1790084856.068081,""peer"":""zeek"",""metric_type"":""gauge"",""name"":""zeek_active_sessions"",""labels"":[""protocol""],""label_values"":[""tcp""],""value"":4.0}",1790171974532045562,"{""ability"":""I"",""detected_level"":""S"",""filename"":""I"",""job"":""I"",""nist_control"":""I"",""service_name"":""I""}",1790171974532045562_66b90d4c
"{""ability"":""target_acquisition"",""detected_level"":""unknown"",""filename"":""/opt/zeek/logs/current/telemetry.log"",""job"":""search_man"",""nist_control"":""detect"",""service_name"":""search_man""}",2026-09-23 09:59:34.532,"{""ts"":1790084856.068081,""peer"":""zeek"",""metric_type"":""gauge"",""name"":""zeek_active_sessions"",""labels"":[""protocol""],""label_values"":[""udp""],""value"":11.0}",1790171974532032597,"{""ability"":""I"",""detected_level"":""S"",""filename"":""I"",""job"":""I"",""nist_control"":""I"",""service_name"":""I""}",1790171974532032597_51e5282
"{""ability"":""target_acquisition"",""detected_level"":""unknown"",""filename"":""/opt/zeek/logs/current/telemetry.log"",""job"":""search_man"",""nist_control"":""detect"",""service_name"":""search_man""}",2026-09-23 09:59:34.532,"{""ts"":1790084856.068081,""peer"":""zeek"",""metric_type"":""gauge"",""name"":""zeek_active_sessions"",""labels"":[""protocol""],""label_values"":[""icmp""],""value"":6.0}",1790171974532022836,"{""ability"":""I"",""detected_level"":""S"",""filename"":""I"",""job"":""I"",""nist_control"":""I"",""service_name"":""I""}",1790171974532022836_662c0bf2
"{""ability"":""target_acquisition"",""detected_level"":""unknown"",""filename"":""/opt/zeek/logs/current/telemetry.log"",""job"":""search_man"",""nist_control"":""detect"",""service_name"":""search_man""}",2026-09-23 09:59:34.532,"{""ts"":1790084856.068081,""peer"":""zeek"",""metric_type"":""gauge"",""name"":""zeek_pending_triggers"",""labels"":[],""label_values"":[],""value"":0.0}",1790171974532018074,"{""ability"":""I"",""detected_level"":""S"",""filename"":""I"",""job"":""I"",""nist_control"":""I"",""service_name"":""I""}",1790171974532018074_62068c6c
"{""ability"":""target_acquisition"",""detected_level"":""unknown"",""filename"":""/opt/zeek/logs/current/telemetry.log"",""job"":""search_man"",""nist_control"":""detect"",""service_name"":""search_man""}",2026-09-23 09:59:34.531,"{""ts"":1790084856.068081,""peer"":""zeek"",""metric_type"":""gauge"",""name"":""zeek_dnsmgr_cache_entries"",""labels"":[""type""],""label_values"":[""host""],""value"":0.0}",1790171974531934298,"{""ability"":""I"",""detected_level"":""S"",""filename"":""I"",""job"":""I"",""nist_control"":""I"",""service_name"":""I""}",1790171974531934298_ae7c956
"{""ability"":""target_acquisition"",""detected_level"":""unknown"",""filename"":""/opt/zeek/logs/current/telemetry.log"",""job"":""search_man"",""nist_control"":""detect"",""service_name"":""search_man""}",2026-09-23 09:59:34.531,"{""ts"":1790084856.068081,""peer"":""zeek"",""metric_type"":""gauge"",""name"":""zeek_dnsmgr_cache_entries"",""labels"":[""type""],""label_values"":[""address""],""value"":0.0}",1790171974531918417,"{""ability"":""I"",""detected_level"":""S"",""filename"":""I"",""job"":""I"",""nist_control"":""I"",""service_name"":""I""}",1790171974531918417_fa3d8630
"{""ability"":""target_acquisition"",""detected_level"":""unknown"",""filename"":""/opt/zeek/logs/current/telemetry.log"",""job"":""search_man"",""nist_control"":""detect"",""service_name"":""search_man""}",2026-09-23 09:59:34.531,"{""ts"":1790084856.068081,""peer"":""zeek"",""metric_type"":""gauge"",""name"":""zeek_dnsmgr_cache_entries"",""labels"":[""type""],""label_values"":[""text""],""value"":0.0}",1790171974531904936,"{""ability"":""I"",""detected_level"":""S"",""filename"":""I"",""job"":""I"",""nist_control"":""I"",""service_name"":""I""}",1790171974531904936_16f85135
"{""ability"":""target_acquisition"",""detected_level"":""unknown"",""filename"":""/opt/zeek/logs/current/telemetry.log"",""job"":""search_man"",""nist_control"":""detect"",""service_name"":""search_man""}",2026-09-23 09:59:34.531,"{""ts"":1790084856.068081,""peer"":""zeek"",""metric_type"":""gauge"",""name"":""zeek_dnsmgr_pending_asyncs_requests"",""labels"":[],""label_values"":[],""value"":0.0}",1790171974531895773,"{""ability"":""I"",""detected_level"":""S"",""filename"":""I"",""job"":""I"",""nist_control"":""I"",""service_name"":""I""}",1790171974531895773_beb2f39
"{""ability"":""target_acquisition"",""detected_level"":""unknown"",""filename"":""/opt/zeek/logs/current/telemetry.log"",""job"":""search_man"",""nist_control"":""detect"",""service_name"":""search_man""}",2026-09-23 09:59:34.531,"{""ts"":1790084856.068081,""peer"":""zeek"",""metric_type"":""gauge"",""name"":""zeek_timers_pending"",""labels"":[""type""],""label_values"":[""TCPConnectionPartialClose""],""value"":0.0}",1790171974531891091,"{""ability"":""I"",""detected_level"":""S"",""filename"":""I"",""job"":""I"",""nist_control"":""I"",""service_name"":""I""}",1790171974531891091_6feaad1
"{""ability"":""target_acquisition"",""detected_level"":""unknown"",""filename"":""/opt/zeek/logs/current/telemetry.log"",""job"":""search_man"",""nist_control"":""detect"",""service_name"":""search_man""}",2026-09-23 09:59:34.531,"{""ts"":1790084856.068081,""peer"":""zeek"",""metric_type"":""gauge"",""name"":""zeek_timers_pending"",""labels"":[""type""],""label_values"":[""TCPConnectionAttemptTimer""],""value"":0.0}",1790171974531817336,"{""ability"":""I"",""detected_level"":""S"",""filename"":""I"",""job"":""I"",""nist_control"":""I"",""service_name"":""I""}",1790171974531817336_892f9312
"{""ability"":""target_acquisition"",""detected_level"":""unknown"",""filename"":""/opt/zeek/logs/current/telemetry.log"",""job"":""search_man"",""nist_control"":""detect"",""service_name"":""search_man""}",2026-09-23 09:59:34.531,"{""ts"":1790084856.068081,""peer"":""zeek"",""metric_type"":""gauge"",""name"":""zeek_timers_pending"",""labels"":[""type""],""label_values"":[""TableValTimer""],""value"":36.0}",1790171974531791554,"{""ability"":""I"",""detected_level"":""S"",""filename"":""I"",""job"":""I"",""nist_control"":""I"",""service_name"":""I""}",1790171974531791554_e0f48b68
"{""ability"":""target_acquisition"",""detected_level"":""unknown"",""filename"":""/opt/zeek/logs/current/telemetry.log"",""job"":""search_man"",""nist_control"":""detect"",""service_name"":""search_man""}",2026-09-23 09:59:34.531,"{""ts"":1790084856.068081,""peer"":""zeek"",""metric_type"":""gauge"",""name"":""zeek_timers_pending"",""labels"":[""type""],""label_values"":[""TriggerTimer""],""value"":0.0}",1790171974531778651,"{""ability"":""I"",""detected_level"":""S"",""filename"":""I"",""job"":""I"",""nist_control"":""I"",""service_name"":""I""}",1790171974531778651_2ef81874
"{""ability"":""target_acquisition"",""detected_level"":""unknown"",""filename"":""/opt/zeek/logs/current/telemetry.log"",""job"":""search_man"",""nist_control"":""detect"",""service_name"":""search_man""}",2026-09-23 09:59:34.531,"{""ts"":1790084856.068081,""peer"":""zeek"",""metric_type"":""gauge"",""name"":""zeek_timers_pending"",""labels"":[""type""],""label_values"":[""ConnectionDeleteTimer""],""value"":1.0}",1790171974531768954,"{""ability"":""I"",""detected_level"":""S"",""filename"":""I"",""job"":""I"",""nist_control"":""I"",""service_name"":""I""}",1790171974531768954_5314e7b0
"{""ability"":""target_acquisition"",""detected_level"":""unknown"",""filename"":""/opt/zeek/logs/current/telemetry.log"",""job"":""search_man"",""nist_control"":""detect"",""service_name"":""search_man""}",2026-09-23 09:59:34.531,"{""ts"":1790084856.068081,""peer"":""zeek"",""metric_type"":""gauge"",""name"":""zeek_timers_pending"",""labels"":[""type""],""label_values"":[""RPCExpireTimer""],""value"":0.0}",1790171974531764172,"{""ability"":""I"",""detected_level"":""S"",""filename"":""I"",""job"":""I"",""nist_control"":""I"",""service_name"":""I""}",1790171974531764172_61a3a688
"{""ability"":""target_acquisition"",""detected_level"":""unknown"",""filename"":""/opt/zeek/logs/current/telemetry.log"",""job"":""search_man"",""nist_control"":""detect"",""service_name"":""search_man""}",2026-09-23 09:59:34.531,"{""ts"":1790084856.068081,""peer"":""zeek"",""metric_type"":""gauge"",""name"":""zeek_timers_pending"",""labels"":[""type""],""label_values"":[""NTPExpireTimer""],""value"":0.0}",1790171974531693703,"{""ability"":""I"",""detected_level"":""S"",""filename"":""I"",""job"":""I"",""nist_control"":""I"",""service_name"":""I""}",1790171974531693703_80e735cd
"{""ability"":""target_acquisition"",""detected_level"":""unknown"",""filename"":""/opt/zeek/logs/current/telemetry.log"",""job"":""search_man"",""nist_control"":""detect"",""service_name"":""search_man""}",2026-09-23 09:59:34.531,"{""ts"":1790084856.068081,""peer"":""zeek"",""metric_type"":""gauge"",""name"":""zeek_timers_pending"",""labels"":[""type""],""label_values"":[""ScheduleTimer""],""value"":6.0}",1790171974531677895,"{""ability"":""I"",""detected_level"":""S"",""filename"":""I"",""job"":""I"",""nist_control"":""I"",""service_name"":""I""}",1790171974531677895_f8904491
"{""ability"":""target_acquisition"",""detected_level"":""unknown"",""filename"":""/opt/zeek/logs/current/telemetry.log"",""job"":""search_man"",""nist_control"":""detect"",""service_name"":""search_man""}",2026-09-23 09:59:34.531,"{""ts"":1790084856.068081,""peer"":""zeek"",""metric_type"":""gauge"",""name"":""zeek_timers_pending"",""labels"":[""type""],""label_values"":[""TCPConnectionDeleteTimer""],""value"":0.0}",1790171974531665369,"{""ability"":""I"",""detected_level"":""S"",""filename"":""I"",""job"":""I"",""nist_control"":""I"",""service_name"":""I""}",1790171974531665369_286ad414
"{""ability"":""target_acquisition"",""detected_level"":""unknown"",""filename"":""/opt/zeek/logs/current/telemetry.log"",""job"":""search_man"",""nist_control"":""detect"",""service_name"":""search_man""}",2026-09-23 09:59:34.531,"{""ts"":1790084856.068081,""peer"":""zeek"",""metric_type"":""gauge"",""name"":""zeek_timers_pending"",""labels"":[""type""],""label_values"":[""ConnTupleWeirdTimer""],""value"":0.0}",1790171974531655056,"{""ability"":""I"",""detected_level"":""S"",""filename"":""I"",""job"":""I"",""nist_control"":""I"",""service_name"":""I""}",1790171974531655056_17dfda7
"{""ability"":""target_acquisition"",""detected_level"":""unknown"",""filename"":""/opt/zeek/logs/current/telemetry.log"",""job"":""search_man"",""nist_control"":""detect"",""service_name"":""search_man""}",2026-09-23 09:59:34.531,"{""ts"":1790084856.068081,""peer"":""zeek"",""metric_type"":""gauge"",""name"":""zeek_timers_pending"",""labels"":[""type""],""label_values"":[""TCPConnectionResetTimer""],""value"":0.0}",1790171974531649699,"{""ability"":""I"",""detected_level"":""S"",""filename"":""I"",""job"":""I"",""nist_control"":""I"",""service_name"":""I""}",1790171974531649699_eb69c34c
"{""ability"":""target_acquisition"",""detected_level"":""unknown"",""filename"":""/opt/zeek/logs/current/telemetry.log"",""job"":""search_man"",""nist_control"":""detect"",""service_name"":""search_man""}",2026-09-23 09:59:34.531,"{""ts"":1790084856.068081,""peer"":""zeek"",""metric_type"":""gauge"",""name"":""zeek_timers_pending"",""labels"":[""type""],""label_values"":[""RemoveConnection""],""value"":0.0}",1790171974531549282,"{""ability"":""I"",""detected_level"":""S"",""filename"":""I"",""job"":""I"",""nist_control"":""I"",""service_name"":""I""}",1790171974531549282_1ead205b
"{""ability"":""target_acquisition"",""detected_level"":""unknown"",""filename"":""/opt/zeek/logs/current/telemetry.log"",""job"":""search_man"",""nist_control"":""detect"",""service_name"":""search_man""}",2026-09-23 09:59:34.531,"{""ts"":1790084856.068081,""peer"":""zeek"",""metric_type"":""gauge"",""name"":""zeek_timers_pending"",""labels"":[""type""],""label_values"":[""NetworkTimer""],""value"":0.0}",1790171974531531918,"{""ability"":""I"",""detected_level"":""S"",""filename"":""I"",""job"":""I"",""nist_control"":""I"",""service_name"":""I""}",1790171974531531918_b0e6ac7e
"{""ability"":""target_acquisition"",""detected_level"":""unknown"",""filename"":""/opt/zeek/logs/current/telemetry.log"",""job"":""search_man"",""nist_control"":""detect"",""service_name"":""search_man""}",2026-09-23 09:59:34.531,"{""ts"":1790084856.068081,""peer"":""zeek"",""metric_type"":""gauge"",""name"":""zeek_timers_pending"",""labels"":[""type""],""label_values"":[""NetbiosExpireTimer""],""value"":0.0}",1790171974531518968,"{""ability"":""I"",""detected_level"":""S"",""filename"":""I"",""job"":""I"",""nist_control"":""I"",""service_name"":""I""}",1790171974531518968_3f02a2ab
"{""ability"":""target_acquisition"",""detected_level"":""unknown"",""filename"":""/opt/zeek/logs/current/telemetry.log"",""job"":""search_man"",""nist_control"":""detect"",""service_name"":""search_man""}",2026-09-23 09:59:34.531,"{""ts"":1790084856.068081,""peer"":""zeek"",""metric_type"":""gauge"",""name"":""zeek_timers_pending"",""labels"":[""type""],""label_values"":[""BackdoorTimer""],""value"":0.0}",1790171974531508864,"{""ability"":""I"",""detected_level"":""S"",""filename"":""I"",""job"":""I"",""nist_control"":""I"",""service_name"":""I""}",1790171974531508864_72ed34bd
"{""ability"":""target_acquisition"",""detected_level"":""unknown"",""filename"":""/opt/zeek/logs/current/telemetry.log"",""job"":""search_man"",""nist_control"":""detect"",""service_name"":""search_man""}",2026-09-23 09:59:34.531,"{""ts"":1790084856.068081,""peer"":""zeek"",""metric_type"":""gauge"",""name"":""zeek_timers_pending"",""labels"":[""type""],""label_values"":[""BreakpointTimer""],""value"":0.0}",1790171974531474914,"{""ability"":""I"",""detected_level"":""S"",""filename"":""I"",""job"":""I"",""nist_control"":""I"",""service_name"":""I""}",1790171974531474914_e8c41ba1
"{""ability"":""target_acquisition"",""detected_level"":""unknown"",""filename"":""/opt/zeek/logs/current/telemetry.log"",""job"":""search_man"",""nist_control"":""detect"",""service_name"":""search_man""}",2026-09-23 09:59:34.531,"{""ts"":1790084856.068081,""peer"":""zeek"",""metric_type"":""gauge"",""name"":""zeek_timers_pending"",""labels"":[""type""],""label_values"":[""ConnectionExpireTimer""],""value"":0.0}",1790171974531400609,"{""ability"":""I"",""detected_level"":""S"",""filename"":""I"",""job"":""I"",""nist_control"":""I"",""service_name"":""I""}",1790171974531400609_3921a0b5
"{""ability"":""target_acquisition"",""detected_level"":""unknown"",""filename"":""/opt/zeek/logs/current/telemetry.log"",""job"":""search_man"",""nist_control"":""detect"",""service_name"":""search_man""}",2026-09-23 09:59:34.531,"{""ts"":1790084856.068081,""peer"":""zeek"",""metric_type"":""gauge"",""name"":""zeek_timers_pending"",""labels"":[""type""],""label_values"":[""ProfileTimer""],""value"":0.0}",1790171974531234339,"{""ability"":""I"",""detected_level"":""S"",""filename"":""I"",""job"":""I"",""nist_control"":""I"",""service_name"":""I""}",1790171974531234339_54978215
"{""ability"":""target_acquisition"",""detected_level"":""unknown"",""filename"":""/opt/zeek/logs/current/telemetry.log"",""job"":""search_man"",""nist_control"":""detect"",""service_name"":""search_man""}",2026-09-23 09:59:34.531,"{""ts"":1790084856.068081,""peer"":""zeek"",""metric_type"":""gauge"",""name"":""zeek_timers_pending"",""labels"":[""type""],""label_values"":[""UnknownProtocolExpire""],""value"":0.0}",1790171974531221357,"{""ability"":""I"",""detected_level"":""S"",""filename"":""I"",""job"":""I"",""nist_control"":""I"",""service_name"":""I""}",1790171974531221357_e98ff80e
"{""ability"":""target_acquisition"",""detected_level"":""unknown"",""filename"":""/opt/zeek/logs/current/telemetry.log"",""job"":""search_man"",""nist_control"":""detect"",""service_name"":""search_man""}",2026-09-23 09:59:34.531,"{""ts"":1790084856.068081,""peer"":""zeek"",""metric_type"":""gauge"",""name"":""zeek_timers_pending"",""labels"":[""type""],""label_values"":[""DNSExpireTimer""],""value"":4.0}",1790171974531211610,"{""ability"":""I"",""detected_level"":""S"",""filename"":""I"",""job"":""I"",""nist_control"":""I"",""service_name"":""I""}",1790171974531211610_eef196b4
"{""ability"":""target_acquisition"",""detected_level"":""unknown"",""filename"":""/opt/zeek/logs/current/telemetry.log"",""job"":""search_man"",""nist_control"":""detect"",""service_name"":""search_man""}",2026-09-23 09:59:34.531,"{""ts"":1790084856.068081,""peer"":""zeek"",""metric_type"":""gauge"",""name"":""zeek_timers_pending"",""labels"":[""type""],""label_values"":[""IPTunnelInactivityTimer""],""value"":0.0}",1790171974531206887,"{""ability"":""I"",""detected_level"":""S"",""filename"":""I"",""job"":""I"",""nist_control"":""I"",""service_name"":""I""}",1790171974531206887_873ca347
"{""ability"":""target_acquisition"",""detected_level"":""unknown"",""filename"":""/opt/zeek/logs/current/telemetry.log"",""job"":""search_man"",""nist_control"":""detect"",""service_name"":""search_man""}",2026-09-23 09:59:34.531,"{""ts"":1790084856.068081,""peer"":""zeek"",""metric_type"":""gauge"",""name"":""zeek_timers_pending"",""labels"":[""type""],""label_values"":[""InterconnTimer""],""value"":0.0}",1790171974531136117,"{""ability"":""I"",""detected_level"":""S"",""filename"":""I"",""job"":""I"",""nist_control"":""I"",""service_name"":""I""}",1790171974531136117_2947e14
"{""ability"":""target_acquisition"",""detected_level"":""unknown"",""filename"":""/opt/zeek/logs/current/telemetry.log"",""job"":""search_man"",""nist_control"":""detect"",""service_name"":""search_man""}",2026-09-23 09:59:34.531,"{""ts"":1790084856.068081,""peer"":""zeek"",""metric_type"":""gauge"",""name"":""zeek_timers_pending"",""labels"":[""type""],""label_values"":[""NetWeirdTimer""],""value"":0.0}",1790171974531120683,"{""ability"":""I"",""detected_level"":""S"",""filename"":""I"",""job"":""I"",""nist_control"":""I"",""service_name"":""I""}",1790171974531120683_32107b7a
"{""ability"":""target_acquisition"",""detected_level"":""unknown"",""filename"":""/opt/zeek/logs/current/telemetry.log"",""job"":""search_man"",""nist_control"":""detect"",""service_name"":""search_man""}",2026-09-23 09:59:34.531,"{""ts"":1790084856.068081,""peer"":""zeek"",""metric_type"":""gauge"",""name"":""zeek_timers_pending"",""labels"":[""type""],""label_values"":[""LogFlushWriteBufferTimer""],""value"":1.0}",1790171974531108007,"{""ability"":""I"",""detected_level"":""S"",""filename"":""I"",""job"":""I"",""nist_control"":""I"",""service_name"":""I""}",1790171974531108007_72a1fac4
"{""ability"":""target_acquisition"",""detected_level"":""unknown"",""filename"":""/opt/zeek/logs/current/telemetry.log"",""job"":""search_man"",""nist_control"":""detect"",""service_name"":""search_man""}",2026-09-23 09:59:34.531,"{""ts"":1790084856.068081,""peer"":""zeek"",""metric_type"":""gauge"",""name"":""zeek_timers_pending"",""labels"":[""type""],""label_values"":[""ConnectionStatusUpdateTimer""],""value"":0.0}",1790171974531098693,"{""ability"":""I"",""detected_level"":""S"",""filename"":""I"",""job"":""I"",""nist_control"":""I"",""service_name"":""I""}",1790171974531098693_bdedb0fd
"{""ability"":""target_acquisition"",""detected_level"":""unknown"",""filename"":""/opt/zeek/logs/current/telemetry.log"",""job"":""search_man"",""nist_control"":""detect"",""service_name"":""search_man""}",2026-09-23 09:59:34.531,"{""ts"":1790084856.068081,""peer"":""zeek"",""metric_type"":""gauge"",""name"":""zeek_timers_pending"",""labels"":[""type""],""label_values"":[""TCPConnectionExpireTimer""],""value"":3.0}",1790171974531093917,"{""ability"":""I"",""detected_level"":""S"",""filename"":""I"",""job"":""I"",""nist_control"":""I"",""service_name"":""I""}",1790171974531093917_7cadf3df
"{""ability"":""target_acquisition"",""detected_level"":""unknown"",""filename"":""/opt/zeek/logs/current/telemetry.log"",""job"":""search_man"",""nist_control"":""detect"",""service_name"":""search_man""}",2026-09-23 09:59:34.531,"{""ts"":1790084856.068081,""peer"":""zeek"",""metric_type"":""gauge"",""name"":""zeek_timers_pending"",""labels"":[""type""],""label_values"":[""ConnectionInactivityTimer""],""value"":21.0}",1790171974531020156,"{""ability"":""I"",""detected_level"":""S"",""filename"":""I"",""job"":""I"",""nist_control"":""I"",""service_name"":""I""}",1790171974531020156_1ac739f7
"{""ability"":""target_acquisition"",""detected_level"":""unknown"",""filename"":""/opt/zeek/logs/current/telemetry.log"",""job"":""search_man"",""nist_control"":""detect"",""service_name"":""search_man""}",2026-09-23 09:59:34.530,"{""ts"":1790084856.068081,""peer"":""zeek"",""metric_type"":""gauge"",""name"":""zeek_timers_pending"",""labels"":[""type""],""label_values"":[""StorageExpire""],""value"":1.0}",1790171974530996139,"{""ability"":""I"",""detected_level"":""S"",""filename"":""I"",""job"":""I"",""nist_control"":""I"",""service_name"":""I""}",1790171974530996139_aa271f8a
"{""ability"":""target_acquisition"",""detected_level"":""unknown"",""filename"":""/opt/zeek/logs/current/telemetry.log"",""job"":""search_man"",""nist_control"":""detect"",""service_name"":""search_man""}",2026-09-23 09:59:34.530,"{""ts"":1790084856.068081,""peer"":""zeek"",""metric_type"":""gauge"",""name"":""zeek_timers_pending"",""labels"":[""type""],""label_values"":[""FileAnalysisInactivityTimer""],""value"":3.0}",1790171974530983092,"{""ability"":""I"",""detected_level"":""S"",""filename"":""I"",""job"":""I"",""nist_control"":""I"",""service_name"":""I""}",1790171974530983092_70e6f12f
"{""ability"":""target_acquisition"",""detected_level"":""unknown"",""filename"":""/opt/zeek/logs/current/telemetry.log"",""job"":""search_man"",""nist_control"":""detect"",""service_name"":""search_man""}",2026-09-23 09:59:34.530,"{""ts"":1790084856.068081,""peer"":""zeek"",""metric_type"":""gauge"",""name"":""zeek_timers_pending"",""labels"":[""type""],""label_values"":[""FlowWeirdTimer""],""value"":0.0}",1790171974530973825,"{""ability"":""I"",""detected_level"":""S"",""filename"":""I"",""job"":""I"",""nist_control"":""I"",""service_name"":""I""}",1790171974530973825_ec67c1cd
"{""ability"":""target_acquisition"",""detected_level"":""unknown"",""filename"":""/opt/zeek/logs/current/telemetry.log"",""job"":""search_man"",""nist_control"":""detect"",""service_name"":""search_man""}",2026-09-23 09:59:34.530,"{""ts"":1790084856.068081,""peer"":""zeek"",""metric_type"":""gauge"",""name"":""zeek_timers_pending"",""labels"":[""type""],""label_values"":[""RotateTimer""],""value"":16.0}",1790171974530969117,"{""ability"":""I"",""detected_level"":""S"",""filename"":""I"",""job"":""I"",""nist_control"":""I"",""service_name"":""I""}",1790171974530969117_9de0f4fa
"{""ability"":""target_acquisition"",""detected_level"":""unknown"",""filename"":""/opt/zeek/logs/current/telemetry.log"",""job"":""search_man"",""nist_control"":""detect"",""service_name"":""search_man""}",2026-09-23 09:59:34.530,"{""ts"":1790084856.068081,""peer"":""zeek"",""metric_type"":""gauge"",""name"":""zeek_timers_pending"",""labels"":[""type""],""label_values"":[""FragTimer""],""value"":0.0}",1790171974530898132,"{""ability"":""I"",""detected_level"":""S"",""filename"":""I"",""job"":""I"",""nist_control"":""I"",""service_name"":""I""}",1790171974530898132_94f21ae2
"{""ability"":""target_acquisition"",""detected_level"":""unknown"",""filename"":""/opt/zeek/logs/current/telemetry.log"",""job"":""search_man"",""nist_control"":""detect"",""service_name"":""search_man""}",2026-09-23 09:59:34.530,"{""ts"":1790084856.068081,""peer"":""zeek"",""metric_type"":""gauge"",""name"":""zeek_timers_pending"",""labels"":[""type""],""label_values"":[""ParentProcessIDCheck""],""value"":0.0}",1790171974530882748,"{""ability"":""I"",""detected_level"":""S"",""filename"":""I"",""job"":""I"",""nist_control"":""I"",""service_name"":""I""}",1790171974530882748_d3d631b3
"{""ability"":""target_acquisition"",""detected_level"":""unknown"",""filename"":""/opt/zeek/logs/current/telemetry.log"",""job"":""search_man"",""nist_control"":""detect"",""service_name"":""search_man""}",2026-09-23 09:59:34.530,"{""ts"":1790084856.068081,""peer"":""zeek"",""metric_type"":""gauge"",""name"":""zeek_timers_pending"",""labels"":[""type""],""label_values"":[""TablePublishBatchedChanges""],""value"":0.0}",1790171974530870729,"{""ability"":""I"",""detected_level"":""S"",""filename"":""I"",""job"":""I"",""nist_control"":""I"",""service_name"":""I""}",1790171974530870729_e1798e60
"{""ability"":""target_acquisition"",""detected_level"":""unknown"",""filename"":""/opt/zeek/logs/current/telemetry.log"",""job"":""search_man"",""nist_control"":""detect"",""service_name"":""search_man""}",2026-09-23 09:59:34.530,"{""ts"":1790084856.068081,""peer"":""zeek"",""metric_type"":""gauge"",""name"":""zeek_timers_pending"",""labels"":[""type""],""label_values"":[""TimerMgrExpireTimer""],""value"":0.0}",1790171974530861557,"{""ability"":""I"",""detected_level"":""S"",""filename"":""I"",""job"":""I"",""nist_control"":""I"",""service_name"":""I""}",1790171974530861557_752c6ba8
"{""ability"":""target_acquisition"",""detected_level"":""unknown"",""filename"":""/opt/zeek/logs/current/telemetry.log"",""job"":""search_man"",""nist_control"":""detect"",""service_name"":""search_man""}",2026-09-23 09:59:34.530,"{""ts"":1790084856.068081,""peer"":""zeek"",""metric_type"":""gauge"",""name"":""zeek_timers_pending"",""labels"":[""type""],""label_values"":[""ThreadHeartbeat""],""value"":1.0}",1790171974530857004,"{""ability"":""I"",""detected_level"":""S"",""filename"":""I"",""job"":""I"",""nist_control"":""I"",""service_name"":""I""}",1790171974530857004_983d7848
"{""ability"":""target_acquisition"",""detected_level"":""unknown"",""filename"":""/opt/zeek/logs/current/telemetry.log"",""job"":""search_man"",""nist_control"":""detect"",""service_name"":""search_man""}",2026-09-23 09:59:34.530,"{""ts"":1790084856.068081,""peer"":""zeek"",""metric_type"":""gauge"",""name"":""zeek_timers_pending"",""labels"":[""type""],""label_values"":[""LogDelayExpire""],""value"":0.0}",1790171974530786727,"{""ability"":""I"",""detected_level"":""S"",""filename"":""I"",""job"":""I"",""nist_control"":""I"",""service_name"":""I""}",1790171974530786727_25c89e9d
"{""ability"":""target_acquisition"",""detected_level"":""unknown"",""filename"":""/opt/zeek/logs/current/telemetry.log"",""job"":""search_man"",""nist_control"":""detect"",""service_name"":""search_man""}",2026-09-23 09:59:34.530,"{""ts"":1790084856.068081,""peer"":""zeek"",""metric_type"":""gauge"",""name"":""zeek_timers_lag_time_seconds"",""labels"":[],""label_values"":[],""value"":0.11750578880310059}",1790171974530770925,"{""ability"":""I"",""detected_level"":""S"",""filename"":""I"",""job"":""I"",""nist_control"":""I"",""service_name"":""I""}",1790171974530770925_54fe1e24
"{""ability"":""target_acquisition"",""detected_level"":""unknown"",""filename"":""/opt/zeek/logs/current/telemetry.log"",""job"":""search_man"",""nist_control"":""detect"",""service_name"":""search_man""}",2026-09-23 09:59:34.530,"{""ts"":1790084856.068081,""peer"":""zeek"",""metric_type"":""gauge"",""name"":""zeek_broker_pending_queries"",""labels"":[],""label_values"":[],""value"":0.0}",1790171974530757948,"{""ability"":""I"",""detected_level"":""S"",""filename"":""I"",""job"":""I"",""nist_control"":""I"",""service_name"":""I""}",1790171974530757948_8778247b
"{""ability"":""target_acquisition"",""detected_level"":""unknown"",""filename"":""/opt/zeek/logs/current/telemetry.log"",""job"":""search_man"",""nist_control"":""detect"",""service_name"":""search_man""}",2026-09-23 09:59:34.530,"{""ts"":1790084856.068081,""peer"":""zeek"",""metric_type"":""gauge"",""name"":""zeek_broker_stores"",""labels"":[],""label_values"":[],""value"":1.0}",1790171974530748213,"{""ability"":""I"",""detected_level"":""S"",""filename"":""I"",""job"":""I"",""nist_control"":""I"",""service_name"":""I""}",1790171974530748213_d9bb7698
"{""ability"":""target_acquisition"",""detected_level"":""unknown"",""filename"":""/opt/zeek/logs/current/telemetry.log"",""job"":""search_man"",""nist_control"":""detect"",""service_name"":""search_man""}",2026-09-23 09:59:34.530,"{""ts"":1790084856.068081,""peer"":""zeek"",""metric_type"":""gauge"",""name"":""zeek_broker_peers"",""labels"":[],""label_values"":[],""value"":0.0}",1790171974530743613,"{""ability"":""I"",""detected_level"":""S"",""filename"":""I"",""job"":""I"",""nist_control"":""I"",""service_name"":""I""}",1790171974530743613_ea2d5746
"{""ability"":""target_acquisition"",""detected_level"":""unknown"",""filename"":""/opt/zeek/logs/current/telemetry.log"",""job"":""search_man"",""nist_control"":""detect"",""service_name"":""search_man""}",2026-09-23 09:59:34.530,"{""ts"":1790084856.068081,""peer"":""zeek"",""metric_type"":""gauge"",""name"":""zeek_msgthread_pending_messages_out_buckets"",""labels"":[""leq""],""label_values"":[""1""],""value"":17.0}",1790171974530672484,"{""ability"":""I"",""detected_level"":""S"",""filename"":""I"",""job"":""I"",""nist_control"":""I"",""service_name"":""I""}",1790171974530672484_e906c20b
"{""ability"":""target_acquisition"",""detected_level"":""unknown"",""filename"":""/opt/zeek/logs/current/telemetry.log"",""job"":""search_man"",""nist_control"":""detect"",""service_name"":""search_man""}",2026-09-23 09:59:34.530,"{""ts"":1790084856.068081,""peer"":""zeek"",""metric_type"":""gauge"",""name"":""zeek_msgthread_pending_messages_out_buckets"",""labels"":[""leq""],""label_values"":[""10""],""value"":17.0}",1790171974530656720,"{""ability"":""I"",""detected_level"":""S"",""filename"":""I"",""job"":""I"",""nist_control"":""I"",""service_name"":""I""}",1790171974530656720_22fd7721
"{""ability"":""target_acquisition"",""detected_level"":""unknown"",""filename"":""/opt/zeek/logs/current/telemetry.log"",""job"":""search_man"",""nist_control"":""detect"",""service_name"":""search_man""}",2026-09-23 09:59:34.530,"{""ts"":1790084856.068081,""peer"":""zeek"",""metric_type"":""gauge"",""name"":""zeek_msgthread_pending_messages_out_buckets"",""labels"":[""leq""],""label_values"":[""100""],""value"":17.0}",1790171974530644321,"{""ability"":""I"",""detected_level"":""S"",""filename"":""I"",""job"":""I"",""nist_control"":""I"",""service_name"":""I""}",1790171974530644321_b482493
"{""ability"":""target_acquisition"",""detected_level"":""unknown"",""filename"":""/opt/zeek/logs/current/telemetry.log"",""job"":""search_man"",""nist_control"":""detect"",""service_name"":""search_man""}",2026-09-23 09:59:34.530,"{""ts"":1790084856.068081,""peer"":""zeek"",""metric_type"":""gauge"",""name"":""zeek_msgthread_pending_messages_out_buckets"",""labels"":[""leq""],""label_values"":[""1000""],""value"":17.0}",1790171974530634751,"{""ability"":""I"",""detected_level"":""S"",""filename"":""I"",""job"":""I"",""nist_control"":""I"",""service_name"":""I""}",1790171974530634751_1d17bc99
"{""ability"":""target_acquisition"",""detected_level"":""unknown"",""filename"":""/opt/zeek/logs/current/telemetry.log"",""job"":""search_man"",""nist_control"":""detect"",""service_name"":""search_man""}",2026-09-23 09:59:34.530,"{""ts"":1790084856.068081,""peer"":""zeek"",""metric_type"":""gauge"",""name"":""zeek_msgthread_pending_messages_out_buckets"",""labels"":[""leq""],""label_values"":[""10000""],""value"":17.0}",1790171974530629777,"{""ability"":""I"",""detected_level"":""S"",""filename"":""I"",""job"":""I"",""nist_control"":""I"",""service_name"":""I""}",1790171974530629777_ef6d11fb
"{""ability"":""target_acquisition"",""detected_level"":""unknown"",""filename"":""/opt/zeek/logs/current/telemetry.log"",""job"":""search_man"",""nist_control"":""detect"",""service_name"":""search_man""}",2026-09-23 09:59:34.530,"{""ts"":1790084856.068081,""peer"":""zeek"",""metric_type"":""gauge"",""name"":""zeek_msgthread_pending_messages_out_buckets"",""labels"":[""leq""],""label_values"":[""inf""],""value"":17.0}",1790171974530540492,"{""ability"":""I"",""detected_level"":""S"",""filename"":""I"",""job"":""I"",""nist_control"":""I"",""service_name"":""I""}",1790171974530540492_1980873
"{""ability"":""target_acquisition"",""detected_level"":""unknown"",""filename"":""/opt/zeek/logs/current/telemetry.log"",""job"":""search_man"",""nist_control"":""detect"",""service_name"":""search_man""}",2026-09-23 09:59:34.530,"{""ts"":1790084856.068081,""peer"":""zeek"",""metric_type"":""gauge"",""name"":""zeek_msgthread_pending_messages_in_buckets"",""labels"":[""leq""],""label_values"":[""1""],""value"":17.0}",1790171974530524704,"{""ability"":""I"",""detected_level"":""S"",""filename"":""I"",""job"":""I"",""nist_control"":""I"",""service_name"":""I""}",1790171974530524704_969ec4ac
"{""ability"":""target_acquisition"",""detected_level"":""unknown"",""filename"":""/opt/zeek/logs/current/telemetry.log"",""job"":""search_man"",""nist_control"":""detect"",""service_name"":""search_man""}",2026-09-23 09:59:34.530,"{""ts"":1790084856.068081,""peer"":""zeek"",""metric_type"":""gauge"",""name"":""zeek_msgthread_pending_messages_in_buckets"",""labels"":[""leq""],""label_values"":[""10""],""value"":17.0}",1790171974530511828,"{""ability"":""I"",""detected_level"":""S"",""filename"":""I"",""job"":""I"",""nist_control"":""I"",""service_name"":""I""}",1790171974530511828_e34bb2b8
"{""ability"":""target_acquisition"",""detected_level"":""unknown"",""filename"":""/opt/zeek/logs/current/telemetry.log"",""job"":""search_man"",""nist_control"":""detect"",""service_name"":""search_man""}",2026-09-23 09:59:34.530,"{""ts"":1790084856.068081,""peer"":""zeek"",""metric_type"":""gauge"",""name"":""zeek_msgthread_pending_messages_in_buckets"",""labels"":[""leq""],""label_values"":[""100""],""value"":17.0}",1790171974530501904,"{""ability"":""I"",""detected_level"":""S"",""filename"":""I"",""job"":""I"",""nist_control"":""I"",""service_name"":""I""}",1790171974530501904_87ef7dbc
"{""ability"":""target_acquisition"",""detected_level"":""unknown"",""filename"":""/opt/zeek/logs/current/telemetry.log"",""job"":""search_man"",""nist_control"":""detect"",""service_name"":""search_man""}",2026-09-23 09:59:34.530,"{""ts"":1790084856.068081,""peer"":""zeek"",""metric_type"":""gauge"",""name"":""zeek_msgthread_pending_messages_in_buckets"",""labels"":[""leq""],""label_values"":[""1000""],""value"":17.0}",1790171974530496756,"{""ability"":""I"",""detected_level"":""S"",""filename"":""I"",""job"":""I"",""nist_control"":""I"",""service_name"":""I""}",1790171974530496756_7b05ac48
"{""ability"":""target_acquisition"",""detected_level"":""unknown"",""filename"":""/opt/zeek/logs/current/telemetry.log"",""job"":""search_man"",""nist_control"":""detect"",""service_name"":""search_man""}",2026-09-23 09:59:34.530,"{""ts"":1790084856.068081,""peer"":""zeek"",""metric_type"":""gauge"",""name"":""zeek_msgthread_pending_messages_in_buckets"",""labels"":[""leq""],""label_values"":[""10000""],""value"":17.0}",1790171974530423956,"{""ability"":""I"",""detected_level"":""S"",""filename"":""I"",""job"":""I"",""nist_control"":""I"",""service_name"":""I""}",1790171974530423956_de301f8c
"{""ability"":""target_acquisition"",""detected_level"":""unknown"",""filename"":""/opt/zeek/logs/current/telemetry.log"",""job"":""search_man"",""nist_control"":""detect"",""service_name"":""search_man""}",2026-09-23 09:59:34.530,"{""ts"":1790084856.068081,""peer"":""zeek"",""metric_type"":""gauge"",""name"":""zeek_msgthread_pending_messages_in_buckets"",""labels"":[""leq""],""label_values"":[""inf""],""value"":17.0}",1790171974530399335,"{""ability"":""I"",""detected_level"":""S"",""filename"":""I"",""job"":""I"",""nist_control"":""I"",""service_name"":""I""}",1790171974530399335_fcb0fb8
"{""ability"":""target_acquisition"",""detected_level"":""unknown"",""filename"":""/opt/zeek/logs/current/telemetry.log"",""job"":""search_man"",""nist_control"":""detect"",""service_name"":""search_man""}",2026-09-23 09:59:34.530,"{""ts"":1790084856.068081,""peer"":""zeek"",""metric_type"":""gauge"",""name"":""zeek_msgthread_pending_out_messages"",""labels"":[],""label_values"":[],""value"":0.0}",1790171974530386571,"{""ability"":""I"",""detected_level"":""S"",""filename"":""I"",""job"":""I"",""nist_control"":""I"",""service_name"":""I""}",1790171974530386571_9009805e
"{""ability"":""target_acquisition"",""detected_level"":""unknown"",""filename"":""/opt/zeek/logs/current/telemetry.log"",""job"":""search_man"",""nist_control"":""detect"",""service_name"":""search_man""}",2026-09-23 09:59:34.530,"{""ts"":1790084856.068081,""peer"":""zeek"",""metric_type"":""gauge"",""name"":""zeek_msgthread_pending_in_messages"",""labels"":[],""label_values"":[],""value"":0.0}",1790171974530376841,"{""ability"":""I"",""detected_level"":""S"",""filename"":""I"",""job"":""I"",""nist_control"":""I"",""service_name"":""I""}",1790171974530376841_379372d3
"{""ability"":""target_acquisition"",""detected_level"":""unknown"",""filename"":""/opt/zeek/logs/current/telemetry.log"",""job"":""search_man"",""nist_control"":""detect"",""service_name"":""search_man""}",2026-09-23 09:59:34.530,"{""ts"":1790084856.068081,""peer"":""zeek"",""metric_type"":""gauge"",""name"":""zeek_msgthread_active_threads"",""labels"":[],""label_values"":[],""value"":17.0}",1790171974530371647,"{""ability"":""I"",""detected_level"":""S"",""filename"":""I"",""job"":""I"",""nist_control"":""I"",""service_name"":""I""}",1790171974530371647_46af7089
"{""ability"":""target_acquisition"",""detected_level"":""unknown"",""filename"":""/opt/zeek/logs/current/telemetry.log"",""job"":""search_man"",""nist_control"":""detect"",""service_name"":""search_man""}",2026-09-23 09:59:34.530,"{""ts"":1790084856.068081,""peer"":""zeek"",""metric_type"":""gauge"",""name"":""zeek_net_timestamp_seconds"",""labels"":[],""label_values"":[],""value"":1790084856.068081}",1790171974530283054,"{""ability"":""I"",""detected_level"":""S"",""filename"":""I"",""job"":""I"",""nist_control"":""I"",""service_name"":""I""}",1790171974530283054_a3d2a5d6
"{""ability"":""target_acquisition"",""detected_level"":""unknown"",""filename"":""/opt/zeek/logs/current/telemetry.log"",""job"":""search_man"",""nist_control"":""detect"",""service_name"":""search_man""}",2026-09-23 09:59:34.530,"{""ts"":1790084856.068081,""peer"":""zeek"",""metric_type"":""gauge"",""name"":""zeek_net_packet_lag_seconds"",""labels"":[],""label_values"":[],""value"":4.251252174377441}",1790171974530267705,"{""ability"":""I"",""detected_level"":""S"",""filename"":""I"",""job"":""I"",""nist_control"":""I"",""service_name"":""I""}",1790171974530267705_7b598f4f
"{""ability"":""target_acquisition"",""detected_level"":""debug"",""filename"":""/opt/zeek/logs/current/telemetry.log"",""job"":""search_man"",""nist_control"":""detect"",""service_name"":""search_man""}",2026-09-23 09:59:34.530,"{""ts"":1790084856.068081,""peer"":""zeek"",""metric_type"":""gauge"",""name"":""zeek_version_info"",""labels"":[""beta"",""commit"",""debug"",""major"",""minor"",""patch"",""version_number"",""version_string""],""label_values"":[""false"",""0"",""false"",""8"",""2"",""2"",""80202"",""8.2.2""],""value"":1.0}",1790171974530255082,"{""ability"":""I"",""detected_level"":""S"",""filename"":""I"",""job"":""I"",""nist_control"":""I"",""service_name"":""I""}",1790171974530255082_a73f4d78
"{""ability"":""target_acquisition"",""detected_level"":""unknown"",""filename"":""/opt/zeek/logs/current/telemetry.log"",""job"":""search_man"",""nist_control"":""detect"",""service_name"":""search_man""}",2026-09-23 09:59:34.530,"{""ts"":1790084856.068081,""peer"":""zeek"",""metric_type"":""counter"",""name"":""zeek_total_sessions_total"",""labels"":[""protocol""],""label_values"":[""tcp""],""value"":775.0}",1790171974530242091,"{""ability"":""I"",""detected_level"":""S"",""filename"":""I"",""job"":""I"",""nist_control"":""I"",""service_name"":""I""}",1790171974530242091_5632d7db
"{""ability"":""target_acquisition"",""detected_level"":""unknown"",""filename"":""/opt/zeek/logs/current/telemetry.log"",""job"":""search_man"",""nist_control"":""detect"",""service_name"":""search_man""}",2026-09-23 09:59:34.530,"{""ts"":1790084856.068081,""peer"":""zeek"",""metric_type"":""counter"",""name"":""zeek_total_sessions_total"",""labels"":[""protocol""],""label_values"":[""udp""],""value"":1611.0}",1790171974530168773,"{""ability"":""I"",""detected_level"":""S"",""filename"":""I"",""job"":""I"",""nist_control"":""I"",""service_name"":""I""}",1790171974530168773_d8b3b4bb
"{""ability"":""target_acquisition"",""detected_level"":""unknown"",""filename"":""/opt/zeek/logs/current/telemetry.log"",""job"":""search_man"",""nist_control"":""detect"",""service_name"":""search_man""}",2026-09-23 09:59:34.530,"{""ts"":1790084856.068081,""peer"":""zeek"",""metric_type"":""counter"",""name"":""zeek_total_sessions_total"",""labels"":[""protocol""],""label_values"":[""icmp""],""value"":409.0}",1790171974530164214,"{""ability"":""I"",""detected_level"":""S"",""filename"":""I"",""job"":""I"",""nist_control"":""I"",""service_name"":""I""}",1790171974530164214_729884b5
"{""ability"":""target_acquisition"",""detected_level"":""unknown"",""filename"":""/opt/zeek/logs/current/telemetry.log"",""job"":""search_man"",""nist_control"":""detect"",""service_name"":""search_man""}",2026-09-23 09:59:34.530,"{""ts"":1790084856.068081,""peer"":""zeek"",""metric_type"":""counter"",""name"":""zeek_cluster_zeromq_proxy_backend_bytes_sent_total"",""labels"":[],""label_values"":[],""value"":0.0}",1790171974530085421,"{""ability"":""I"",""detected_level"":""S"",""filename"":""I"",""job"":""I"",""nist_control"":""I"",""service_name"":""I""}",1790171974530085421_e9f8fac9
"{""ability"":""target_acquisition"",""detected_level"":""unknown"",""filename"":""/opt/zeek/logs/current/telemetry.log"",""job"":""search_man"",""nist_control"":""detect"",""service_name"":""search_man""}",2026-09-23 09:59:34.530,"{""ts"":1790084856.068081,""peer"":""zeek"",""metric_type"":""counter"",""name"":""zeek_cluster_zeromq_proxy_backend_messages_sent_total"",""labels"":[],""label_values"":[],""value"":0.0}",1790171974530080586,"{""ability"":""I"",""detected_level"":""S"",""filename"":""I"",""job"":""I"",""nist_control"":""I"",""service_name"":""I""}",1790171974530080586_1997c472
"{""ability"":""target_acquisition"",""detected_level"":""unknown"",""filename"":""/opt/zeek/logs/current/telemetry.log"",""job"":""search_man"",""nist_control"":""detect"",""service_name"":""search_man""}",2026-09-23 09:59:34.529,"{""ts"":1790084856.068081,""peer"":""zeek"",""metric_type"":""counter"",""name"":""zeek_cluster_zeromq_proxy_backend_bytes_received_total"",""labels"":[],""label_values"":[],""value"":52.0}",1790171974529963164,"{""ability"":""I"",""detected_level"":""S"",""filename"":""I"",""job"":""I"",""nist_control"":""I"",""service_name"":""I""}",1790171974529963164_82de0479
"{""ability"":""target_acquisition"",""detected_level"":""unknown"",""filename"":""/opt/zeek/logs/current/telemetry.log"",""job"":""search_man"",""nist_control"":""detect"",""service_name"":""search_man""}",2026-09-23 09:59:34.529,"{""ts"":1790084856.068081,""peer"":""zeek"",""metric_type"":""counter"",""name"":""zeek_cluster_zeromq_proxy_backend_messages_received_total"",""labels"":[],""label_values"":[],""value"":3.0}",1790171974529958514,"{""ability"":""I"",""detected_level"":""S"",""filename"":""I"",""job"":""I"",""nist_control"":""I"",""service_name"":""I""}",1790171974529958514_71d8dd90
"{""ability"":""target_acquisition"",""detected_level"":""unknown"",""filename"":""/opt/zeek/logs/current/telemetry.log"",""job"":""search_man"",""nist_control"":""detect"",""service_name"":""search_man""}",2026-09-23 09:59:34.529,"{""ts"":1790084856.068081,""peer"":""zeek"",""metric_type"":""counter"",""name"":""zeek_cluster_zeromq_proxy_frontend_bytes_sent_total"",""labels"":[],""label_values"":[],""value"":52.0}",1790171974529893493,"{""ability"":""I"",""detected_level"":""S"",""filename"":""I"",""job"":""I"",""nist_control"":""I"",""service_name"":""I""}",1790171974529893493_61f59106
"{""ability"":""target_acquisition"",""detected_level"":""unknown"",""filename"":""/opt/zeek/logs/current/telemetry.log"",""job"":""search_man"",""nist_control"":""detect"",""service_name"":""search_man""}",2026-09-23 09:59:34.529,"{""ts"":1790084856.068081,""peer"":""zeek"",""metric_type"":""counter"",""name"":""zeek_cluster_zeromq_proxy_frontend_messages_sent_total"",""labels"":[],""label_values"":[],""value"":3.0}",1790171974529838797,"{""ability"":""I"",""detected_level"":""S"",""filename"":""I"",""job"":""I"",""nist_control"":""I"",""service_name"":""I""}",1790171974529838797_5e56bf15
"{""ability"":""target_acquisition"",""detected_level"":""unknown"",""filename"":""/opt/zeek/logs/current/telemetry.log"",""job"":""search_man"",""nist_control"":""detect"",""service_name"":""search_man""}",2026-09-23 09:59:34.529,"{""ts"":1790084856.068081,""peer"":""zeek"",""metric_type"":""counter"",""name"":""zeek_cluster_zeromq_proxy_frontend_bytes_received_total"",""labels"":[],""label_values"":[],""value"":0.0}",1790171974529828343,"{""ability"":""I"",""detected_level"":""S"",""filename"":""I"",""job"":""I"",""nist_control"":""I"",""service_name"":""I""}",1790171974529828343_d60add80
"{""ability"":""target_acquisition"",""detected_level"":""unknown"",""filename"":""/opt/zeek/logs/current/telemetry.log"",""job"":""search_man"",""nist_control"":""detect"",""service_name"":""search_man""}",2026-09-23 09:59:34.529,"{""ts"":1790084856.068081,""peer"":""zeek"",""metric_type"":""counter"",""name"":""zeek_cluster_zeromq_proxy_frontend_messages_received_total"",""labels"":[],""label_values"":[],""value"":0.0}",1790171974529823481,"{""ability"":""I"",""detected_level"":""S"",""filename"":""I"",""job"":""I"",""nist_control"":""I"",""service_name"":""I""}",1790171974529823481_47257537
"{""ability"":""target_acquisition"",""detected_level"":""unknown"",""filename"":""/opt/zeek/logs/current/telemetry.log"",""job"":""search_man"",""nist_control"":""detect"",""service_name"":""search_man""}",2026-09-23 09:59:34.529,"{""ts"":1790084856.068081,""peer"":""zeek"",""metric_type"":""counter"",""name"":""zeek_event_handler_invocations_total"",""labels"":[""name""],""label_values"":[""x509_ocsp_ext_signed_certificate_timestamp""],""value"":15.0}",1790171974529720034,"{""ability"":""I"",""detected_level"":""S"",""filename"":""I"",""job"":""I"",""nist_control"":""I"",""service_name"":""I""}",1790171974529720034_3c8b8a37
"{""ability"":""target_acquisition"",""detected_level"":""unknown"",""filename"":""/opt/zeek/logs/current/telemetry.log"",""job"":""search_man"",""nist_control"":""detect"",""service_name"":""search_man""}",2026-09-23 09:59:34.529,"{""ts"":1790084856.068081,""peer"":""zeek"",""metric_type"":""counter"",""name"":""zeek_event_handler_invocations_total"",""labels"":[""name""],""label_values"":[""file_hash""],""value"":45.0}",1790171974529672035,"{""ability"":""I"",""detected_level"":""S"",""filename"":""I"",""job"":""I"",""nist_control"":""I"",""service_name"":""I""}",1790171974529672035_8a4eb9d3
"{""ability"":""target_acquisition"",""detected_level"":""unknown"",""filename"":""/opt/zeek/logs/current/telemetry.log"",""job"":""search_man"",""nist_control"":""detect"",""service_name"":""search_man""}",2026-09-23 09:59:34.529,"{""ts"":1790084856.068081,""peer"":""zeek"",""metric_type"":""counter"",""name"":""zeek_event_handler_invocations_total"",""labels"":[""name""],""label_values"":[""x509_certificate""],""value"":15.0}",1790171974529655682,"{""ability"":""I"",""detected_level"":""S"",""filename"":""I"",""job"":""I"",""nist_control"":""I"",""service_name"":""I""}",1790171974529655682_5c6b29e5
"{""ability"":""target_acquisition"",""detected_level"":""unknown"",""filename"":""/opt/zeek/logs/current/telemetry.log"",""job"":""search_man"",""nist_control"":""detect"",""service_name"":""search_man""}",2026-09-23 09:59:34.529,"{""ts"":1790084856.068081,""peer"":""zeek"",""metric_type"":""counter"",""name"":""zeek_event_handler_invocations_total"",""labels"":[""name""],""label_values"":[""ntp_message""],""value"":8.0}",1790171974529575313,"{""ability"":""I"",""detected_level"":""S"",""filename"":""I"",""job"":""I"",""nist_control"":""I"",""service_name"":""I""}",1790171974529575313_a67fa38d
"{""ability"":""target_acquisition"",""detected_level"":""unknown"",""filename"":""/opt/zeek/logs/current/telemetry.log"",""job"":""search_man"",""nist_control"":""detect"",""service_name"":""search_man""}",2026-09-23 09:59:34.529,"{""ts"":1790084856.068081,""peer"":""zeek"",""metric_type"":""counter"",""name"":""zeek_event_handler_invocations_total"",""labels"":[""name""],""label_values"":[""QUIC::zero_rtt_packet""],""value"":164.0}",1790171974529570062,"{""ability"":""I"",""detected_level"":""S"",""filename"":""I"",""job"":""I"",""nist_control"":""I"",""service_name"":""I""}",1790171974529570062_c27930e6
"{""ability"":""target_acquisition"",""detected_level"":""unknown"",""filename"":""/opt/zeek/logs/current/telemetry.log"",""job"":""search_man"",""nist_control"":""detect"",""service_name"":""search_man""}",2026-09-23 09:59:34.529,"{""ts"":1790084856.068081,""peer"":""zeek"",""metric_type"":""counter"",""name"":""zeek_event_handler_invocations_total"",""labels"":[""name""],""label_values"":[""ssl_plaintext_data""],""value"":976.0}",1790171974529443859,"{""ability"":""I"",""detected_level"":""S"",""filename"":""I"",""job"":""I"",""nist_control"":""I"",""service_name"":""I""}",1790171974529443859_4fc094ca
"{""ability"":""target_acquisition"",""detected_level"":""unknown"",""filename"":""/opt/zeek/logs/current/telemetry.log"",""job"":""search_man"",""nist_control"":""detect"",""service_name"":""search_man""}",2026-09-23 09:59:34.529,"{""ts"":1790084856.068081,""peer"":""zeek"",""metric_type"":""counter"",""name"":""zeek_event_handler_invocations_total"",""labels"":[""name""],""label_values"":[""file_sniff""],""value"":15.0}",1790171974529417320,"{""ability"":""I"",""detected_level"":""S"",""filename"":""I"",""job"":""I"",""nist_control"":""I"",""service_name"":""I""}",1790171974529417320_87424b2c
"{""ability"":""target_acquisition"",""detected_level"":""unknown"",""filename"":""/opt/zeek/logs/current/telemetry.log"",""job"":""search_man"",""nist_control"":""detect"",""service_name"":""search_man""}",2026-09-23 09:59:34.529,"{""ts"":1790084856.068081,""peer"":""zeek"",""metric_type"":""counter"",""name"":""zeek_event_handler_invocations_total"",""labels"":[""name""],""label_values"":[""file_over_new_connection""],""value"":15.0}",1790171974529359907,"{""ability"":""I"",""detected_level"":""S"",""filename"":""I"",""job"":""I"",""nist_control"":""I"",""service_name"":""I""}",1790171974529359907_9ebeb94
"{""ability"":""target_acquisition"",""detected_level"":""unknown"",""filename"":""/opt/zeek/logs/current/telemetry.log"",""job"":""search_man"",""nist_control"":""detect"",""service_name"":""search_man""}",2026-09-23 09:59:34.529,"{""ts"":1790084856.068081,""peer"":""zeek"",""metric_type"":""counter"",""name"":""zeek_event_handler_invocations_total"",""labels"":[""name""],""label_values"":[""x509_extension""],""value"":125.0}",1790171974529353690,"{""ability"":""I"",""detected_level"":""S"",""filename"":""I"",""job"":""I"",""nist_control"":""I"",""service_name"":""I""}",1790171974529353690_510cebed
"{""ability"":""target_acquisition"",""detected_level"":""unknown"",""filename"":""/opt/zeek/logs/current/telemetry.log"",""job"":""search_man"",""nist_control"":""detect"",""service_name"":""search_man""}",2026-09-23 09:59:34.529,"{""ts"":1790084856.068081,""peer"":""zeek"",""metric_type"":""counter"",""name"":""zeek_event_handler_invocations_total"",""labels"":[""name""],""label_values"":[""file_new""],""value"":15.0}",1790171974529181943,"{""ability"":""I"",""detected_level"":""S"",""filename"":""I"",""job"":""I"",""nist_control"":""I"",""service_name"":""I""}",1790171974529181943_97738752
"{""ability"":""target_acquisition"",""detected_level"":""unknown"",""filename"":""/opt/zeek/logs/current/telemetry.log"",""job"":""search_man"",""nist_control"":""detect"",""service_name"":""search_man""}",2026-09-23 09:59:34.529,"{""ts"":1790084856.068081,""peer"":""zeek"",""metric_type"":""counter"",""name"":""zeek_event_handler_invocations_total"",""labels"":[""name""],""label_values"":[""ssl_ecdh_server_params""],""value"":5.0}",1790171974529166644,"{""ability"":""I"",""detected_level"":""S"",""filename"":""I"",""job"":""I"",""nist_control"":""I"",""service_name"":""I""}",1790171974529166644_e0ea4386
"{""ability"":""target_acquisition"",""detected_level"":""unknown"",""filename"":""/opt/zeek/logs/current/telemetry.log"",""job"":""search_man"",""nist_control"":""detect"",""service_name"":""search_man""}",2026-09-23 09:59:34.529,"{""ts"":1790084856.068081,""peer"":""zeek"",""metric_type"":""counter"",""name"":""zeek_event_handler_invocations_total"",""labels"":[""name""],""label_values"":[""ssl_extension_application_layer_protocol_negotiation""],""value"":288.0}",1790171974529153574,"{""ability"":""I"",""detected_level"":""S"",""filename"":""I"",""job"":""I"",""nist_control"":""I"",""service_name"":""I""}",1790171974529153574_6bb8554d
"{""ability"":""target_acquisition"",""detected_level"":""unknown"",""filename"":""/opt/zeek/logs/current/telemetry.log"",""job"":""search_man"",""nist_control"":""detect"",""service_name"":""search_man""}",2026-09-23 09:59:34.529,"{""ts"":1790084856.068081,""peer"":""zeek"",""metric_type"":""counter"",""name"":""zeek_event_handler_invocations_total"",""labels"":[""name""],""label_values"":[""file_state_remove""],""value"":15.0}",1790171974529143046,"{""ability"":""I"",""detected_level"":""S"",""filename"":""I"",""job"":""I"",""nist_control"":""I"",""service_name"":""I""}",1790171974529143046_45e1fd76
"{""ability"":""target_acquisition"",""detected_level"":""unknown"",""filename"":""/opt/zeek/logs/current/telemetry.log"",""job"":""search_man"",""nist_control"":""detect"",""service_name"":""search_man""}",2026-09-23 09:59:34.529,"{""ts"":1790084856.068081,""peer"":""zeek"",""metric_type"":""counter"",""name"":""zeek_event_handler_invocations_total"",""labels"":[""name""],""label_values"":[""dns_message""],""value"":45766.0}",1790171974529138016,"{""ability"":""I"",""detected_level"":""S"",""filename"":""I"",""job"":""I"",""nist_control"":""I"",""service_name"":""I""}",1790171974529138016_4a152186
"{""ability"":""target_acquisition"",""detected_level"":""unknown"",""filename"":""/opt/zeek/logs/current/telemetry.log"",""job"":""search_man"",""nist_control"":""detect"",""service_name"":""search_man""}",2026-09-23 09:59:34.529,"{""ts"":1790084856.068081,""peer"":""zeek"",""metric_type"":""counter"",""name"":""zeek_event_handler_invocations_total"",""labels"":[""name""],""label_values"":[""ssl_established""],""value"":171.0}",1790171974529049440,"{""ability"":""I"",""detected_level"":""S"",""filename"":""I"",""job"":""I"",""nist_control"":""I"",""service_name"":""I""}",1790171974529049440_8dd862f
"{""ability"":""target_acquisition"",""detected_level"":""unknown"",""filename"":""/opt/zeek/logs/current/telemetry.log"",""job"":""search_man"",""nist_control"":""detect"",""service_name"":""search_man""}",2026-09-23 09:59:34.529,"{""ts"":1790084856.068081,""peer"":""zeek"",""metric_type"":""counter"",""name"":""zeek_event_handler_invocations_total"",""labels"":[""name""],""label_values"":[""dns_AAAA_reply""],""value"":74457.0}",1790171974529034045,"{""ability"":""I"",""detected_level"":""S"",""filename"":""I"",""job"":""I"",""nist_control"":""I"",""service_name"":""I""}",1790171974529034045_c409d557
"{""ability"":""target_acquisition"",""detected_level"":""unknown"",""filename"":""/opt/zeek/logs/current/telemetry.log"",""job"":""search_man"",""nist_control"":""detect"",""service_name"":""search_man""}",2026-09-23 09:59:34.529,"{""ts"":1790084856.068081,""peer"":""zeek"",""metric_type"":""counter"",""name"":""zeek_event_handler_invocations_total"",""labels"":[""name""],""label_values"":[""ssl_change_cipher_spec""],""value"":350.0}",1790171974529021304,"{""ability"":""I"",""detected_level"":""S"",""filename"":""I"",""job"":""I"",""nist_control"":""I"",""service_name"":""I""}",1790171974529021304_7b206d24
"{""ability"":""target_acquisition"",""detected_level"":""unknown"",""filename"":""/opt/zeek/logs/current/telemetry.log"",""job"":""search_man"",""nist_control"":""detect"",""service_name"":""search_man""}",2026-09-23 09:59:34.529,"{""ts"":1790084856.068081,""peer"":""zeek"",""metric_type"":""counter"",""name"":""zeek_event_handler_invocations_total"",""labels"":[""name""],""label_values"":[""dhcp_message""],""value"":25.0}",1790171974529011796,"{""ability"":""I"",""detected_level"":""S"",""filename"":""I"",""job"":""I"",""nist_control"":""I"",""service_name"":""I""}",1790171974529011796_d5d31d37
"{""ability"":""target_acquisition"",""detected_level"":""unknown"",""filename"":""/opt/zeek/logs/current/telemetry.log"",""job"":""search_man"",""nist_control"":""detect"",""service_name"":""search_man""}",2026-09-23 09:59:34.529,"{""ts"":1790084856.068081,""peer"":""zeek"",""metric_type"":""counter"",""name"":""zeek_event_handler_invocations_total"",""labels"":[""name""],""label_values"":[""ssl_client_hello""],""value"":301.0}",1790171974529007061,"{""ability"":""I"",""detected_level"":""S"",""filename"":""I"",""job"":""I"",""nist_control"":""I"",""service_name"":""I""}",1790171974529007061_b0f10482
"{""ability"":""target_acquisition"",""detected_level"":""unknown"",""filename"":""/opt/zeek/logs/current/telemetry.log"",""job"":""search_man"",""nist_control"":""detect"",""service_name"":""search_man""}",2026-09-23 09:59:34.528,"{""ts"":1790084856.068081,""peer"":""zeek"",""metric_type"":""counter"",""name"":""zeek_event_handler_invocations_total"",""labels"":[""name""],""label_values"":[""zeek_init""],""value"":1.0}",1790171974528925987,"{""ability"":""I"",""detected_level"":""S"",""filename"":""I"",""job"":""I"",""nist_control"":""I"",""service_name"":""I""}",1790171974528925987_821057d2
"{""ability"":""target_acquisition"",""detected_level"":""unknown"",""filename"":""/opt/zeek/logs/current/telemetry.log"",""job"":""search_man"",""nist_control"":""detect"",""service_name"":""search_man""}",2026-09-23 09:59:34.528,"{""ts"":1790084856.068081,""peer"":""zeek"",""metric_type"":""counter"",""name"":""zeek_event_handler_invocations_total"",""labels"":[""name""],""label_values"":[""ssl_extension_server_name""],""value"":301.0}",1790171974528910529,"{""ability"":""I"",""detected_level"":""S"",""filename"":""I"",""job"":""I"",""nist_control"":""I"",""service_name"":""I""}",1790171974528910529_b3956c69
"{""ability"":""target_acquisition"",""detected_level"":""unknown"",""filename"":""/opt/zeek/logs/current/telemetry.log"",""job"":""search_man"",""nist_control"":""detect"",""service_name"":""search_man""}",2026-09-23 09:59:34.528,"{""ts"":1790084856.068081,""peer"":""zeek"",""metric_type"":""counter"",""name"":""zeek_event_handler_invocations_total"",""labels"":[""name""],""label_values"":[""known_host_add""],""value"":1.0}",1790171974528898184,"{""ability"":""I"",""detected_level"":""S"",""filename"":""I"",""job"":""I"",""nist_control"":""I"",""service_name"":""I""}",1790171974528898184_f7ecb772
"{""ability"":""target_acquisition"",""detected_level"":""unknown"",""filename"":""/opt/zeek/logs/current/telemetry.log"",""job"":""search_man"",""nist_control"":""detect"",""service_name"":""search_man""}",2026-09-23 09:59:34.528,"{""ts"":1790084856.068081,""peer"":""zeek"",""metric_type"":""counter"",""name"":""zeek_event_handler_invocations_total"",""labels"":[""name""],""label_values"":[""SumStats::finish_epoch""],""value"":3.0}",1790171974528888681,"{""ability"":""I"",""detected_level"":""S"",""filename"":""I"",""job"":""I"",""nist_control"":""I"",""service_name"":""I""}",1790171974528888681_31e1649f
"{""ability"":""target_acquisition"",""detected_level"":""unknown"",""filename"":""/opt/zeek/logs/current/telemetry.log"",""job"":""search_man"",""nist_control"":""detect"",""service_name"":""search_man""}",2026-09-23 09:59:34.528,"{""ts"":1790084856.068081,""peer"":""zeek"",""metric_type"":""counter"",""name"":""zeek_event_handler_invocations_total"",""labels"":[""name""],""label_values"":[""filter_change_tracking""],""value"":35.0}",1790171974528884146,"{""ability"":""I"",""detected_level"":""S"",""filename"":""I"",""job"":""I"",""nist_control"":""I"",""service_name"":""I""}",1790171974528884146_f20ad3ae
"{""ability"":""target_acquisition"",""detected_level"":""unknown"",""filename"":""/opt/zeek/logs/current/telemetry.log"",""job"":""search_man"",""nist_control"":""detect"",""service_name"":""search_man""}",2026-09-23 09:59:34.528,"{""ts"":1790084856.068081,""peer"":""zeek"",""metric_type"":""counter"",""name"":""zeek_event_handler_invocations_total"",""labels"":[""name""],""label_values"":[""QUIC::short_header_packet_threshold_crossed""],""value"":1166.0}",1790171974528816320,"{""ability"":""I"",""detected_level"":""S"",""filename"":""I"",""job"":""I"",""nist_control"":""I"",""service_name"":""I""}",1790171974528816320_d7420af0
"{""ability"":""target_acquisition"",""detected_level"":""unknown"",""filename"":""/opt/zeek/logs/current/telemetry.log"",""job"":""search_man"",""nist_control"":""detect"",""service_name"":""search_man""}",2026-09-23 09:59:34.528,"{""ts"":1790084856.068081,""peer"":""zeek"",""metric_type"":""counter"",""name"":""zeek_event_handler_invocations_total"",""labels"":[""name""],""label_values"":[""Known::host_found""],""value"":187.0}",1790171974528800898,"{""ability"":""I"",""detected_level"":""S"",""filename"":""I"",""job"":""I"",""nist_control"":""I"",""service_name"":""I""}",1790171974528800898_d6991bd7
"{""ability"":""target_acquisition"",""detected_level"":""unknown"",""filename"":""/opt/zeek/logs/current/telemetry.log"",""job"":""search_man"",""nist_control"":""detect"",""service_name"":""search_man""}",2026-09-23 09:59:34.528,"{""ts"":1790084856.068081,""peer"":""zeek"",""metric_type"":""counter"",""name"":""zeek_event_handler_invocations_total"",""labels"":[""name""],""label_values"":[""TrimTraceFile::go""],""value"":1.0}",1790171974528788523,"{""ability"":""I"",""detected_level"":""S"",""filename"":""I"",""job"":""I"",""nist_control"":""I"",""service_name"":""I""}",1790171974528788523_2f6f99c1
"{""ability"":""target_acquisition"",""detected_level"":""unknown"",""filename"":""/opt/zeek/logs/current/telemetry.log"",""job"":""search_man"",""nist_control"":""detect"",""service_name"":""search_man""}",2026-09-23 09:59:34.528,"{""ts"":1790084856.068081,""peer"":""zeek"",""metric_type"":""counter"",""name"":""zeek_event_handler_invocations_total"",""labels"":[""name""],""label_values"":[""zeek_script_loaded""],""value"":559.0}",1790171974528777332,"{""ability"":""I"",""detected_level"":""S"",""filename"":""I"",""job"":""I"",""nist_control"":""I"",""service_name"":""I""}",1790171974528777332_e89af8af
"{""ability"":""target_acquisition"",""detected_level"":""unknown"",""filename"":""/opt/zeek/logs/current/telemetry.log"",""job"":""search_man"",""nist_control"":""detect"",""service_name"":""search_man""}",2026-09-23 09:59:34.528,"{""ts"":1790084856.068081,""peer"":""zeek"",""metric_type"":""counter"",""name"":""zeek_event_handler_invocations_total"",""labels"":[""name""],""label_values"":[""dns_SRV_reply""],""value"":24619.0}",1790171974528764753,"{""ability"":""I"",""detected_level"":""S"",""filename"":""I"",""job"":""I"",""nist_control"":""I"",""service_name"":""I""}",1790171974528764753_9ecb317
"{""ability"":""target_acquisition"",""detected_level"":""unknown"",""filename"":""/opt/zeek/logs/current/telemetry.log"",""job"":""search_man"",""nist_control"":""detect"",""service_name"":""search_man""}",2026-09-23 09:59:34.528,"{""ts"":1790084856.068081,""peer"":""zeek"",""metric_type"":""counter"",""name"":""zeek_event_handler_invocations_total"",""labels"":[""name""],""label_values"":[""ssl_extension_key_share""],""value"":596.0}",1790171974528695760,"{""ability"":""I"",""detected_level"":""S"",""filename"":""I"",""job"":""I"",""nist_control"":""I"",""service_name"":""I""}",1790171974528695760_6a90e32f
"{""ability"":""target_acquisition"",""detected_level"":""unknown"",""filename"":""/opt/zeek/logs/current/telemetry.log"",""job"":""search_man"",""nist_control"":""detect"",""service_name"":""search_man""}",2026-09-23 09:59:34.528,"{""ts"":1790084856.068081,""peer"":""zeek"",""metric_type"":""counter"",""name"":""zeek_event_handler_invocations_total"",""labels"":[""name""],""label_values"":[""new_connection""],""value"":2795.0}",1790171974528680636,"{""ability"":""I"",""detected_level"":""S"",""filename"":""I"",""job"":""I"",""nist_control"":""I"",""service_name"":""I""}",1790171974528680636_1e664c8b
"{""ability"":""target_acquisition"",""detected_level"":""unknown"",""filename"":""/opt/zeek/logs/current/telemetry.log"",""job"":""search_man"",""nist_control"":""detect"",""service_name"":""search_man""}",2026-09-23 09:59:34.528,"{""ts"":1790084856.068081,""peer"":""zeek"",""metric_type"":""counter"",""name"":""zeek_event_handler_invocations_total"",""labels"":[""name""],""label_values"":[""known_service_add""],""value"":3.0}",1790171974528667247,"{""ability"":""I"",""detected_level"":""S"",""filename"":""I"",""job"":""I"",""nist_control"":""I"",""service_name"":""I""}",1790171974528667247_a3d22949
"{""ability"":""target_acquisition"",""detected_level"":""unknown"",""filename"":""/opt/zeek/logs/current/telemetry.log"",""job"":""search_man"",""nist_control"":""detect"",""service_name"":""search_man""}",2026-09-23 09:59:34.528,"{""ts"":1790084856.068081,""peer"":""zeek"",""metric_type"":""counter"",""name"":""zeek_event_handler_invocations_total"",""labels"":[""name""],""label_values"":[""dns_CNAME_reply""],""value"":226.0}",1790171974528657844,"{""ability"":""I"",""detected_level"":""S"",""filename"":""I"",""job"":""I"",""nist_control"":""I"",""service_name"":""I""}",1790171974528657844_f870c726
"{""ability"":""target_acquisition"",""detected_level"":""unknown"",""filename"":""/opt/zeek/logs/current/telemetry.log"",""job"":""search_man"",""nist_control"":""detect"",""service_name"":""search_man""}",2026-09-23 09:59:34.528,"{""ts"":1790084856.068081,""peer"":""zeek"",""metric_type"":""counter"",""name"":""zeek_event_handler_invocations_total"",""labels"":[""name""],""label_values"":[""connection_established""],""value"":187.0}",1790171974528653301,"{""ability"":""I"",""detected_level"":""S"",""filename"":""I"",""job"":""I"",""nist_control"":""I"",""service_name"":""I""}",1790171974528653301_c9909ed8
"{""ability"":""target_acquisition"",""detected_level"":""unknown"",""filename"":""/opt/zeek/logs/current/telemetry.log"",""job"":""search_man"",""nist_control"":""detect"",""service_name"":""search_man""}",2026-09-23 09:59:34.528,"{""ts"":1790084856.068081,""peer"":""zeek"",""metric_type"":""counter"",""name"":""zeek_event_handler_invocations_total"",""labels"":[""name""],""label_values"":[""analyzer_confirmation_info""],""value"":1671.0}",1790171974528583939,"{""ability"":""I"",""detected_level"":""S"",""filename"":""I"",""job"":""I"",""nist_control"":""I"",""service_name"":""I""}",1790171974528583939_ced99d79
"{""ability"":""target_acquisition"",""detected_level"":""unknown"",""filename"":""/opt/zeek/logs/current/telemetry.log"",""job"":""search_man"",""nist_control"":""detect"",""service_name"":""search_man""}",2026-09-23 09:59:34.528,"{""ts"":1790084856.068081,""peer"":""zeek"",""metric_type"":""counter"",""name"":""zeek_event_handler_invocations_total"",""labels"":[""name""],""label_values"":[""service_info_commit""],""value"":694.0}",1790171974528568756,"{""ability"":""I"",""detected_level"":""S"",""filename"":""I"",""job"":""I"",""nist_control"":""I"",""service_name"":""I""}",1790171974528568756_1431232
"{""ability"":""target_acquisition"",""detected_level"":""unknown"",""filename"":""/opt/zeek/logs/current/telemetry.log"",""job"":""search_man"",""nist_control"":""detect"",""service_name"":""search_man""}",2026-09-23 09:59:34.528,"{""ts"":1790084856.068081,""peer"":""zeek"",""metric_type"":""counter"",""name"":""zeek_event_handler_invocations_total"",""labels"":[""name""],""label_values"":[""ssl_extension_supported_versions""],""value"":596.0}",1790171974528556272,"{""ability"":""I"",""detected_level"":""S"",""filename"":""I"",""job"":""I"",""nist_control"":""I"",""service_name"":""I""}",1790171974528556272_863f7314
"{""ability"":""target_acquisition"",""detected_level"":""unknown"",""filename"":""/opt/zeek/logs/current/telemetry.log"",""job"":""search_man"",""nist_control"":""detect"",""service_name"":""search_man""}",2026-09-23 09:59:34.528,"{""ts"":1790084856.068081,""peer"":""zeek"",""metric_type"":""counter"",""name"":""zeek_event_handler_invocations_total"",""labels"":[""name""],""label_values"":[""net_stats_update""],""value"":34.0}",1790171974528546813,"{""ability"":""I"",""detected_level"":""S"",""filename"":""I"",""job"":""I"",""nist_control"":""I"",""service_name"":""I""}",1790171974528546813_5fd68a7b
"{""ability"":""target_acquisition"",""detected_level"":""unknown"",""filename"":""/opt/zeek/logs/current/telemetry.log"",""job"":""search_man"",""nist_control"":""detect"",""service_name"":""search_man""}",2026-09-23 09:59:34.528,"{""ts"":1790084856.068081,""peer"":""zeek"",""metric_type"":""counter"",""name"":""zeek_event_handler_invocations_total"",""labels"":[""name""],""label_values"":[""CaptureLoss::take_measurement""],""value"":13.0}",1790171974528542405,"{""ability"":""I"",""detected_level"":""S"",""filename"":""I"",""job"":""I"",""nist_control"":""I"",""service_name"":""I""}",1790171974528542405_16527fe8
"{""ability"":""target_acquisition"",""detected_level"":""unknown"",""filename"":""/opt/zeek/logs/current/telemetry.log"",""job"":""search_man"",""nist_control"":""detect"",""service_name"":""search_man""}",2026-09-23 09:59:34.528,"{""ts"":1790084856.068081,""peer"":""zeek"",""metric_type"":""counter"",""name"":""zeek_event_handler_invocations_total"",""labels"":[""name""],""label_values"":[""x509_ext_subject_alternative_name""],""value"":5.0}",1790171974528475672,"{""ability"":""I"",""detected_level"":""S"",""filename"":""I"",""job"":""I"",""nist_control"":""I"",""service_name"":""I""}",1790171974528475672_b466c6e3
"{""ability"":""target_acquisition"",""detected_level"":""unknown"",""filename"":""/opt/zeek/logs/current/telemetry.log"",""job"":""search_man"",""nist_control"":""detect"",""service_name"":""search_man""}",2026-09-23 09:59:34.528,"{""ts"":1790084856.068081,""peer"":""zeek"",""metric_type"":""counter"",""name"":""zeek_event_handler_invocations_total"",""labels"":[""name""],""label_values"":[""dns_end""],""value"":45766.0}",1790171974528460580,"{""ability"":""I"",""detected_level"":""S"",""filename"":""I"",""job"":""I"",""nist_control"":""I"",""service_name"":""I""}",1790171974528460580_b4956094
"{""ability"":""target_acquisition"",""detected_level"":""unknown"",""filename"":""/opt/zeek/logs/current/telemetry.log"",""job"":""search_man"",""nist_control"":""detect"",""service_name"":""search_man""}",2026-09-23 09:59:34.528,"{""ts"":1790084856.068081,""peer"":""zeek"",""metric_type"":""counter"",""name"":""zeek_event_handler_invocations_total"",""labels"":[""name""],""label_values"":[""dns_PTR_reply""],""value"":150191.0}",1790171974528447589,"{""ability"":""I"",""detected_level"":""S"",""filename"":""I"",""job"":""I"",""nist_control"":""I"",""service_name"":""I""}",1790171974528447589_784917ad
"{""ability"":""target_acquisition"",""detected_level"":""unknown"",""filename"":""/opt/zeek/logs/current/telemetry.log"",""job"":""search_man"",""nist_control"":""detect"",""service_name"":""search_man""}",2026-09-23 09:59:34.528,"{""ts"":1790084856.068081,""peer"":""zeek"",""metric_type"":""counter"",""name"":""zeek_event_handler_invocations_total"",""labels"":[""name""],""label_values"":[""check_stats""],""value"":34.0}",1790171974528438328,"{""ability"":""I"",""detected_level"":""S"",""filename"":""I"",""job"":""I"",""nist_control"":""I"",""service_name"":""I""}",1790171974528438328_58363874
"{""ability"":""target_acquisition"",""detected_level"":""unknown"",""filename"":""/opt/zeek/logs/current/telemetry.log"",""job"":""search_man"",""nist_control"":""detect"",""service_name"":""search_man""}",2026-09-23 09:59:34.528,"{""ts"":1790084856.068081,""peer"":""zeek"",""metric_type"":""counter"",""name"":""zeek_event_handler_invocations_total"",""labels"":[""name""],""label_values"":[""Cluster::Backend::ZeroMQ::subscription""],""value"":3.0}",1790171974528433808,"{""ability"":""I"",""detected_level"":""S"",""filename"":""I"",""job"":""I"",""nist_control"":""I"",""service_name"":""I""}",1790171974528433808_9b7738af
"{""ability"":""target_acquisition"",""detected_level"":""unknown"",""filename"":""/opt/zeek/logs/current/telemetry.log"",""job"":""search_man"",""nist_control"":""detect"",""service_name"":""search_man""}",2026-09-23 09:59:34.528,"{""ts"":1790084856.068081,""peer"":""zeek"",""metric_type"":""counter"",""name"":""zeek_event_handler_invocations_total"",""labels"":[""name""],""label_values"":[""Broker::log_flush""],""value"":9630.0}",1790171974528364836,"{""ability"":""I"",""detected_level"":""S"",""filename"":""I"",""job"":""I"",""nist_control"":""I"",""service_name"":""I""}",1790171974528364836_5c385fb5
"{""ability"":""target_acquisition"",""detected_level"":""unknown"",""filename"":""/opt/zeek/logs/current/telemetry.log"",""job"":""search_man"",""nist_control"":""detect"",""service_name"":""search_man""}",2026-09-23 09:59:34.528,"{""ts"":1790084856.068081,""peer"":""zeek"",""metric_type"":""counter"",""name"":""zeek_event_handler_invocations_total"",""labels"":[""name""],""label_values"":[""dns_rejected""],""value"":346.0}",1790171974528349443,"{""ability"":""I"",""detected_level"":""S"",""filename"":""I"",""job"":""I"",""nist_control"":""I"",""service_name"":""I""}",1790171974528349443_8f000186
"{""ability"":""target_acquisition"",""detected_level"":""unknown"",""filename"":""/opt/zeek/logs/current/telemetry.log"",""job"":""search_man"",""nist_control"":""detect"",""service_name"":""search_man""}",2026-09-23 09:59:34.528,"{""ts"":1790084856.068081,""peer"":""zeek"",""metric_type"":""counter"",""name"":""zeek_event_handler_invocations_total"",""labels"":[""name""],""label_values"":[""ssl_extension""],""value"":5386.0}",1790171974528337545,"{""ability"":""I"",""detected_level"":""S"",""filename"":""I"",""job"":""I"",""nist_control"":""I"",""service_name"":""I""}",1790171974528337545_9990cdab
"{""ability"":""target_acquisition"",""detected_level"":""unknown"",""filename"":""/opt/zeek/logs/current/telemetry.log"",""job"":""search_man"",""nist_control"":""detect"",""service_name"":""search_man""}",2026-09-23 09:59:34.528,"{""ts"":1790084856.068081,""peer"":""zeek"",""metric_type"":""counter"",""name"":""zeek_event_handler_invocations_total"",""labels"":[""name""],""label_values"":[""NetControl::init""],""value"":1.0}",1790171974528327875,"{""ability"":""I"",""detected_level"":""S"",""filename"":""I"",""job"":""I"",""nist_control"":""I"",""service_name"":""I""}",1790171974528327875_f65239e
"{""ability"":""target_acquisition"",""detected_level"":""unknown"",""filename"":""/opt/zeek/logs/current/telemetry.log"",""job"":""search_man"",""nist_control"":""detect"",""service_name"":""search_man""}",2026-09-23 09:59:34.528,"{""ts"":1790084856.068081,""peer"":""zeek"",""metric_type"":""counter"",""name"":""zeek_event_handler_invocations_total"",""labels"":[""name""],""label_values"":[""Telemetry::log""],""value"":168.0}",1790171974528323414,"{""ability"":""I"",""detected_level"":""S"",""filename"":""I"",""job"":""I"",""nist_control"":""I"",""service_name"":""I""}",1790171974528323414_f3f3f587
"{""ability"":""target_acquisition"",""detected_level"":""unknown"",""filename"":""/opt/zeek/logs/current/telemetry.log"",""job"":""search_man"",""nist_control"":""detect"",""service_name"":""search_man""}",2026-09-23 09:59:34.528,"{""ts"":1790084856.068081,""peer"":""zeek"",""metric_type"":""counter"",""name"":""zeek_event_handler_invocations_total"",""labels"":[""name""],""label_values"":[""ssl_server_hello""],""value"":300.0}",1790171974528251607,"{""ability"":""I"",""detected_level"":""S"",""filename"":""I"",""job"":""I"",""nist_control"":""I"",""service_name"":""I""}",1790171974528251607_ae4a0aef
"{""ability"":""target_acquisition"",""detected_level"":""unknown"",""filename"":""/opt/zeek/logs/current/telemetry.log"",""job"":""search_man"",""nist_control"":""detect"",""service_name"":""search_man""}",2026-09-23 09:59:34.528,"{""ts"":1790084856.068081,""peer"":""zeek"",""metric_type"":""counter"",""name"":""zeek_event_handler_invocations_total"",""labels"":[""name""],""label_values"":[""ChecksumOffloading::check""],""value"":2.0}",1790171974528227870,"{""ability"":""I"",""detected_level"":""S"",""filename"":""I"",""job"":""I"",""nist_control"":""I"",""service_name"":""I""}",1790171974528227870_b5ec0c85
"{""ability"":""target_acquisition"",""detected_level"":""unknown"",""filename"":""/opt/zeek/logs/current/telemetry.log"",""job"":""search_man"",""nist_control"":""detect"",""service_name"":""search_man""}",2026-09-23 09:59:34.528,"{""ts"":1790084856.068081,""peer"":""zeek"",""metric_type"":""counter"",""name"":""zeek_event_handler_invocations_total"",""labels"":[""name""],""label_values"":[""QUIC::initial_packet""],""value"":1027.0}",1790171974528215441,"{""ability"":""I"",""detected_level"":""S"",""filename"":""I"",""job"":""I"",""nist_control"":""I"",""service_name"":""I""}",1790171974528215441_5f466b8e
"{""ability"":""target_acquisition"",""detected_level"":""unknown"",""filename"":""/opt/zeek/logs/current/telemetry.log"",""job"":""search_man"",""nist_control"":""detect"",""service_name"":""search_man""}",2026-09-23 09:59:34.528,"{""ts"":1790084856.068081,""peer"":""zeek"",""metric_type"":""counter"",""name"":""zeek_event_handler_invocations_total"",""labels"":[""name""],""label_values"":[""dns_TXT_reply""],""value"":24619.0}",1790171974528206086,"{""ability"":""I"",""detected_level"":""S"",""filename"":""I"",""job"":""I"",""nist_control"":""I"",""service_name"":""I""}",1790171974528206086_31e1e50c
"{""ability"":""target_acquisition"",""detected_level"":""unknown"",""filename"":""/opt/zeek/logs/current/telemetry.log"",""job"":""search_man"",""nist_control"":""detect"",""service_name"":""search_man""}",2026-09-23 09:59:34.528,"{""ts"":1790084856.068081,""peer"":""zeek"",""metric_type"":""counter"",""name"":""zeek_event_handler_invocations_total"",""labels"":[""name""],""label_values"":[""ssl_handshake_message""],""value"":626.0}",1790171974528201236,"{""ability"":""I"",""detected_level"":""S"",""filename"":""I"",""job"":""I"",""nist_control"":""I"",""service_name"":""I""}",1790171974528201236_92de97c1
"{""ability"":""target_acquisition"",""detected_level"":""unknown"",""filename"":""/opt/zeek/logs/current/telemetry.log"",""job"":""search_man"",""nist_control"":""detect"",""service_name"":""search_man""}",2026-09-23 09:59:34.528,"{""ts"":1790084856.068081,""peer"":""zeek"",""metric_type"":""counter"",""name"":""zeek_event_handler_invocations_total"",""labels"":[""name""],""label_values"":[""grab_vulnerable_versions""],""value"":4.0}",1790171974528133404,"{""ability"":""I"",""detected_level"":""S"",""filename"":""I"",""job"":""I"",""nist_control"":""I"",""service_name"":""I""}",1790171974528133404_7f187dc2
"{""ability"":""target_acquisition"",""detected_level"":""unknown"",""filename"":""/opt/zeek/logs/current/telemetry.log"",""job"":""search_man"",""nist_control"":""detect"",""service_name"":""search_man""}",2026-09-23 09:59:34.528,"{""ts"":1790084856.068081,""peer"":""zeek"",""metric_type"":""counter"",""name"":""zeek_event_handler_invocations_total"",""labels"":[""name""],""label_values"":[""Cluster::Backend::ZeroMQ::monitoring_event""],""value"":6.0}",1790171974528118321,"{""ability"":""I"",""detected_level"":""S"",""filename"":""I"",""job"":""I"",""nist_control"":""I"",""service_name"":""I""}",1790171974528118321_cf428526
"{""ability"":""target_acquisition"",""detected_level"":""unknown"",""filename"":""/opt/zeek/logs/current/telemetry.log"",""job"":""search_man"",""nist_control"":""detect"",""service_name"":""search_man""}",2026-09-23 09:59:34.528,"{""ts"":1790084856.068081,""peer"":""zeek"",""metric_type"":""counter"",""name"":""zeek_event_handler_invocations_total"",""labels"":[""name""],""label_values"":[""dns_A_reply""],""value"":9125.0}",1790171974528105701,"{""ability"":""I"",""detected_level"":""S"",""filename"":""I"",""job"":""I"",""nist_control"":""I"",""service_name"":""I""}",1790171974528105701_3a6dc864
"{""ability"":""target_acquisition"",""detected_level"":""unknown"",""filename"":""/opt/zeek/logs/current/telemetry.log"",""job"":""search_man"",""nist_control"":""detect"",""service_name"":""search_man""}",2026-09-23 09:59:34.528,"{""ts"":1790084856.068081,""peer"":""zeek"",""metric_type"":""counter"",""name"":""zeek_event_handler_invocations_total"",""labels"":[""name""],""label_values"":[""content_gap""],""value"":4.0}",1790171974528096204,"{""ability"":""I"",""detected_level"":""S"",""filename"":""I"",""job"":""I"",""nist_control"":""I"",""service_name"":""I""}",1790171974528096204_66b5b7d
"{""ability"":""target_acquisition"",""detected_level"":""unknown"",""filename"":""/opt/zeek/logs/current/telemetry.log"",""job"":""search_man"",""nist_control"":""detect"",""service_name"":""search_man""}",2026-09-23 09:59:34.528,"{""ts"":1790084856.068081,""peer"":""zeek"",""metric_type"":""counter"",""name"":""zeek_event_handler_invocations_total"",""labels"":[""name""],""label_values"":[""connection_state_remove""],""value"":2774.0}",1790171974528091852,"{""ability"":""I"",""detected_level"":""S"",""filename"":""I"",""job"":""I"",""nist_control"":""I"",""service_name"":""I""}",1790171974528091852_692b050e
"{""ability"":""target_acquisition"",""detected_level"":""unknown"",""filename"":""/opt/zeek/logs/current/telemetry.log"",""job"":""search_man"",""nist_control"":""detect"",""service_name"":""search_man""}",2026-09-23 09:59:34.528,"{""ts"":1790084856.068081,""peer"":""zeek"",""metric_type"":""counter"",""name"":""zeek_event_handler_invocations_total"",""labels"":[""name""],""label_values"":[""dns_request""],""value"":69697.0}",1790171974528022803,"{""ability"":""I"",""detected_level"":""S"",""filename"":""I"",""job"":""I"",""nist_control"":""I"",""service_name"":""I""}",1790171974528022803_45e2834b
"{""ability"":""target_acquisition"",""detected_level"":""unknown"",""filename"":""/opt/zeek/logs/current/telemetry.log"",""job"":""search_man"",""nist_control"":""detect"",""service_name"":""search_man""}",2026-09-23 09:59:34.528,"{""ts"":1790084856.068081,""peer"":""zeek"",""metric_type"":""counter"",""name"":""zeek_event_handler_invocations_total"",""labels"":[""name""],""label_values"":[""x509_ext_basic_constraints""],""value"":15.0}",1790171974528007222,"{""ability"":""I"",""detected_level"":""S"",""filename"":""I"",""job"":""I"",""nist_control"":""I"",""service_name"":""I""}",1790171974528007222_2cea55db
"{""ability"":""target_acquisition"",""detected_level"":""unknown"",""filename"":""/opt/zeek/logs/current/telemetry.log"",""job"":""search_man"",""nist_control"":""detect"",""service_name"":""search_man""}",2026-09-23 09:59:34.527,"{""ts"":1790084856.068081,""peer"":""zeek"",""metric_type"":""counter"",""name"":""zeek_event_handler_invocations_total"",""labels"":[""name""],""label_values"":[""DHCP::aggregate_msgs""],""value"":25.0}",1790171974527991001,"{""ability"":""I"",""detected_level"":""S"",""filename"":""I"",""job"":""I"",""nist_control"":""I"",""service_name"":""I""}",1790171974527991001_68440395
"{""ability"":""target_acquisition"",""detected_level"":""unknown"",""filename"":""/opt/zeek/logs/current/telemetry.log"",""job"":""search_man"",""nist_control"":""detect"",""service_name"":""search_man""}",2026-09-23 09:59:34.527,"{""ts"":1790084856.068081,""peer"":""zeek"",""metric_type"":""counter"",""name"":""zeek_event_handler_invocations_total"",""labels"":[""name""],""label_values"":[""QUIC::handshake_packet""],""value"":628.0}",1790171974527958896,"{""ability"":""I"",""detected_level"":""S"",""filename"":""I"",""job"":""I"",""nist_control"":""I"",""service_name"":""I""}",1790171974527958896_f5907a35
"{""ability"":""target_acquisition"",""detected_level"":""unknown"",""filename"":""/opt/zeek/logs/current/telemetry.log"",""job"":""search_man"",""nist_control"":""detect"",""service_name"":""search_man""}",2026-09-23 09:59:34.527,"{""ts"":1790084856.068081,""peer"":""zeek"",""metric_type"":""counter"",""name"":""zeek_event_handler_invocations_total"",""labels"":[""name""],""label_values"":[""conn_weird""],""value"":31.0}",1790171974527954352,"{""ability"":""I"",""detected_level"":""S"",""filename"":""I"",""job"":""I"",""nist_control"":""I"",""service_name"":""I""}",1790171974527954352_f790f7c7
"{""ability"":""target_acquisition"",""detected_level"":""unknown"",""filename"":""/opt/zeek/logs/current/telemetry.log"",""job"":""search_man"",""nist_control"":""detect"",""service_name"":""search_man""}",2026-09-23 09:59:34.527,"{""ts"":1790084856.068081,""peer"":""zeek"",""metric_type"":""counter"",""name"":""zeek_event_handler_invocations_total"",""labels"":[""name""],""label_values"":[""connection_flipped""],""value"":1.0}",1790171974527885383,"{""ability"":""I"",""detected_level"":""S"",""filename"":""I"",""job"":""I"",""nist_control"":""I"",""service_name"":""I""}",1790171974527885383_3dec4afd
"{""ability"":""target_acquisition"",""detected_level"":""unknown"",""filename"":""/opt/zeek/logs/current/telemetry.log"",""job"":""search_man"",""nist_control"":""detect"",""service_name"":""search_man""}",2026-09-23 09:59:34.527,"{""ts"":1790084856.068081,""peer"":""zeek"",""metric_type"":""counter"",""name"":""zeek_event_handler_invocations_total"",""labels"":[""name""],""label_values"":[""QUIC::discarded_packet""],""value"":3.0}",1790171974527869979,"{""ability"":""I"",""detected_level"":""S"",""filename"":""I"",""job"":""I"",""nist_control"":""I"",""service_name"":""I""}",1790171974527869979_c97c39fc
"{""ability"":""target_acquisition"",""detected_level"":""unknown"",""filename"":""/opt/zeek/logs/current/telemetry.log"",""job"":""search_man"",""nist_control"":""detect"",""service_name"":""search_man""}",2026-09-23 09:59:34.527,"{""ts"":1790084856.068081,""peer"":""zeek"",""metric_type"":""counter"",""name"":""zeek_ended_sessions_total"",""labels"":[""reason""],""label_values"":[""inactivity""],""value"":777.0}",1790171974527856796,"{""ability"":""I"",""detected_level"":""S"",""filename"":""I"",""job"":""I"",""nist_control"":""I"",""service_name"":""I""}",1790171974527856796_e88d2b8a
"{""ability"":""target_acquisition"",""detected_level"":""unknown"",""filename"":""/opt/zeek/logs/current/telemetry.log"",""job"":""search_man"",""nist_control"":""detect"",""service_name"":""search_man""}",2026-09-23 09:59:34.527,"{""ts"":1790084856.068081,""peer"":""zeek"",""metric_type"":""counter"",""name"":""zeek_triggers_total"",""labels"":[],""label_values"":[],""value"":0.0}",1790171974527847069,"{""ability"":""I"",""detected_level"":""S"",""filename"":""I"",""job"":""I"",""nist_control"":""I"",""service_name"":""I""}",1790171974527847069_5cb02a84
"{""ability"":""target_acquisition"",""detected_level"":""unknown"",""filename"":""/opt/zeek/logs/current/telemetry.log"",""job"":""search_man"",""nist_control"":""detect"",""service_name"":""search_man""}",2026-09-23 09:59:34.527,"{""ts"":1790084856.068081,""peer"":""zeek"",""metric_type"":""counter"",""name"":""zeek_dnsmgr_failed_requests_total"",""labels"":[],""label_values"":[],""value"":0.0}",1790171974527842152,"{""ability"":""I"",""detected_level"":""S"",""filename"":""I"",""job"":""I"",""nist_control"":""I"",""service_name"":""I""}",1790171974527842152_329807b9
"{""ability"":""target_acquisition"",""detected_level"":""unknown"",""filename"":""/opt/zeek/logs/current/telemetry.log"",""job"":""search_man"",""nist_control"":""detect"",""service_name"":""search_man""}",2026-09-23 09:59:34.527,"{""ts"":1790084856.068081,""peer"":""zeek"",""metric_type"":""counter"",""name"":""zeek_dnsmgr_successful_requests_total"",""labels"":[],""label_values"":[],""value"":0.0}",1790171974527762542,"{""ability"":""I"",""detected_level"":""S"",""filename"":""I"",""job"":""I"",""nist_control"":""I"",""service_name"":""I""}",1790171974527762542_c569e514
"{""ability"":""target_acquisition"",""detected_level"":""unknown"",""filename"":""/opt/zeek/logs/current/telemetry.log"",""job"":""search_man"",""nist_control"":""detect"",""service_name"":""search_man""}",2026-09-23 09:59:34.527,"{""ts"":1790084856.068081,""peer"":""zeek"",""metric_type"":""counter"",""name"":""zeek_dnsmgr_requests_total"",""labels"":[],""label_values"":[],""value"":0.0}",1790171974527726436,"{""ability"":""I"",""detected_level"":""S"",""filename"":""I"",""job"":""I"",""nist_control"":""I"",""service_name"":""I""}",1790171974527726436_8b3dee09
"{""ability"":""target_acquisition"",""detected_level"":""unknown"",""filename"":""/opt/zeek/logs/current/telemetry.log"",""job"":""search_man"",""nist_control"":""detect"",""service_name"":""search_man""}",2026-09-23 09:59:34.527,"{""ts"":1790084856.068081,""peer"":""zeek"",""metric_type"":""counter"",""name"":""zeek_timers_total"",""labels"":[],""label_values"":[],""value"":80237.0}",1790171974527713642,"{""ability"":""I"",""detected_level"":""S"",""filename"":""I"",""job"":""I"",""nist_control"":""I"",""service_name"":""I""}",1790171974527713642_94935dd3
"{""ability"":""target_acquisition"",""detected_level"":""unknown"",""filename"":""/opt/zeek/logs/current/telemetry.log"",""job"":""search_man"",""nist_control"":""detect"",""service_name"":""search_man""}",2026-09-23 09:59:34.527,"{""ts"":1790084856.068081,""peer"":""zeek"",""metric_type"":""counter"",""name"":""zeek_broker_outgoing_ids_total"",""labels"":[],""label_values"":[],""value"":0.0}",1790171974527703597,"{""ability"":""I"",""detected_level"":""S"",""filename"":""I"",""job"":""I"",""nist_control"":""I"",""service_name"":""I""}",1790171974527703597_44a5bd16
"{""ability"":""target_acquisition"",""detected_level"":""unknown"",""filename"":""/opt/zeek/logs/current/telemetry.log"",""job"":""search_man"",""nist_control"":""detect"",""service_name"":""search_man""}",2026-09-23 09:59:34.527,"{""ts"":1790084856.068081,""peer"":""zeek"",""metric_type"":""counter"",""name"":""zeek_broker_incoming_ids_total"",""labels"":[],""label_values"":[],""value"":0.0}",1790171974527697569,"{""ability"":""I"",""detected_level"":""S"",""filename"":""I"",""job"":""I"",""nist_control"":""I"",""service_name"":""I""}",1790171974527697569_b7d213fc
"{""ability"":""target_acquisition"",""detected_level"":""unknown"",""filename"":""/opt/zeek/logs/current/telemetry.log"",""job"":""search_man"",""nist_control"":""detect"",""service_name"":""search_man""}",2026-09-23 09:59:34.527,"{""ts"":1790084856.068081,""peer"":""zeek"",""metric_type"":""counter"",""name"":""zeek_broker_outgoing_logs_total"",""labels"":[],""label_values"":[],""value"":0.0}",1790171974527574922,"{""ability"":""I"",""detected_level"":""S"",""filename"":""I"",""job"":""I"",""nist_control"":""I"",""service_name"":""I""}",1790171974527574922_8d8510f3
"{""ability"":""target_acquisition"",""detected_level"":""unknown"",""filename"":""/opt/zeek/logs/current/telemetry.log"",""job"":""search_man"",""nist_control"":""detect"",""service_name"":""search_man""}",2026-09-23 09:59:34.527,"{""ts"":1790084856.068081,""peer"":""zeek"",""metric_type"":""counter"",""name"":""zeek_broker_incoming_logs_total"",""labels"":[],""label_values"":[],""value"":0.0}",1790171974527559297,"{""ability"":""I"",""detected_level"":""S"",""filename"":""I"",""job"":""I"",""nist_control"":""I"",""service_name"":""I""}",1790171974527559297_4836435d
"{""ability"":""target_acquisition"",""detected_level"":""unknown"",""filename"":""/opt/zeek/logs/current/telemetry.log"",""job"":""search_man"",""nist_control"":""detect"",""service_name"":""search_man""}",2026-09-23 09:59:34.527,"{""ts"":1790084856.068081,""peer"":""zeek"",""metric_type"":""counter"",""name"":""zeek_broker_outgoing_events_total"",""labels"":[],""label_values"":[],""value"":0.0}",1790171974527546736,"{""ability"":""I"",""detected_level"":""S"",""filename"":""I"",""job"":""I"",""nist_control"":""I"",""service_name"":""I""}",1790171974527546736_209389d1
"{""ability"":""target_acquisition"",""detected_level"":""unknown"",""filename"":""/opt/zeek/logs/current/telemetry.log"",""job"":""search_man"",""nist_control"":""detect"",""service_name"":""search_man""}",2026-09-23 09:59:34.527,"{""ts"":1790084856.068081,""peer"":""zeek"",""metric_type"":""counter"",""name"":""zeek_broker_incoming_events_total"",""labels"":[],""label_values"":[],""value"":0.0}",1790171974527537071,"{""ability"":""I"",""detected_level"":""S"",""filename"":""I"",""job"":""I"",""nist_control"":""I"",""service_name"":""I""}",1790171974527537071_b350ee43
"{""ability"":""target_acquisition"",""detected_level"":""unknown"",""filename"":""/opt/zeek/logs/current/telemetry.log"",""job"":""search_man"",""nist_control"":""detect"",""service_name"":""search_man""}",2026-09-23 09:59:34.527,"{""ts"":1790084856.068081,""peer"":""zeek"",""metric_type"":""counter"",""name"":""zeek_cluster_core_incoming_events_total"",""labels"":[],""label_values"":[],""value"":0.0}",1790171974527532233,"{""ability"":""I"",""detected_level"":""S"",""filename"":""I"",""job"":""I"",""nist_control"":""I"",""service_name"":""I""}",1790171974527532233_90ca5e46
"{""ability"":""target_acquisition"",""detected_level"":""unknown"",""filename"":""/opt/zeek/logs/current/telemetry.log"",""job"":""search_man"",""nist_control"":""detect"",""service_name"":""search_man""}",2026-09-23 09:59:34.527,"{""ts"":1790084856.068081,""peer"":""zeek"",""metric_type"":""counter"",""name"":""zeek_cluster_core_outgoing_events_total"",""labels"":[],""label_values"":[],""value"":4.0}",1790171974527387456,"{""ability"":""I"",""detected_level"":""S"",""filename"":""I"",""job"":""I"",""nist_control"":""I"",""service_name"":""I""}",1790171974527387456_177362d8
"{""ability"":""target_acquisition"",""detected_level"":""unknown"",""filename"":""/opt/zeek/logs/current/telemetry.log"",""job"":""search_man"",""nist_control"":""detect"",""service_name"":""search_man""}",2026-09-23 09:59:34.527,"{""ts"":1790084856.068081,""peer"":""zeek"",""metric_type"":""counter"",""name"":""zeek_cluster_zeromq_msg_errors_total"",""labels"":[],""label_values"":[],""value"":0.0}",1790171974527372490,"{""ability"":""I"",""detected_level"":""S"",""filename"":""I"",""job"":""I"",""nist_control"":""I"",""service_name"":""I""}",1790171974527372490_de9460be
"{""ability"":""target_acquisition"",""detected_level"":""unknown"",""filename"":""/opt/zeek/logs/current/telemetry.log"",""job"":""search_man"",""nist_control"":""detect"",""service_name"":""search_man""}",2026-09-23 09:59:34.527,"{""ts"":1790084856.068081,""peer"":""zeek"",""metric_type"":""counter"",""name"":""zeek_cluster_zeromq_onloop_drops_total"",""labels"":[],""label_values"":[],""value"":0.0}",1790171974527359847,"{""ability"":""I"",""detected_level"":""S"",""filename"":""I"",""job"":""I"",""nist_control"":""I"",""service_name"":""I""}",1790171974527359847_1d02f371
"{""ability"":""target_acquisition"",""detected_level"":""unknown"",""filename"":""/opt/zeek/logs/current/telemetry.log"",""job"":""search_man"",""nist_control"":""detect"",""service_name"":""search_man""}",2026-09-23 09:59:34.527,"{""ts"":1790084856.068081,""peer"":""zeek"",""metric_type"":""counter"",""name"":""zeek_cluster_zeromq_xpub_drops_total"",""labels"":[],""label_values"":[],""value"":0.0}",1790171974527350701,"{""ability"":""I"",""detected_level"":""S"",""filename"":""I"",""job"":""I"",""nist_control"":""I"",""service_name"":""I""}",1790171974527350701_6089c9c5
"{""ability"":""target_acquisition"",""detected_level"":""unknown"",""filename"":""/opt/zeek/logs/current/telemetry.log"",""job"":""search_man"",""nist_control"":""detect"",""service_name"":""search_man""}",2026-09-23 09:59:34.527,"{""ts"":1790084856.068081,""peer"":""zeek"",""metric_type"":""counter"",""name"":""zeek_cluster_onloop_queue_blocks_total"",""labels"":[""tag""],""label_values"":[""ZeroMQ""],""value"":0.0}",1790171974527346042,"{""ability"":""I"",""detected_level"":""S"",""filename"":""I"",""job"":""I"",""nist_control"":""I"",""service_name"":""I""}",1790171974527346042_955940f2
"{""ability"":""target_acquisition"",""detected_level"":""unknown"",""filename"":""/opt/zeek/logs/current/telemetry.log"",""job"":""search_man"",""nist_control"":""detect"",""service_name"":""search_man""}",2026-09-23 09:59:34.527,"{""ts"":1790084856.068081,""peer"":""zeek"",""metric_type"":""counter"",""name"":""zeek_cluster_onloop_queue_blocks_total"",""labels"":[""tag""],""label_values"":[""WebSocketEventDispatcher:127.0.0.1:27759""],""value"":0.0}",1790171974527275532,"{""ability"":""I"",""detected_level"":""S"",""filename"":""I"",""job"":""I"",""nist_control"":""I"",""service_name"":""I""}",1790171974527275532_14c0573
"{""ability"":""target_acquisition"",""detected_level"":""unknown"",""filename"":""/opt/zeek/logs/current/telemetry.log"",""job"":""search_man"",""nist_control"":""detect"",""service_name"":""search_man""}",2026-09-23 09:59:34.527,"{""ts"":1790084856.068081,""peer"":""zeek"",""metric_type"":""counter"",""name"":""zeek_msgthread_out_messages_total"",""labels"":[],""label_values"":[],""value"":32.0}",1790171974527259523,"{""ability"":""I"",""detected_level"":""S"",""filename"":""I"",""job"":""I"",""nist_control"":""I"",""service_name"":""I""}",1790171974527259523_e137b0c5
"{""ability"":""target_acquisition"",""detected_level"":""unknown"",""filename"":""/opt/zeek/logs/current/telemetry.log"",""job"":""search_man"",""nist_control"":""detect"",""service_name"":""search_man""}",2026-09-23 09:59:34.527,"{""ts"":1790084856.068081,""peer"":""zeek"",""metric_type"":""counter"",""name"":""zeek_msgthread_in_messages_total"",""labels"":[],""label_values"":[],""value"":20882.0}",1790171974527246959,"{""ability"":""I"",""detected_level"":""S"",""filename"":""I"",""job"":""I"",""nist_control"":""I"",""service_name"":""I""}",1790171974527246959_347792b5
"{""ability"":""target_acquisition"",""detected_level"":""unknown"",""filename"":""/opt/zeek/logs/current/telemetry.log"",""job"":""search_man"",""nist_control"":""detect"",""service_name"":""search_man""}",2026-09-23 09:59:34.527,"{""ts"":1790084856.068081,""peer"":""zeek"",""metric_type"":""counter"",""name"":""zeek_msgthread_threads_total"",""labels"":[],""label_values"":[],""value"":17.0}",1790171974527237271,"{""ability"":""I"",""detected_level"":""S"",""filename"":""I"",""job"":""I"",""nist_control"":""I"",""service_name"":""I""}",1790171974527237271_97286398
"{""ability"":""target_acquisition"",""detected_level"":""unknown"",""filename"":""/opt/zeek/logs/current/telemetry.log"",""job"":""search_man"",""nist_control"":""detect"",""service_name"":""search_man""}",2026-09-23 09:59:34.527,"{""ts"":1790084856.068081,""peer"":""zeek"",""metric_type"":""counter"",""name"":""zeek_net_link_packets_total"",""labels"":[],""label_values"":[],""value"":145940.0}",1790171974527232277,"{""ability"":""I"",""detected_level"":""S"",""filename"":""I"",""job"":""I"",""nist_control"":""I"",""service_name"":""I""}",1790171974527232277_f0938724
"{""ability"":""target_acquisition"",""detected_level"":""unknown"",""filename"":""/opt/zeek/logs/current/telemetry.log"",""job"":""search_man"",""nist_control"":""detect"",""service_name"":""search_man""}",2026-09-23 09:59:34.527,"{""ts"":1790084856.068081,""peer"":""zeek"",""metric_type"":""counter"",""name"":""zeek_net_dropped_packets_total"",""labels"":[],""label_values"":[],""value"":1074.0}",1790171974527162665,"{""ability"":""I"",""detected_level"":""S"",""filename"":""I"",""job"":""I"",""nist_control"":""I"",""service_name"":""I""}",1790171974527162665_c266af
"{""ability"":""target_acquisition"",""detected_level"":""unknown"",""filename"":""/opt/zeek/logs/current/telemetry.log"",""job"":""search_man"",""nist_control"":""detect"",""service_name"":""search_man""}",2026-09-23 09:59:34.527,"{""ts"":1790084856.068081,""peer"":""zeek"",""metric_type"":""counter"",""name"":""zeek_net_received_packets_total"",""labels"":[],""label_values"":[],""value"":144832.0}",1790171974527147370,"{""ability"":""I"",""detected_level"":""S"",""filename"":""I"",""job"":""I"",""nist_control"":""I"",""service_name"":""I""}",1790171974527147370_1647cc34
"{""ability"":""target_acquisition"",""detected_level"":""unknown"",""filename"":""/opt/zeek/logs/current/telemetry.log"",""job"":""search_man"",""nist_control"":""detect"",""service_name"":""search_man""}",2026-09-23 09:59:34.527,"{""ts"":1790084856.068081,""peer"":""zeek"",""metric_type"":""counter"",""name"":""zeek_net_received_bytes_total"",""labels"":[],""label_values"":[],""value"":97562048.0}",1790171974527135133,"{""ability"":""I"",""detected_level"":""S"",""filename"":""I"",""job"":""I"",""nist_control"":""I"",""service_name"":""I""}",1790171974527135133_e7eec2f5
"{""ability"":""target_acquisition"",""detected_level"":""unknown"",""filename"":""/opt/zeek/logs/current/telemetry.log"",""job"":""search_man"",""nist_control"":""detect"",""service_name"":""search_man""}",2026-09-23 09:59:34.527,"{""ts"":1790084856.068081,""peer"":""zeek"",""metric_type"":""counter"",""name"":""zeek_log_writer_truncated_containers_total"",""labels"":[""filter_name"",""module"",""path"",""stream"",""writer""],""label_values"":[""default"",""QUIC"",""quic"",""QUIC::LOG"",""Log::WRITER_ASCII""],""value"":0.0}",1790171974527125542,"{""ability"":""I"",""detected_level"":""S"",""filename"":""I"",""job"":""I"",""nist_control"":""I"",""service_name"":""I""}",1790171974527125542_4146b5a3
"{""ability"":""target_acquisition"",""detected_level"":""unknown"",""filename"":""/opt/zeek/logs/current/telemetry.log"",""job"":""search_man"",""nist_control"":""detect"",""service_name"":""search_man""}",2026-09-23 09:59:34.527,"{""ts"":1790084856.068081,""peer"":""zeek"",""metric_type"":""counter"",""name"":""zeek_log_writer_truncated_containers_total"",""labels"":[""filter_name"",""module"",""path"",""stream"",""writer""],""label_values"":[""default"",""Known"",""known_hosts"",""Known::HOSTS_LOG"",""Log::WRITER_ASCII""],""value"":0.0}",1790171974527120754,"{""ability"":""I"",""detected_level"":""S"",""filename"":""I"",""job"":""I"",""nist_control"":""I"",""service_name"":""I""}",1790171974527120754_91718172
"{""ability"":""target_acquisition"",""detected_level"":""unknown"",""filename"":""/opt/zeek/logs/current/telemetry.log"",""job"":""search_man"",""nist_control"":""detect"",""service_name"":""search_man""}",2026-09-23 09:59:34.527,"{""ts"":1790084856.068081,""peer"":""zeek"",""metric_type"":""counter"",""name"":""zeek_log_writer_truncated_containers_total"",""labels"":[""filter_name"",""module"",""path"",""stream"",""writer""],""label_values"":[""default"",""X509"",""x509"",""X509::LOG"",""Log::WRITER_ASCII""],""value"":0.0}",1790171974527050889,"{""ability"":""I"",""detected_level"":""S"",""filename"":""I"",""job"":""I"",""nist_control"":""I"",""service_name"":""I""}",1790171974527050889_1ec9faa1
"{""ability"":""target_acquisition"",""detected_level"":""unknown"",""filename"":""/opt/zeek/logs/current/telemetry.log"",""job"":""search_man"",""nist_control"":""detect"",""service_name"":""search_man""}",2026-09-23 09:59:34.527,"{""ts"":1790084856.068081,""peer"":""zeek"",""metric_type"":""counter"",""name"":""zeek_log_writer_truncated_containers_total"",""labels"":[""filter_name"",""module"",""path"",""stream"",""writer""],""label_values"":[""default"",""NTP"",""ntp"",""NTP::LOG"",""Log::WRITER_ASCII""],""value"":0.0}",1790171974527035278,"{""ability"":""I"",""detected_level"":""S"",""filename"":""I"",""job"":""I"",""nist_control"":""I"",""service_name"":""I""}",1790171974527035278_dec1e473
"{""ability"":""target_acquisition"",""detected_level"":""unknown"",""filename"":""/opt/zeek/logs/current/telemetry.log"",""job"":""search_man"",""nist_control"":""detect"",""service_name"":""search_man""}",2026-09-23 09:59:34.527,"{""ts"":1790084856.068081,""peer"":""zeek"",""metric_type"":""counter"",""name"":""zeek_log_writer_truncated_containers_total"",""labels"":[""filter_name"",""module"",""path"",""stream"",""writer""],""label_values"":[""default"",""SSL"",""ssl"",""SSL::LOG"",""Log::WRITER_ASCII""],""value"":0.0}",1790171974527020563,"{""ability"":""I"",""detected_level"":""S"",""filename"":""I"",""job"":""I"",""nist_control"":""I"",""service_name"":""I""}",1790171974527020563_c31d4013
"{""ability"":""target_acquisition"",""detected_level"":""unknown"",""filename"":""/opt/zeek/logs/current/telemetry.log"",""job"":""search_man"",""nist_control"":""detect"",""service_name"":""search_man""}",2026-09-23 09:59:34.527,"{""ts"":1790084856.068081,""peer"":""zeek"",""metric_type"":""counter"",""name"":""zeek_log_writer_truncated_containers_total"",""labels"":[""filter_name"",""module"",""path"",""stream"",""writer""],""label_values"":[""default"",""Weird"",""weird"",""Weird::LOG"",""Log::WRITER_ASCII""],""value"":0.0}",1790171974527001764,"{""ability"":""I"",""detected_level"":""S"",""filename"":""I"",""job"":""I"",""nist_control"":""I"",""service_name"":""I""}",1790171974527001764_f466e1e4
"{""ability"":""target_acquisition"",""detected_level"":""unknown"",""filename"":""/opt/zeek/logs/current/telemetry.log"",""job"":""search_man"",""nist_control"":""detect"",""service_name"":""search_man""}",2026-09-23 09:59:34.526,"{""ts"":1790084856.068081,""peer"":""zeek"",""metric_type"":""counter"",""name"":""zeek_log_writer_truncated_containers_total"",""labels"":[""filter_name"",""module"",""path"",""stream"",""writer""],""label_values"":[""default"",""CaptureLoss"",""capture_loss"",""CaptureLoss::LOG"",""Log::WRITER_ASCII""],""value"":0.0}",1790171974526997082,"{""ability"":""I"",""detected_level"":""S"",""filename"":""I"",""job"":""I"",""nist_control"":""I"",""service_name"":""I""}",1790171974526997082_b16778d3
"{""ability"":""target_acquisition"",""detected_level"":""unknown"",""filename"":""/opt/zeek/logs/current/telemetry.log"",""job"":""search_man"",""nist_control"":""detect"",""service_name"":""search_man""}",2026-09-23 09:59:34.526,"{""ts"":1790084856.068081,""peer"":""zeek"",""metric_type"":""counter"",""name"":""zeek_log_writer_truncated_containers_total"",""labels"":[""filter_name"",""module"",""path"",""stream"",""writer""],""label_values"":[""default"",""Notice"",""notice"",""Notice::LOG"",""Log::WRITER_ASCII""],""value"":0.0}",1790171974526922158,"{""ability"":""I"",""detected_level"":""S"",""filename"":""I"",""job"":""I"",""nist_control"":""I"",""service_name"":""I""}",1790171974526922158_aa22d9cd
"{""ability"":""target_acquisition"",""detected_level"":""unknown"",""filename"":""/opt/zeek/logs/current/telemetry.log"",""job"":""search_man"",""nist_control"":""detect"",""service_name"":""search_man""}",2026-09-23 09:59:34.526,"{""ts"":1790084856.068081,""peer"":""zeek"",""metric_type"":""counter"",""name"":""zeek_log_writer_truncated_containers_total"",""labels"":[""filter_name"",""module"",""path"",""stream"",""writer""],""label_values"":[""default"",""Conn"",""conn"",""Conn::LOG"",""Log::WRITER_ASCII""],""value"":0.0}",1790171974526904084,"{""ability"":""I"",""detected_level"":""S"",""filename"":""I"",""job"":""I"",""nist_control"":""I"",""service_name"":""I""}",1790171974526904084_a2c16d33
"{""ability"":""target_acquisition"",""detected_level"":""unknown"",""filename"":""/opt/zeek/logs/current/telemetry.log"",""job"":""search_man"",""nist_control"":""detect"",""service_name"":""search_man""}",2026-09-23 09:59:34.526,"{""ts"":1790084856.068081,""peer"":""zeek"",""metric_type"":""counter"",""name"":""zeek_log_writer_truncated_containers_total"",""labels"":[""filter_name"",""module"",""path"",""stream"",""writer""],""label_values"":[""default"",""Known"",""known_services"",""Known::SERVICES_LOG"",""Log::WRITER_ASCII""],""value"":0.0}",1790171974526887141,"{""ability"":""I"",""detected_level"":""S"",""filename"":""I"",""job"":""I"",""nist_control"":""I"",""service_name"":""I""}",1790171974526887141_8432c08e
"{""ability"":""target_acquisition"",""detected_level"":""unknown"",""filename"":""/opt/zeek/logs/current/telemetry.log"",""job"":""search_man"",""nist_control"":""detect"",""service_name"":""search_man""}",2026-09-23 09:59:34.526,"{""ts"":1790084856.068081,""peer"":""zeek"",""metric_type"":""counter"",""name"":""zeek_log_writer_truncated_containers_total"",""labels"":[""filter_name"",""module"",""path"",""stream"",""writer""],""label_values"":[""default"",""DNS"",""dns"",""DNS::LOG"",""Log::WRITER_ASCII""],""value"":0.0}",1790171974526856123,"{""ability"":""I"",""detected_level"":""S"",""filename"":""I"",""job"":""I"",""nist_control"":""I"",""service_name"":""I""}",1790171974526856123_782555a6
"{""ability"":""target_acquisition"",""detected_level"":""unknown"",""filename"":""/opt/zeek/logs/current/telemetry.log"",""job"":""search_man"",""nist_control"":""detect"",""service_name"":""search_man""}",2026-09-23 09:59:34.526,"{""ts"":1790084856.068081,""peer"":""zeek"",""metric_type"":""counter"",""name"":""zeek_log_writer_truncated_containers_total"",""labels"":[""filter_name"",""module"",""path"",""stream"",""writer""],""label_values"":[""default"",""Stats"",""stats"",""Stats::LOG"",""Log::WRITER_ASCII""],""value"":0.0}",1790171974526849140,"{""ability"":""I"",""detected_level"":""S"",""filename"":""I"",""job"":""I"",""nist_control"":""I"",""service_name"":""I""}",1790171974526849140_20577ef6
"{""ability"":""target_acquisition"",""detected_level"":""unknown"",""filename"":""/opt/zeek/logs/current/telemetry.log"",""job"":""search_man"",""nist_control"":""detect"",""service_name"":""search_man""}",2026-09-23 09:59:34.526,"{""ts"":1790084856.068081,""peer"":""zeek"",""metric_type"":""counter"",""name"":""zeek_log_writer_truncated_containers_total"",""labels"":[""filter_name"",""module"",""path"",""stream"",""writer""],""label_values"":[""default"",""Telemetry"",""telemetry"",""Telemetry::LOG"",""Log::WRITER_ASCII""],""value"":0.0}",1790171974526769215,"{""ability"":""I"",""detected_level"":""S"",""filename"":""I"",""job"":""I"",""nist_control"":""I"",""service_name"":""I""}",1790171974526769215_cc5cd7ae
"{""ability"":""target_acquisition"",""detected_level"":""unknown"",""filename"":""/opt/zeek/logs/current/telemetry.log"",""job"":""search_man"",""nist_control"":""detect"",""service_name"":""search_man""}",2026-09-23 09:59:34.526,"{""ts"":1790084856.068081,""peer"":""zeek"",""metric_type"":""counter"",""name"":""zeek_log_writer_truncated_containers_total"",""labels"":[""filter_name"",""module"",""path"",""stream"",""writer""],""label_values"":[""default"",""LoadedScripts"",""loaded_scripts"",""LoadedScripts::LOG"",""Log::WRITER_ASCII""],""value"":0.0}",1790171974526759138,"{""ability"":""I"",""detected_level"":""S"",""filename"":""I"",""job"":""I"",""nist_control"":""I"",""service_name"":""I""}",1790171974526759138_d530b065
"{""ability"":""target_acquisition"",""detected_level"":""unknown"",""filename"":""/opt/zeek/logs/current/telemetry.log"",""job"":""search_man"",""nist_control"":""detect"",""service_name"":""search_man""}",2026-09-23 09:59:34.526,"{""ts"":1790084856.068081,""peer"":""zeek"",""metric_type"":""counter"",""name"":""zeek_log_writer_truncated_containers_total"",""labels"":[""filter_name"",""module"",""path"",""stream"",""writer""],""label_values"":[""default"",""PacketFilter"",""packet_filter"",""PacketFilter::LOG"",""Log::WRITER_ASCII""],""value"":0.0}",1790171974526753926,"{""ability"":""I"",""detected_level"":""S"",""filename"":""I"",""job"":""I"",""nist_control"":""I"",""service_name"":""I""}",1790171974526753926_fa2aa70c
"{""ability"":""target_acquisition"",""detected_level"":""unknown"",""filename"":""/opt/zeek/logs/current/telemetry.log"",""job"":""search_man"",""nist_control"":""detect"",""service_name"":""search_man""}",2026-09-23 09:59:34.526,"{""ts"":1790084856.068081,""peer"":""zeek"",""metric_type"":""counter"",""name"":""zeek_log_writer_truncated_containers_total"",""labels"":[""filter_name"",""module"",""path"",""stream"",""writer""],""label_values"":[""default"",""DHCP"",""dhcp"",""DHCP::LOG"",""Log::WRITER_ASCII""],""value"":0.0}",1790171974526603677,"{""ability"":""I"",""detected_level"":""S"",""filename"":""I"",""job"":""I"",""nist_control"":""I"",""service_name"":""I""}",1790171974526603677_a9629834
"{""ability"":""target_acquisition"",""detected_level"":""unknown"",""filename"":""/opt/zeek/logs/current/telemetry.log"",""job"":""search_man"",""nist_control"":""detect"",""service_name"":""search_man""}",2026-09-23 09:59:34.526,"{""ts"":1790084856.068081,""peer"":""zeek"",""metric_type"":""counter"",""name"":""zeek_log_writer_truncated_string_fields_total"",""labels"":[""filter_name"",""module"",""path"",""stream"",""writer""],""label_values"":[""default"",""QUIC"",""quic"",""QUIC::LOG"",""Log::WRITER_ASCII""],""value"":0.0}",1790171974526576477,"{""ability"":""I"",""detected_level"":""S"",""filename"":""I"",""job"":""I"",""nist_control"":""I"",""service_name"":""I""}",1790171974526576477_fb21d4ea
"{""ability"":""target_acquisition"",""detected_level"":""unknown"",""filename"":""/opt/zeek/logs/current/telemetry.log"",""job"":""search_man"",""nist_control"":""detect"",""service_name"":""search_man""}",2026-09-23 09:59:34.526,"{""ts"":1790084856.068081,""peer"":""zeek"",""metric_type"":""counter"",""name"":""zeek_log_writer_truncated_string_fields_total"",""labels"":[""filter_name"",""module"",""path"",""stream"",""writer""],""label_values"":[""default"",""Known"",""known_hosts"",""Known::HOSTS_LOG"",""Log::WRITER_ASCII""],""value"":0.0}",1790171974526558831,"{""ability"":""I"",""detected_level"":""S"",""filename"":""I"",""job"":""I"",""nist_control"":""I"",""service_name"":""I""}",1790171974526558831_b0f01dad
"{""ability"":""target_acquisition"",""detected_level"":""unknown"",""filename"":""/opt/zeek/logs/current/telemetry.log"",""job"":""search_man"",""nist_control"":""detect"",""service_name"":""search_man""}",2026-09-23 09:59:34.526,"{""ts"":1790084856.068081,""peer"":""zeek"",""metric_type"":""counter"",""name"":""zeek_log_writer_truncated_string_fields_total"",""labels"":[""filter_name"",""module"",""path"",""stream"",""writer""],""label_values"":[""default"",""X509"",""x509"",""X509::LOG"",""Log::WRITER_ASCII""],""value"":0.0}",1790171974526545692,"{""ability"":""I"",""detected_level"":""S"",""filename"":""I"",""job"":""I"",""nist_control"":""I"",""service_name"":""I""}",1790171974526545692_6ca37c10
"{""ability"":""target_acquisition"",""detected_level"":""unknown"",""filename"":""/opt/zeek/logs/current/telemetry.log"",""job"":""search_man"",""nist_control"":""detect"",""service_name"":""search_man""}",2026-09-23 09:59:34.526,"{""ts"":1790084856.068081,""peer"":""zeek"",""metric_type"":""counter"",""name"":""zeek_log_writer_truncated_string_fields_total"",""labels"":[""filter_name"",""module"",""path"",""stream"",""writer""],""label_values"":[""default"",""NTP"",""ntp"",""NTP::LOG"",""Log::WRITER_ASCII""],""value"":0.0}",1790171974526538995,"{""ability"":""I"",""detected_level"":""S"",""filename"":""I"",""job"":""I"",""nist_control"":""I"",""service_name"":""I""}",1790171974526538995_209b90ac
"{""ability"":""target_acquisition"",""detected_level"":""unknown"",""filename"":""/opt/zeek/logs/current/telemetry.log"",""job"":""search_man"",""nist_control"":""detect"",""service_name"":""search_man""}",2026-09-23 09:59:34.526,"{""ts"":1790084856.068081,""peer"":""zeek"",""metric_type"":""counter"",""name"":""zeek_log_writer_truncated_string_fields_total"",""labels"":[""filter_name"",""module"",""path"",""stream"",""writer""],""label_values"":[""default"",""SSL"",""ssl"",""SSL::LOG"",""Log::WRITER_ASCII""],""value"":0.0}",1790171974526479378,"{""ability"":""I"",""detected_level"":""S"",""filename"":""I"",""job"":""I"",""nist_control"":""I"",""service_name"":""I""}",1790171974526479378_f2b1fc24
"{""ability"":""target_acquisition"",""detected_level"":""unknown"",""filename"":""/opt/zeek/logs/current/telemetry.log"",""job"":""search_man"",""nist_control"":""detect"",""service_name"":""search_man""}",2026-09-23 09:59:34.526,"{""ts"":1790084856.068081,""peer"":""zeek"",""metric_type"":""counter"",""name"":""zeek_log_writer_truncated_string_fields_total"",""labels"":[""filter_name"",""module"",""path"",""stream"",""writer""],""label_values"":[""default"",""Weird"",""weird"",""Weird::LOG"",""Log::WRITER_ASCII""],""value"":0.0}",1790171974526460750,"{""ability"":""I"",""detected_level"":""S"",""filename"":""I"",""job"":""I"",""nist_control"":""I"",""service_name"":""I""}",1790171974526460750_8981c123
"{""ability"":""target_acquisition"",""detected_level"":""unknown"",""filename"":""/opt/zeek/logs/current/telemetry.log"",""job"":""search_man"",""nist_control"":""detect"",""service_name"":""search_man""}",2026-09-23 09:59:34.526,"{""ts"":1790084856.068081,""peer"":""zeek"",""metric_type"":""counter"",""name"":""zeek_log_writer_truncated_string_fields_total"",""labels"":[""filter_name"",""module"",""path"",""stream"",""writer""],""label_values"":[""default"",""CaptureLoss"",""capture_loss"",""CaptureLoss::LOG"",""Log::WRITER_ASCII""],""value"":0.0}",1790171974526341250,"{""ability"":""I"",""detected_level"":""S"",""filename"":""I"",""job"":""I"",""nist_control"":""I"",""service_name"":""I""}",1790171974526341250_beb4ce72
"{""ability"":""target_acquisition"",""detected_level"":""unknown"",""filename"":""/opt/zeek/logs/current/telemetry.log"",""job"":""search_man"",""nist_control"":""detect"",""service_name"":""search_man""}",2026-09-23 09:59:34.526,"{""ts"":1790084856.068081,""peer"":""zeek"",""metric_type"":""counter"",""name"":""zeek_log_writer_truncated_string_fields_total"",""labels"":[""filter_name"",""module"",""path"",""stream"",""writer""],""label_values"":[""default"",""Notice"",""notice"",""Notice::LOG"",""Log::WRITER_ASCII""],""value"":0.0}",1790171974526327254,"{""ability"":""I"",""detected_level"":""S"",""filename"":""I"",""job"":""I"",""nist_control"":""I"",""service_name"":""I""}",1790171974526327254_99a4dfa0
"{""ability"":""target_acquisition"",""detected_level"":""unknown"",""filename"":""/opt/zeek/logs/current/telemetry.log"",""job"":""search_man"",""nist_control"":""detect"",""service_name"":""search_man""}",2026-09-23 09:59:34.526,"{""ts"":1790084856.068081,""peer"":""zeek"",""metric_type"":""counter"",""name"":""zeek_log_writer_truncated_string_fields_total"",""labels"":[""filter_name"",""module"",""path"",""stream"",""writer""],""label_values"":[""default"",""Conn"",""conn"",""Conn::LOG"",""Log::WRITER_ASCII""],""value"":0.0}",1790171974526284120,"{""ability"":""I"",""detected_level"":""S"",""filename"":""I"",""job"":""I"",""nist_control"":""I"",""service_name"":""I""}",1790171974526284120_c65e8196
"{""ability"":""target_acquisition"",""detected_level"":""unknown"",""filename"":""/opt/zeek/logs/current/telemetry.log"",""job"":""search_man"",""nist_control"":""detect"",""service_name"":""search_man""}",2026-09-23 09:59:34.526,"{""ts"":1790084856.068081,""peer"":""zeek"",""metric_type"":""counter"",""name"":""zeek_log_writer_truncated_string_fields_total"",""labels"":[""filter_name"",""module"",""path"",""stream"",""writer""],""label_values"":[""default"",""Known"",""known_services"",""Known::SERVICES_LOG"",""Log::WRITER_ASCII""],""value"":0.0}",1790171974526278819,"{""ability"":""I"",""detected_level"":""S"",""filename"":""I"",""job"":""I"",""nist_control"":""I"",""service_name"":""I""}",1790171974526278819_74fe3b1
"{""ability"":""target_acquisition"",""detected_level"":""unknown"",""filename"":""/opt/zeek/logs/current/telemetry.log"",""job"":""search_man"",""nist_control"":""detect"",""service_name"":""search_man""}",2026-09-23 09:59:34.526,"{""ts"":1790084856.068081,""peer"":""zeek"",""metric_type"":""counter"",""name"":""zeek_log_writer_truncated_string_fields_total"",""labels"":[""filter_name"",""module"",""path"",""stream"",""writer""],""label_values"":[""default"",""DNS"",""dns"",""DNS::LOG"",""Log::WRITER_ASCII""],""value"":0.0}",1790171974526164562,"{""ability"":""I"",""detected_level"":""S"",""filename"":""I"",""job"":""I"",""nist_control"":""I"",""service_name"":""I""}",1790171974526164562_11f8f919
"{""ability"":""target_acquisition"",""detected_level"":""unknown"",""filename"":""/opt/zeek/logs/current/telemetry.log"",""job"":""search_man"",""nist_control"":""detect"",""service_name"":""search_man""}",2026-09-23 09:59:34.526,"{""ts"":1790084856.068081,""peer"":""zeek"",""metric_type"":""counter"",""name"":""zeek_log_writer_truncated_string_fields_total"",""labels"":[""filter_name"",""module"",""path"",""stream"",""writer""],""label_values"":[""default"",""Stats"",""stats"",""Stats::LOG"",""Log::WRITER_ASCII""],""value"":0.0}",1790171974526117320,"{""ability"":""I"",""detected_level"":""S"",""filename"":""I"",""job"":""I"",""nist_control"":""I"",""service_name"":""I""}",1790171974526117320_7bdf5f0d
"{""ability"":""target_acquisition"",""detected_level"":""unknown"",""filename"":""/opt/zeek/logs/current/telemetry.log"",""job"":""search_man"",""nist_control"":""detect"",""service_name"":""search_man""}",2026-09-23 09:59:34.526,"{""ts"":1790084856.068081,""peer"":""zeek"",""metric_type"":""counter"",""name"":""zeek_log_writer_truncated_string_fields_total"",""labels"":[""filter_name"",""module"",""path"",""stream"",""writer""],""label_values"":[""default"",""Telemetry"",""telemetry"",""Telemetry::LOG"",""Log::WRITER_ASCII""],""value"":0.0}",1790171974526101244,"{""ability"":""I"",""detected_level"":""S"",""filename"":""I"",""job"":""I"",""nist_control"":""I"",""service_name"":""I""}",1790171974526101244_7f97f98d
"{""ability"":""target_acquisition"",""detected_level"":""unknown"",""filename"":""/opt/zeek/logs/current/telemetry.log"",""job"":""search_man"",""nist_control"":""detect"",""service_name"":""search_man""}",2026-09-23 09:59:34.526,"{""ts"":1790084856.068081,""peer"":""zeek"",""metric_type"":""counter"",""name"":""zeek_log_writer_truncated_string_fields_total"",""labels"":[""filter_name"",""module"",""path"",""stream"",""writer""],""label_values"":[""default"",""LoadedScripts"",""loaded_scripts"",""LoadedScripts::LOG"",""Log::WRITER_ASCII""],""value"":0.0}",1790171974526052732,"{""ability"":""I"",""detected_level"":""S"",""filename"":""I"",""job"":""I"",""nist_control"":""I"",""service_name"":""I""}",1790171974526052732_6fedf120
"{""ability"":""target_acquisition"",""detected_level"":""unknown"",""filename"":""/opt/zeek/logs/current/telemetry.log"",""job"":""search_man"",""nist_control"":""detect"",""service_name"":""search_man""}",2026-09-23 09:59:34.526,"{""ts"":1790084856.068081,""peer"":""zeek"",""metric_type"":""counter"",""name"":""zeek_log_writer_truncated_string_fields_total"",""labels"":[""filter_name"",""module"",""path"",""stream"",""writer""],""label_values"":[""default"",""PacketFilter"",""packet_filter"",""PacketFilter::LOG"",""Log::WRITER_ASCII""],""value"":0.0}",1790171974526046253,"{""ability"":""I"",""detected_level"":""S"",""filename"":""I"",""job"":""I"",""nist_control"":""I"",""service_name"":""I""}",1790171974526046253_e37101df
"{""ability"":""target_acquisition"",""detected_level"":""unknown"",""filename"":""/opt/zeek/logs/current/telemetry.log"",""job"":""search_man"",""nist_control"":""detect"",""service_name"":""search_man""}",2026-09-23 09:59:34.525,"{""ts"":1790084856.068081,""peer"":""zeek"",""metric_type"":""counter"",""name"":""zeek_log_writer_truncated_string_fields_total"",""labels"":[""filter_name"",""module"",""path"",""stream"",""writer""],""label_values"":[""default"",""DHCP"",""dhcp"",""DHCP::LOG"",""Log::WRITER_ASCII""],""value"":0.0}",1790171974525924078,"{""ability"":""I"",""detected_level"":""S"",""filename"":""I"",""job"":""I"",""nist_control"":""I"",""service_name"":""I""}",1790171974525924078_b1744e45
"{""ability"":""target_acquisition"",""detected_level"":""unknown"",""filename"":""/opt/zeek/logs/current/telemetry.log"",""job"":""search_man"",""nist_control"":""detect"",""service_name"":""search_man""}",2026-09-23 09:59:34.525,"{""ts"":1790084856.068081,""peer"":""zeek"",""metric_type"":""counter"",""name"":""zeek_log_writer_discarded_writes_total"",""labels"":[""filter_name"",""module"",""path"",""stream"",""writer""],""label_values"":[""default"",""QUIC"",""quic"",""QUIC::LOG"",""Log::WRITER_ASCII""],""value"":0.0}",1790171974525908361,"{""ability"":""I"",""detected_level"":""S"",""filename"":""I"",""job"":""I"",""nist_control"":""I"",""service_name"":""I""}",1790171974525908361_39969020
"{""ability"":""target_acquisition"",""detected_level"":""unknown"",""filename"":""/opt/zeek/logs/current/telemetry.log"",""job"":""search_man"",""nist_control"":""detect"",""service_name"":""search_man""}",2026-09-23 09:59:34.525,"{""ts"":1790084856.068081,""peer"":""zeek"",""metric_type"":""counter"",""name"":""zeek_log_writer_discarded_writes_total"",""labels"":[""filter_name"",""module"",""path"",""stream"",""writer""],""label_values"":[""default"",""Known"",""known_hosts"",""Known::HOSTS_LOG"",""Log::WRITER_ASCII""],""value"":0.0}",1790171974525894410,"{""ability"":""I"",""detected_level"":""S"",""filename"":""I"",""job"":""I"",""nist_control"":""I"",""service_name"":""I""}",1790171974525894410_721445ef
"{""ability"":""target_acquisition"",""detected_level"":""unknown"",""filename"":""/opt/zeek/logs/current/telemetry.log"",""job"":""search_man"",""nist_control"":""detect"",""service_name"":""search_man""}",2026-09-23 09:59:34.525,"{""ts"":1790084856.068081,""peer"":""zeek"",""metric_type"":""counter"",""name"":""zeek_log_writer_discarded_writes_total"",""labels"":[""filter_name"",""module"",""path"",""stream"",""writer""],""label_values"":[""default"",""X509"",""x509"",""X509::LOG"",""Log::WRITER_ASCII""],""value"":0.0}",1790171974525835942,"{""ability"":""I"",""detected_level"":""S"",""filename"":""I"",""job"":""I"",""nist_control"":""I"",""service_name"":""I""}",1790171974525835942_5cd49d8a
"{""ability"":""target_acquisition"",""detected_level"":""unknown"",""filename"":""/opt/zeek/logs/current/telemetry.log"",""job"":""search_man"",""nist_control"":""detect"",""service_name"":""search_man""}",2026-09-23 09:59:34.525,"{""ts"":1790084856.068081,""peer"":""zeek"",""metric_type"":""counter"",""name"":""zeek_log_writer_discarded_writes_total"",""labels"":[""filter_name"",""module"",""path"",""stream"",""writer""],""label_values"":[""default"",""NTP"",""ntp"",""NTP::LOG"",""Log::WRITER_ASCII""],""value"":0.0}",1790171974525818725,"{""ability"":""I"",""detected_level"":""S"",""filename"":""I"",""job"":""I"",""nist_control"":""I"",""service_name"":""I""}",1790171974525818725_2e5aeefe
"{""ability"":""target_acquisition"",""detected_level"":""unknown"",""filename"":""/opt/zeek/logs/current/telemetry.log"",""job"":""search_man"",""nist_control"":""detect"",""service_name"":""search_man""}",2026-09-23 09:59:34.525,"{""ts"":1790084856.068081,""peer"":""zeek"",""metric_type"":""counter"",""name"":""zeek_log_writer_discarded_writes_total"",""labels"":[""filter_name"",""module"",""path"",""stream"",""writer""],""label_values"":[""default"",""SSL"",""ssl"",""SSL::LOG"",""Log::WRITER_ASCII""],""value"":0.0}",1790171974525681128,"{""ability"":""I"",""detected_level"":""S"",""filename"":""I"",""job"":""I"",""nist_control"":""I"",""service_name"":""I""}",1790171974525681128_ec893772
"{""ability"":""target_acquisition"",""detected_level"":""unknown"",""filename"":""/opt/zeek/logs/current/telemetry.log"",""job"":""search_man"",""nist_control"":""detect"",""service_name"":""search_man""}",2026-09-23 09:59:34.525,"{""ts"":1790084856.068081,""peer"":""zeek"",""metric_type"":""counter"",""name"":""zeek_log_writer_discarded_writes_total"",""labels"":[""filter_name"",""module"",""path"",""stream"",""writer""],""label_values"":[""default"",""Weird"",""weird"",""Weird::LOG"",""Log::WRITER_ASCII""],""value"":0.0}",1790171974525671861,"{""ability"":""I"",""detected_level"":""S"",""filename"":""I"",""job"":""I"",""nist_control"":""I"",""service_name"":""I""}",1790171974525671861_8958bf99
"{""ability"":""target_acquisition"",""detected_level"":""unknown"",""filename"":""/opt/zeek/logs/current/telemetry.log"",""job"":""search_man"",""nist_control"":""detect"",""service_name"":""search_man""}",2026-09-23 09:59:34.525,"{""ts"":1790084856.068081,""peer"":""zeek"",""metric_type"":""counter"",""name"":""zeek_log_writer_discarded_writes_total"",""labels"":[""filter_name"",""module"",""path"",""stream"",""writer""],""label_values"":[""default"",""CaptureLoss"",""capture_loss"",""CaptureLoss::LOG"",""Log::WRITER_ASCII""],""value"":0.0}",1790171974525666861,"{""ability"":""I"",""detected_level"":""S"",""filename"":""I"",""job"":""I"",""nist_control"":""I"",""service_name"":""I""}",1790171974525666861_4fc823c4
"{""ability"":""target_acquisition"",""detected_level"":""unknown"",""filename"":""/opt/zeek/logs/current/telemetry.log"",""job"":""search_man"",""nist_control"":""detect"",""service_name"":""search_man""}",2026-09-23 09:59:34.525,"{""ts"":1790084856.068081,""peer"":""zeek"",""metric_type"":""counter"",""name"":""zeek_log_writer_discarded_writes_total"",""labels"":[""filter_name"",""module"",""path"",""stream"",""writer""],""label_values"":[""default"",""Notice"",""notice"",""Notice::LOG"",""Log::WRITER_ASCII""],""value"":0.0}",1790171974525532653,"{""ability"":""I"",""detected_level"":""S"",""filename"":""I"",""job"":""I"",""nist_control"":""I"",""service_name"":""I""}",1790171974525532653_7588e216
"{""ability"":""target_acquisition"",""detected_level"":""unknown"",""filename"":""/opt/zeek/logs/current/telemetry.log"",""job"":""search_man"",""nist_control"":""detect"",""service_name"":""search_man""}",2026-09-23 09:59:34.525,"{""ts"":1790084856.068081,""peer"":""zeek"",""metric_type"":""counter"",""name"":""zeek_log_writer_discarded_writes_total"",""labels"":[""filter_name"",""module"",""path"",""stream"",""writer""],""label_values"":[""default"",""Conn"",""conn"",""Conn::LOG"",""Log::WRITER_ASCII""],""value"":0.0}",1790171974525522941,"{""ability"":""I"",""detected_level"":""S"",""filename"":""I"",""job"":""I"",""nist_control"":""I"",""service_name"":""I""}",1790171974525522941_8343ed50
"{""ability"":""target_acquisition"",""detected_level"":""unknown"",""filename"":""/opt/zeek/logs/current/telemetry.log"",""job"":""search_man"",""nist_control"":""detect"",""service_name"":""search_man""}",2026-09-23 09:59:34.525,"{""ts"":1790084856.068081,""peer"":""zeek"",""metric_type"":""counter"",""name"":""zeek_log_writer_discarded_writes_total"",""labels"":[""filter_name"",""module"",""path"",""stream"",""writer""],""label_values"":[""default"",""Known"",""known_services"",""Known::SERVICES_LOG"",""Log::WRITER_ASCII""],""value"":0.0}",1790171974525517682,"{""ability"":""I"",""detected_level"":""S"",""filename"":""I"",""job"":""I"",""nist_control"":""I"",""service_name"":""I""}",1790171974525517682_ef3038fb
"{""ability"":""target_acquisition"",""detected_level"":""unknown"",""filename"":""/opt/zeek/logs/current/telemetry.log"",""job"":""search_man"",""nist_control"":""detect"",""service_name"":""search_man""}",2026-09-23 09:59:34.525,"{""ts"":1790084856.068081,""peer"":""zeek"",""metric_type"":""counter"",""name"":""zeek_log_writer_discarded_writes_total"",""labels"":[""filter_name"",""module"",""path"",""stream"",""writer""],""label_values"":[""default"",""DNS"",""dns"",""DNS::LOG"",""Log::WRITER_ASCII""],""value"":0.0}",1790171974525407540,"{""ability"":""I"",""detected_level"":""S"",""filename"":""I"",""job"":""I"",""nist_control"":""I"",""service_name"":""I""}",1790171974525407540_a17031b7
"{""ability"":""target_acquisition"",""detected_level"":""unknown"",""filename"":""/opt/zeek/logs/current/telemetry.log"",""job"":""search_man"",""nist_control"":""detect"",""service_name"":""search_man""}",2026-09-23 09:59:34.525,"{""ts"":1790084856.068081,""peer"":""zeek"",""metric_type"":""counter"",""name"":""zeek_log_writer_discarded_writes_total"",""labels"":[""filter_name"",""module"",""path"",""stream"",""writer""],""label_values"":[""default"",""Stats"",""stats"",""Stats::LOG"",""Log::WRITER_ASCII""],""value"":0.0}",1790171974525398442,"{""ability"":""I"",""detected_level"":""S"",""filename"":""I"",""job"":""I"",""nist_control"":""I"",""service_name"":""I""}",1790171974525398442_37d03bd3
"{""ability"":""target_acquisition"",""detected_level"":""unknown"",""filename"":""/opt/zeek/logs/current/telemetry.log"",""job"":""search_man"",""nist_control"":""detect"",""service_name"":""search_man""}",2026-09-23 09:59:34.525,"{""ts"":1790084856.068081,""peer"":""zeek"",""metric_type"":""counter"",""name"":""zeek_log_writer_discarded_writes_total"",""labels"":[""filter_name"",""module"",""path"",""stream"",""writer""],""label_values"":[""default"",""Telemetry"",""telemetry"",""Telemetry::LOG"",""Log::WRITER_ASCII""],""value"":0.0}",1790171974525393241,"{""ability"":""I"",""detected_level"":""S"",""filename"":""I"",""job"":""I"",""nist_control"":""I"",""service_name"":""I""}",1790171974525393241_4d77c357
"{""ability"":""target_acquisition"",""detected_level"":""unknown"",""filename"":""/opt/zeek/logs/current/telemetry.log"",""job"":""search_man"",""nist_control"":""detect"",""service_name"":""search_man""}",2026-09-23 09:59:34.525,"{""ts"":1790084856.068081,""peer"":""zeek"",""metric_type"":""counter"",""name"":""zeek_log_writer_discarded_writes_total"",""labels"":[""filter_name"",""module"",""path"",""stream"",""writer""],""label_values"":[""default"",""LoadedScripts"",""loaded_scripts"",""LoadedScripts::LOG"",""Log::WRITER_ASCII""],""value"":0.0}",1790171974525165142,"{""ability"":""I"",""detected_level"":""S"",""filename"":""I"",""job"":""I"",""nist_control"":""I"",""service_name"":""I""}",1790171974525165142_2307e8c2
"{""ability"":""target_acquisition"",""detected_level"":""unknown"",""filename"":""/opt/zeek/logs/current/telemetry.log"",""job"":""search_man"",""nist_control"":""detect"",""service_name"":""search_man""}",2026-09-23 09:59:34.525,"{""ts"":1790084856.068081,""peer"":""zeek"",""metric_type"":""counter"",""name"":""zeek_log_writer_discarded_writes_total"",""labels"":[""filter_name"",""module"",""path"",""stream"",""writer""],""label_values"":[""default"",""PacketFilter"",""packet_filter"",""PacketFilter::LOG"",""Log::WRITER_ASCII""],""value"":0.0}",1790171974525149328,"{""ability"":""I"",""detected_level"":""S"",""filename"":""I"",""job"":""I"",""nist_control"":""I"",""service_name"":""I""}",1790171974525149328_8abb531
"{""ability"":""target_acquisition"",""detected_level"":""unknown"",""filename"":""/opt/zeek/logs/current/telemetry.log"",""job"":""search_man"",""nist_control"":""detect"",""service_name"":""search_man""}",2026-09-23 09:59:34.525,"{""ts"":1790084856.068081,""peer"":""zeek"",""metric_type"":""counter"",""name"":""zeek_log_writer_discarded_writes_total"",""labels"":[""filter_name"",""module"",""path"",""stream"",""writer""],""label_values"":[""default"",""DHCP"",""dhcp"",""DHCP::LOG"",""Log::WRITER_ASCII""],""value"":0.0}",1790171974525135700,"{""ability"":""I"",""detected_level"":""S"",""filename"":""I"",""job"":""I"",""nist_control"":""I"",""service_name"":""I""}",1790171974525135700_14e8f1b
"{""ability"":""target_acquisition"",""detected_level"":""unknown"",""filename"":""/opt/zeek/logs/current/telemetry.log"",""job"":""search_man"",""nist_control"":""detect"",""service_name"":""search_man""}",2026-09-23 09:59:34.525,"{""ts"":1790084856.068081,""peer"":""zeek"",""metric_type"":""counter"",""name"":""zeek_log_writer_writes_total"",""labels"":[""filter_name"",""module"",""path"",""stream"",""writer""],""label_values"":[""default"",""QUIC"",""quic"",""QUIC::LOG"",""Log::WRITER_ASCII""],""value"":118.0}",1790171974525066725,"{""ability"":""I"",""detected_level"":""S"",""filename"":""I"",""job"":""I"",""nist_control"":""I"",""service_name"":""I""}",1790171974525066725_363adce
"{""ability"":""target_acquisition"",""detected_level"":""unknown"",""filename"":""/opt/zeek/logs/current/telemetry.log"",""job"":""search_man"",""nist_control"":""detect"",""service_name"":""search_man""}",2026-09-23 09:59:34.525,"{""ts"":1790084856.068081,""peer"":""zeek"",""metric_type"":""counter"",""name"":""zeek_log_writer_writes_total"",""labels"":[""filter_name"",""module"",""path"",""stream"",""writer""],""label_values"":[""default"",""Known"",""known_hosts"",""Known::HOSTS_LOG"",""Log::WRITER_ASCII""],""value"":1.0}",1790171974525060740,"{""ability"":""I"",""detected_level"":""S"",""filename"":""I"",""job"":""I"",""nist_control"":""I"",""service_name"":""I""}",1790171974525060740_a230a6ea
"{""ability"":""target_acquisition"",""detected_level"":""unknown"",""filename"":""/opt/zeek/logs/current/telemetry.log"",""job"":""search_man"",""nist_control"":""detect"",""service_name"":""search_man""}",2026-09-23 09:59:34.524,"{""ts"":1790084856.068081,""peer"":""zeek"",""metric_type"":""counter"",""name"":""zeek_log_writer_writes_total"",""labels"":[""filter_name"",""module"",""path"",""stream"",""writer""],""label_values"":[""default"",""X509"",""x509"",""X509::LOG"",""Log::WRITER_ASCII""],""value"":2.0}",1790171974524854198,"{""ability"":""I"",""detected_level"":""S"",""filename"":""I"",""job"":""I"",""nist_control"":""I"",""service_name"":""I""}",1790171974524854198_dc499584
"{""ability"":""target_acquisition"",""detected_level"":""unknown"",""filename"":""/opt/zeek/logs/current/telemetry.log"",""job"":""search_man"",""nist_control"":""detect"",""service_name"":""search_man""}",2026-09-23 09:59:34.524,"{""ts"":1790084856.068081,""peer"":""zeek"",""metric_type"":""counter"",""name"":""zeek_log_writer_writes_total"",""labels"":[""filter_name"",""module"",""path"",""stream"",""writer""],""label_values"":[""default"",""NTP"",""ntp"",""NTP::LOG"",""Log::WRITER_ASCII""],""value"":8.0}",1790171974524841684,"{""ability"":""I"",""detected_level"":""S"",""filename"":""I"",""job"":""I"",""nist_control"":""I"",""service_name"":""I""}",1790171974524841684_b0ff6aba
"{""ability"":""target_acquisition"",""detected_level"":""unknown"",""filename"":""/opt/zeek/logs/current/telemetry.log"",""job"":""search_man"",""nist_control"":""detect"",""service_name"":""search_man""}",2026-09-23 09:59:34.524,"{""ts"":1790084856.068081,""peer"":""zeek"",""metric_type"":""counter"",""name"":""zeek_log_writer_writes_total"",""labels"":[""filter_name"",""module"",""path"",""stream"",""writer""],""label_values"":[""default"",""SSL"",""ssl"",""SSL::LOG"",""Log::WRITER_ASCII""],""value"":298.0}",1790171974524832063,"{""ability"":""I"",""detected_level"":""S"",""filename"":""I"",""job"":""I"",""nist_control"":""I"",""service_name"":""I""}",1790171974524832063_21124a83
"{""ability"":""target_acquisition"",""detected_level"":""unknown"",""filename"":""/opt/zeek/logs/current/telemetry.log"",""job"":""search_man"",""nist_control"":""detect"",""service_name"":""search_man""}",2026-09-23 09:59:34.524,"{""ts"":1790084856.068081,""peer"":""zeek"",""metric_type"":""counter"",""name"":""zeek_log_writer_writes_total"",""labels"":[""filter_name"",""module"",""path"",""stream"",""writer""],""label_values"":[""default"",""Weird"",""weird"",""Weird::LOG"",""Log::WRITER_ASCII""],""value"":6.0}",1790171974524827644,"{""ability"":""I"",""detected_level"":""S"",""filename"":""I"",""job"":""I"",""nist_control"":""I"",""service_name"":""I""}",1790171974524827644_3e42b4bb
"{""ability"":""target_acquisition"",""detected_level"":""unknown"",""filename"":""/opt/zeek/logs/current/telemetry.log"",""job"":""search_man"",""nist_control"":""detect"",""service_name"":""search_man""}",2026-09-23 09:59:34.524,"{""ts"":1790084856.068081,""peer"":""zeek"",""metric_type"":""counter"",""name"":""zeek_log_writer_writes_total"",""labels"":[""filter_name"",""module"",""path"",""stream"",""writer""],""label_values"":[""default"",""CaptureLoss"",""capture_loss"",""CaptureLoss::LOG"",""Log::WRITER_ASCII""],""value"":12.0}",1790171974524760071,"{""ability"":""I"",""detected_level"":""S"",""filename"":""I"",""job"":""I"",""nist_control"":""I"",""service_name"":""I""}",1790171974524760071_99dfa019
"{""ability"":""target_acquisition"",""detected_level"":""unknown"",""filename"":""/opt/zeek/logs/current/telemetry.log"",""job"":""search_man"",""nist_control"":""detect"",""service_name"":""search_man""}",2026-09-23 09:59:34.524,"{""ts"":1790084856.068081,""peer"":""zeek"",""metric_type"":""counter"",""name"":""zeek_log_writer_writes_total"",""labels"":[""filter_name"",""module"",""path"",""stream"",""writer""],""label_values"":[""default"",""Notice"",""notice"",""Notice::LOG"",""Log::WRITER_ASCII""],""value"":3.0}",1790171974524744996,"{""ability"":""I"",""detected_level"":""S"",""filename"":""I"",""job"":""I"",""nist_control"":""I"",""service_name"":""I""}",1790171974524744996_df438061
"{""ability"":""target_acquisition"",""detected_level"":""unknown"",""filename"":""/opt/zeek/logs/current/telemetry.log"",""job"":""search_man"",""nist_control"":""detect"",""service_name"":""search_man""}",2026-09-23 09:59:34.524,"{""ts"":1790084856.068081,""peer"":""zeek"",""metric_type"":""counter"",""name"":""zeek_log_writer_writes_total"",""labels"":[""filter_name"",""module"",""path"",""stream"",""writer""],""label_values"":[""default"",""Conn"",""conn"",""Conn::LOG"",""Log::WRITER_ASCII""],""value"":2774.0}",1790171974524732807,"{""ability"":""I"",""detected_level"":""S"",""filename"":""I"",""job"":""I"",""nist_control"":""I"",""service_name"":""I""}",1790171974524732807_99722a24
"{""ability"":""target_acquisition"",""detected_level"":""unknown"",""filename"":""/opt/zeek/logs/current/telemetry.log"",""job"":""search_man"",""nist_control"":""detect"",""service_name"":""search_man""}",2026-09-23 09:59:34.524,"{""ts"":1790084856.068081,""peer"":""zeek"",""metric_type"":""counter"",""name"":""zeek_log_writer_writes_total"",""labels"":[""filter_name"",""module"",""path"",""stream"",""writer""],""label_values"":[""default"",""Known"",""known_services"",""Known::SERVICES_LOG"",""Log::WRITER_ASCII""],""value"":2.0}",1790171974524723236,"{""ability"":""I"",""detected_level"":""S"",""filename"":""I"",""job"":""I"",""nist_control"":""I"",""service_name"":""I""}",1790171974524723236_bd570575
"{""ability"":""target_acquisition"",""detected_level"":""unknown"",""filename"":""/opt/zeek/logs/current/telemetry.log"",""job"":""search_man"",""nist_control"":""detect"",""service_name"":""search_man""}",2026-09-23 09:59:34.524,"{""ts"":1790084856.068081,""peer"":""zeek"",""metric_type"":""counter"",""name"":""zeek_log_writer_writes_total"",""labels"":[""filter_name"",""module"",""path"",""stream"",""writer""],""label_values"":[""default"",""DNS"",""dns"",""DNS::LOG"",""Log::WRITER_ASCII""],""value"":26547.0}",1790171974524718478,"{""ability"":""I"",""detected_level"":""S"",""filename"":""I"",""job"":""I"",""nist_control"":""I"",""service_name"":""I""}",1790171974524718478_c5c82f31